"transaction_id","cardholder_id","card_id","merchant_id","transaction_date","merchant_category","transaction_amount","merchant_country","entry_mode","transaction_currency"
"1","12267","14954","5948","2025-11-25","jewelry","4103.68","uk","contactless","eur"
"2","10277","14133","1323","2025-04-19","gaming","212.56","fr","wallet","gbp"
"3","16790","7308","686","2025-08-31","fuel","5420.82","fr","manual_keyed","usd"
"4","7848","15391","9103","2025-07-25","fuel","6169.53","uk","wallet","cad"
"5","2847","3787","7019","2025-01-23","travel","3782.84","uk","manual_keyed","gbp"
"6","16546","2112","8616","2025-10-29","jewelry","1002.74","br","ecommerce","cad"
"7","15828","22283","3900","2025-04-18","digital_services","3301.13","fr","contactless","gbp"
"8","16802","2027","9871","2025-01-08","jewelry","5555.38","mx","manual_keyed","cad"
"9","17179","4079","5836","2025-11-29","electronics","5130.5","fr","contactless","gbp"
"10","17435","48","12741","2025-06-04","digital_services","5835.69","de","ecommerce","usd"
"11","2660","13222","4763","2025-10-24","electronics","2884.89","ae","ecommerce","gbp"
"12","11776","394","14768","2025-07-23","gaming","3384.85","br","manual_keyed","usd"
"13","11764","4832","2537","2025-05-19","grocery","8294.45","br","manual_keyed","gbp"
"14","2617","10520","9052","2025-12-12","cash_advance","9208.03","mx","chip","cad"
"15","3136","22007","11127","2025-01-22","gaming","1792.03","us","manual_keyed","eur"
"16","12587","1378","14867","2025-03-15","gaming","2867.59","mx","contactless","cad"
"17","8155","13983","2129","2025-12-27","travel","660.94","mx","manual_keyed","gbp"
"18","13521","2576","12402","2025-07-18","cash_advance","8421.58","br","ecommerce","gbp"
"19","6799","3621","6","2025-06-09","cash_advance","4746.31","mx","chip","gbp"
"20","960","3524","2041","2025-03-18","gaming","5314.5","sg","chip","cad"
"21","673","19935","11354","2025-12-30","jewelry","4182.95","sg","manual_keyed","gbp"
"22","13690","20985","2777","2025-08-03","grocery","7593.32","us","ecommerce","gbp"
"23","6770","2936","1917","2025-08-07","cash_advance","8295.57","us","contactless","eur"
"24","9047","23271","7212","2025-01-13","electronics","4072.08","uk","chip","usd"
"25","8769","8149","14466","2025-01-22","digital_services","1990.05","br","wallet","usd"
"26","13456","18175","7623","2025-06-29","electronics","5359.13","de","wallet","gbp"
"27","11077","3295","5117","2025-02-15","travel","4054.85","uk","ecommerce","usd"
"28","5065","13504","2683","2025-10-23","electronics","5273.69","ae","chip","cad"
"29","17517","8676","7018","2025-06-02","electronics","76.49","us","manual_keyed","cad"
"30","2921","10937","14946","2025-06-20","jewelry","3102.42","mx","manual_keyed","usd"
"31","10581","17628","12034","2025-04-01","fuel","4771.47","de","chip","usd"
"32","17432","10518","14043","2025-06-18","grocery","3623.69","fr","ecommerce","eur"
"33","15034","612","8146","2025-08-13","grocery","2027.45","br","ecommerce","eur"
"34","11848","6349","8963","2025-08-14","travel","6160.72","br","chip","usd"
"35","1496","23668","4428","2025-08-20","grocery","86.23","sg","chip","gbp"
"36","2289","15602","14580","2025-03-26","grocery","4181.62","us","chip","usd"
"37","4034","5330","13905","2025-09-08","cash_advance","1614.44","mx","chip","eur"
"38","1278","2961","1659","2025-01-22","fuel","762.13","de","contactless","eur"
"39","4994","4711","6130","2025-02-12","cash_advance","1481.3","uk","chip","cad"
"40","13798","4226","6348","2025-01-21","grocery","3268.67","mx","contactless","gbp"
"41","9341","3591","7241","2025-06-12","digital_services","1712.9","br","wallet","gbp"
"42","3618","13877","11114","2025-08-07","digital_services","9279.66","ae","manual_keyed","eur"
"43","3526","8989","11257","2025-04-03","fuel","7526.64","mx","ecommerce","usd"
"44","2056","11724","12991","2025-07-08","travel","1872.89","us","chip","cad"
"45","5749","15220","11028","2025-03-11","jewelry","1522.69","uk","ecommerce","gbp"
"46","13237","14694","313","2025-10-27","travel","4206.5","de","chip","cad"
"47","14091","15211","6771","2025-09-03","fuel","5615.04","de","manual_keyed","usd"
"48","11756","23797","8617","2025-10-14","fuel","2668.69","us","contactless","eur"
"49","9095","2803","6713","2025-12-21","cash_advance","6657.0","de","ecommerce","eur"
"50","10971","6562","2939","2025-07-20","digital_services","1579.68","de","manual_keyed","eur"
"51","3254","7661","8850","2025-05-22","gaming","8701.07","ae","wallet","usd"
"52","14427","20331","12980","2025-11-30","digital_services","2313.55","ae","contactless","cad"
"53","2935","23650","8746","2025-01-31","jewelry","2288.81","ae","manual_keyed","usd"
"54","10684","18072","3131","2025-03-12","travel","268.65","mx","wallet","cad"
"55","5396","2103","7527","2025-10-11","fuel","6963.27","sg","manual_keyed","cad"
"56","13304","18366","8332","2025-11-14","jewelry","8349.54","ae","wallet","gbp"
"57","5293","9105","2424","2025-07-25","fuel","1451.38","fr","contactless","usd"
"58","8856","18822","2026","2025-09-06","fuel","7547.01","de","contactless","eur"
"59","13821","5168","2767","2025-08-22","cash_advance","5632.55","fr","contactless","eur"
"60","15220","3854","11294","2025-03-20","gaming","8882.74","sg","ecommerce","gbp"
"61","10924","22478","3361","2025-05-11","gaming","4953.5","ae","chip","cad"
"62","13642","23802","5142","2025-03-23","electronics","5023.95","fr","manual_keyed","gbp"
"63","8076","8471","1174","2025-04-18","fuel","9247.09","uk","chip","gbp"
"64","7968","6688","8456","2025-03-02","travel","2100.94","us","ecommerce","cad"
"65","12030","3455","8813","2025-07-06","digital_services","1551.34","ae","contactless","eur"
"66","9626","22902","4280","2025-02-07","electronics","3167.51","uk","ecommerce","usd"
"67","8644","22896","11620","2025-02-09","electronics","1426.6","de","chip","eur"
"68","5575","14544","3550","2025-09-04","cash_advance","3745.71","mx","contactless","cad"
"69","15154","24004","8966","2025-10-17","jewelry","7028.19","fr","contactless","usd"
"70","12486","19070","3997","2025-04-03","cash_advance","8299.03","de","chip","cad"
"71","11114","19259","2777","2025-07-11","gaming","1972.7","br","wallet","cad"
"72","16995","23575","67","2025-01-07","gaming","3371.14","mx","wallet","gbp"
"73","9605","5980","3119","2025-10-26","digital_services","3394.66","mx","contactless","eur"
"74","5716","23450","4811","2025-10-18","electronics","2648.86","fr","chip","cad"
"75","12485","4389","8526","2025-03-29","fuel","7256.35","br","wallet","usd"
"76","1395","21378","8344","2025-03-16","fuel","4485.01","de","manual_keyed","gbp"
"77","6110","22442","8299","2025-12-17","digital_services","733.78","sg","wallet","eur"
"78","10060","15004","12523","2025-04-23","digital_services","367.73","uk","wallet","gbp"
"79","17195","3005","9169","2025-08-04","digital_services","8377.97","sg","contactless","gbp"
"80","9053","6907","5316","2025-07-17","electronics","8404.31","mx","chip","usd"
"81","763","22063","846","2025-08-25","fuel","484.52","de","contactless","eur"
"82","6664","6868","14844","2025-05-11","digital_services","1901.15","sg","chip","usd"
"83","5907","8797","11396","2025-03-03","travel","6626.13","ae","chip","gbp"
"84","14490","6331","14982","2025-05-16","cash_advance","5123.17","uk","wallet","gbp"
"85","15185","18593","11919","2025-12-24","cash_advance","111.41","uk","chip","cad"
"86","12410","7131","2525","2025-07-20","electronics","4917.82","us","ecommerce","cad"
"87","1117","13778","9161","2025-05-25","fuel","4838.6","fr","wallet","gbp"
"88","2154","13339","2061","2025-05-16","electronics","4639.04","ae","chip","eur"
"89","4358","9209","8658","2025-09-01","cash_advance","1567.3","us","ecommerce","eur"
"90","9546","9038","4928","2025-02-03","jewelry","3924.19","uk","contactless","eur"
"91","14055","17823","11740","2025-08-02","gaming","5410.78","uk","wallet","cad"
"92","780","17169","1375","2025-03-21","jewelry","8370.2","fr","ecommerce","gbp"
"93","16388","16137","4770","2025-08-02","cash_advance","6549.93","sg","manual_keyed","eur"
"94","10033","13075","8246","2025-06-06","grocery","695.45","br","contactless","eur"
"95","1193","2023","4736","2025-08-29","electronics","9035.14","mx","chip","cad"
"96","866","5663","14837","2025-11-22","fuel","7737.26","us","wallet","eur"
"97","7984","2344","6847","2025-10-28","electronics","3803.05","ae","chip","cad"
"98","11880","3270","4880","2025-09-01","fuel","7614.27","mx","contactless","gbp"
"99","466","13813","13806","2025-11-26","electronics","6555.61","us","contactless","cad"
"100","4887","18845","4883","2025-03-11","electronics","6965.91","ae","chip","eur"
"101","4193","12035","11278","2025-02-25","electronics","2124.38","de","chip","usd"
"102","2558","22656","13696","2025-04-17","cash_advance","6892.53","ae","contactless","usd"
"103","304","21020","3702","2025-07-09","grocery","9239.42","ae","contactless","usd"
"104","1969","19753","4713","2025-02-11","fuel","6564.32","mx","manual_keyed","usd"
"105","830","24291","9400","2025-02-23","fuel","4545.12","mx","manual_keyed","usd"
"106","15388","10294","4883","2025-04-22","gaming","6800.75","sg","wallet","cad"
"107","7641","23338","6477","2025-03-13","jewelry","6087.36","mx","manual_keyed","eur"
"108","9939","7496","5082","2025-05-31","cash_advance","8566.43","fr","manual_keyed","gbp"
"109","8286","291","6463","2025-11-16","gaming","7444.12","br","ecommerce","eur"
"110","7745","7295","6894","2025-08-14","travel","6562.51","mx","wallet","cad"
"111","1637","7492","13084","2025-06-25","electronics","2557.26","de","manual_keyed","gbp"
"112","11751","4461","5724","2025-02-10","fuel","6960.42","de","contactless","cad"
"113","374","5264","375","2025-04-20","electronics","4282.54","us","chip","cad"
"114","497","529","8763","2025-07-20","travel","5532.13","uk","ecommerce","gbp"
"115","17893","16103","12889","2025-11-24","travel","8561.06","ae","contactless","usd"
"116","6789","113","12021","2025-10-12","grocery","4836.09","fr","contactless","cad"
"117","14382","12445","6005","2025-12-29","grocery","2695.17","ae","wallet","usd"
"118","16585","23706","7030","2025-12-28","grocery","1741.73","us","contactless","usd"
"119","6078","7027","4107","2025-11-18","electronics","8513.09","de","wallet","gbp"
"120","9964","17239","1394","2025-01-18","gaming","3465.95","br","ecommerce","usd"
"121","7536","7683","6345","2025-05-18","grocery","4796.91","de","ecommerce","eur"
"122","1835","659","7411","2025-07-21","travel","5534.42","ae","ecommerce","usd"
"123","5512","12527","11066","2025-09-14","grocery","9350.39","ae","chip","gbp"
"124","4443","19772","9350","2025-05-19","grocery","8593.0","br","chip","cad"
"125","10734","3372","719","2025-11-14","digital_services","6577.58","mx","contactless","usd"
"126","10552","16942","12540","2025-03-01","grocery","6494.07","us","wallet","cad"
"127","9685","22598","4933","2025-12-31","gaming","891.38","uk","contactless","eur"
"128","1705","8002","3942","2025-09-15","grocery","8921.87","sg","chip","cad"
"129","9313","10289","8925","2025-08-10","digital_services","8477.64","ae","wallet","usd"
"130","11793","19319","2082","2025-12-20","jewelry","7885.11","ae","wallet","eur"
"131","6979","7815","6592","2025-01-07","travel","8412.53","br","manual_keyed","usd"
"132","2538","23955","11723","2025-02-18","jewelry","7996.01","mx","contactless","cad"
"133","6821","4584","12556","2025-10-07","jewelry","1216.04","br","manual_keyed","gbp"
"134","4569","3564","12218","2025-01-26","fuel","3392.59","fr","manual_keyed","cad"
"135","10563","4096","8665","2025-06-12","jewelry","6322.51","us","contactless","eur"
"136","1382","21114","9679","2025-05-29","digital_services","3588.54","ae","manual_keyed","usd"
"137","5976","2806","3374","2025-10-07","fuel","3615.46","uk","manual_keyed","usd"
"138","16691","3518","10252","2025-09-06","digital_services","1160.01","ae","manual_keyed","cad"
"139","1025","14691","3654","2025-05-14","gaming","4957.36","ae","manual_keyed","cad"
"140","2417","11544","7202","2025-02-15","electronics","4329.85","de","wallet","usd"
"141","15185","13696","10342","2025-05-31","gaming","3053.6","us","chip","gbp"
"142","10864","3869","12150","2025-07-29","fuel","2971.27","br","chip","gbp"
"143","15391","156","1794","2025-06-11","cash_advance","3448.9","fr","manual_keyed","gbp"
"144","15307","8068","10026","2025-07-03","electronics","4654.41","ae","ecommerce","eur"
"145","11122","19986","12533","2025-12-25","gaming","5389.57","mx","wallet","cad"
"146","6747","3518","11314","2025-12-16","cash_advance","4225.03","br","contactless","gbp"
"147","13475","16660","7094","2025-12-12","cash_advance","1191.4","br","ecommerce","gbp"
"148","11525","19755","2580","2025-05-19","digital_services","7499.47","de","manual_keyed","eur"
"149","11216","10179","2135","2025-02-07","grocery","2389.32","uk","wallet","cad"
"150","1087","18628","6820","2025-02-08","electronics","2462.25","uk","manual_keyed","gbp"
"151","4899","14911","583","2025-07-31","travel","9484.48","de","chip","usd"
"152","3267","7597","1282","2025-09-24","cash_advance","6247.25","de","contactless","usd"
"153","17003","23768","14387","2025-12-26","travel","9235.06","uk","contactless","eur"
"154","3303","9964","2505","2025-12-27","jewelry","3902.92","ae","chip","cad"
"155","4113","13087","170","2025-04-02","travel","7164.46","ae","wallet","usd"
"156","419","19207","12097","2025-06-10","cash_advance","9436.9","us","wallet","usd"
"157","10621","4740","8187","2025-09-02","electronics","7600.3","ae","wallet","cad"
"158","9925","444","11301","2025-09-28","gaming","4427.46","de","chip","gbp"
"159","12241","13672","1035","2025-02-04","jewelry","2989.57","us","manual_keyed","gbp"
"160","17674","16280","4277","2025-07-06","electronics","1062.33","us","manual_keyed","gbp"
"161","9609","6068","4563","2025-10-21","fuel","5905.26","br","manual_keyed","eur"
"162","10694","18948","14677","2025-12-30","digital_services","213.3","us","chip","cad"
"163","1685","19615","14432","2025-02-21","electronics","1567.04","de","manual_keyed","usd"
"164","15468","10600","5348","2025-06-07","digital_services","7138.31","sg","chip","gbp"
"165","3449","11458","11295","2025-02-25","electronics","3656.92","fr","chip","eur"
"166","739","5435","10635","2025-11-30","travel","9028.61","fr","manual_keyed","cad"
"167","14922","10873","79","2025-03-10","travel","6052.71","ae","manual_keyed","gbp"
"168","1165","17571","2386","2025-07-29","travel","4678.51","de","ecommerce","cad"
"169","5328","5703","7911","2025-08-29","fuel","6586.5","mx","manual_keyed","eur"
"170","3329","7676","1021","2025-02-03","gaming","1249.73","us","ecommerce","usd"
"171","9977","14435","11399","2025-06-11","travel","209.46","de","chip","cad"
"172","3726","20527","14573","2025-04-17","fuel","5015.48","ae","wallet","eur"
"173","14405","15592","13299","2025-10-16","cash_advance","8283.58","fr","ecommerce","eur"
"174","15040","6680","1325","2025-12-18","digital_services","452.83","ae","contactless","usd"
"175","5065","5437","7954","2025-07-16","electronics","9191.42","us","ecommerce","usd"
"176","16350","21238","6876","2025-06-25","electronics","5153.88","br","manual_keyed","gbp"
"177","7590","9648","14775","2025-05-23","fuel","7318.95","de","wallet","gbp"
"178","9045","324","2614","2025-07-25","cash_advance","5498.15","sg","wallet","gbp"
"179","12492","22865","7357","2025-08-02","fuel","401.12","mx","ecommerce","usd"
"180","9242","4354","9096","2025-10-15","fuel","1936.29","ae","chip","eur"
"181","12542","23768","8348","2025-11-15","fuel","9057.62","uk","manual_keyed","eur"
"182","7710","2313","6527","2025-04-07","fuel","3169.43","ae","contactless","cad"
"183","2699","3448","4546","2025-04-18","travel","7435.51","sg","wallet","usd"
"184","12053","16686","2459","2025-12-13","jewelry","2587.78","br","manual_keyed","usd"
"185","7751","6389","12325","2025-11-02","jewelry","851.49","us","wallet","usd"
"186","16801","9185","8186","2025-04-08","grocery","5910.84","mx","contactless","gbp"
"187","12471","14613","5720","2025-03-10","digital_services","1287.47","sg","contactless","usd"
"188","9949","15770","7395","2025-04-01","jewelry","7110.93","us","wallet","gbp"
"189","1646","23579","4379","2025-06-30","grocery","350.59","sg","ecommerce","gbp"
"190","16182","9345","4719","2025-09-30","jewelry","6323.79","mx","wallet","eur"
"191","10742","15447","4462","2025-04-05","fuel","4493.49","sg","contactless","usd"
"192","8199","6886","7222","2025-03-31","cash_advance","9204.77","mx","manual_keyed","eur"
"193","15805","18474","7977","2025-02-08","travel","6200.25","mx","ecommerce","cad"
"194","15920","5618","8401","2025-02-13","travel","6642.37","mx","ecommerce","cad"
"195","13921","13391","4356","2025-11-08","cash_advance","4217.99","de","wallet","cad"
"196","3493","7069","1778","2025-07-08","grocery","2813.48","mx","contactless","usd"
"197","17427","9751","14365","2025-10-10","digital_services","957.92","fr","wallet","usd"
"198","17900","20332","7431","2025-05-18","electronics","5246.84","de","ecommerce","usd"
"199","11717","10817","6045","2025-08-04","grocery","1120.77","ae","manual_keyed","gbp"
"200","13130","14046","1667","2025-03-01","digital_services","2336.58","us","chip","eur"
"201","13563","1645","3259","2025-12-30","jewelry","6069.7","fr","chip","eur"
"202","8035","19793","14012","2025-07-24","grocery","726.14","fr","contactless","gbp"
"203","5775","4534","5075","2025-10-11","fuel","8957.49","uk","contactless","eur"
"204","4986","14645","10557","2025-11-27","electronics","5311.43","sg","wallet","eur"
"205","7532","6559","2100","2025-02-15","gaming","6160.81","ae","chip","cad"
"206","14002","9236","7987","2025-06-27","digital_services","2786.01","ae","wallet","eur"
"207","2586","13994","9392","2025-06-14","grocery","5523.0","de","contactless","gbp"
"208","2893","2720","12000","2025-09-26","grocery","2754.35","de","chip","usd"
"209","15775","5827","13947","2025-06-22","jewelry","661.37","br","contactless","cad"
"210","8731","18830","11015","2025-12-18","electronics","8960.47","de","ecommerce","eur"
"211","5867","8921","10691","2025-07-30","cash_advance","5790.48","uk","contactless","gbp"
"212","6016","4972","2113","2025-04-20","travel","7249.18","br","chip","cad"
"213","1514","17257","5970","2025-03-26","gaming","3654.27","fr","chip","usd"
"214","1490","14148","10543","2025-03-28","grocery","5066.49","sg","manual_keyed","usd"
"215","17594","2285","5848","2025-06-07","cash_advance","7279.49","mx","ecommerce","gbp"
"216","5266","23428","11753","2025-01-20","digital_services","2046.71","de","chip","cad"
"217","9703","2557","13808","2025-04-02","cash_advance","922.13","fr","manual_keyed","cad"
"218","16192","16208","9348","2025-01-24","gaming","8624.37","fr","chip","cad"
"219","8877","8364","14152","2025-12-18","cash_advance","2348.96","uk","contactless","usd"
"220","11210","13262","4563","2025-01-12","fuel","4990.7","mx","ecommerce","cad"
"221","12041","6002","13490","2025-12-19","jewelry","4141.49","uk","manual_keyed","gbp"
"222","16481","21681","2399","2025-09-27","digital_services","7382.81","sg","wallet","eur"
"223","17335","23567","13005","2025-10-11","travel","4406.79","uk","wallet","eur"
"224","7491","19550","3530","2025-03-20","electronics","6509.63","mx","chip","eur"
"225","3806","23369","728","2025-04-17","grocery","7155.52","fr","chip","usd"
"226","360","2630","9902","2025-12-30","gaming","5530.01","uk","chip","usd"
"227","16926","14339","13642","2025-04-23","travel","8398.74","ae","manual_keyed","cad"
"228","13568","4657","10123","2025-05-05","gaming","3031.79","mx","contactless","cad"
"229","6306","15639","2285","2025-08-06","jewelry","7680.74","fr","chip","cad"
"230","7242","17043","5764","2025-11-14","gaming","4751.19","uk","ecommerce","gbp"
"231","14698","12661","11894","2025-07-24","gaming","7412.85","us","manual_keyed","usd"
"232","8420","4407","1529","2025-04-16","jewelry","3983.09","ae","chip","cad"
"233","11088","17082","11369","2025-01-04","cash_advance","5078.12","uk","wallet","gbp"
"234","15491","20038","6643","2025-11-21","digital_services","6754.09","us","ecommerce","cad"
"235","16931","3685","13667","2025-11-09","travel","560.32","ae","chip","gbp"
"236","17879","12448","2819","2025-11-08","fuel","2894.38","de","contactless","gbp"
"237","16538","13822","9365","2025-12-25","cash_advance","5562.13","mx","ecommerce","gbp"
"238","1325","10438","742","2025-12-23","fuel","3036.87","br","ecommerce","usd"
"239","10289","12787","6645","2025-11-17","jewelry","4283.22","br","contactless","cad"
"240","4375","2586","1812","2025-11-09","electronics","6746.62","de","contactless","eur"
"241","3052","18303","9969","2025-05-26","digital_services","6466.71","br","manual_keyed","eur"
"242","2096","2466","4654","2025-04-29","jewelry","3010.05","ae","ecommerce","cad"
"243","17188","1654","1036","2025-05-31","cash_advance","2806.57","uk","chip","gbp"
"244","15466","437","11921","2025-02-25","jewelry","7579.69","de","ecommerce","eur"
"245","6764","22636","4815","2025-02-08","electronics","1157.17","ae","manual_keyed","eur"
"246","6844","20495","6485","2025-01-10","cash_advance","6824.58","ae","wallet","usd"
"247","16859","6202","13256","2025-03-03","travel","8964.98","fr","contactless","gbp"
"248","15785","8158","2354","2025-06-08","fuel","3782.77","sg","wallet","cad"
"249","4491","18287","11223","2025-02-14","fuel","6839.24","us","contactless","usd"
"250","1827","22013","7322","2025-09-13","jewelry","354.49","us","contactless","gbp"
"251","429","22896","1304","2025-01-02","grocery","1894.89","uk","wallet","eur"
"252","15043","17974","18","2025-10-01","fuel","3705.53","us","chip","gbp"
"253","606","5331","73","2025-06-01","fuel","935.04","ae","chip","usd"
"254","28","21552","4072","2025-01-01","electronics","6263.61","de","chip","usd"
"255","1692","17361","14670","2025-02-15","gaming","540.33","us","manual_keyed","usd"
"256","13977","13005","10924","2025-08-29","gaming","8002.22","fr","ecommerce","usd"
"257","13808","4475","6280","2025-12-02","digital_services","5062.12","mx","contactless","gbp"
"258","11188","15644","12989","2025-10-14","fuel","6686.94","uk","ecommerce","gbp"
"259","2216","10524","4159","2025-05-14","electronics","1402.05","sg","ecommerce","usd"
"260","5620","23858","1843","2025-06-08","cash_advance","9074.88","ae","wallet","cad"
"261","10753","22019","4888","2025-06-26","cash_advance","3223.15","de","manual_keyed","gbp"
"262","16360","23570","3143","2025-12-01","travel","9108.72","fr","ecommerce","usd"
"263","16607","17346","57","2025-08-03","grocery","6177.11","br","chip","gbp"
"264","1918","12452","9791","2025-06-13","grocery","6039.33","uk","wallet","gbp"
"265","9030","15619","2940","2025-02-06","digital_services","1402.93","de","contactless","gbp"
"266","15680","2713","4996","2025-09-27","travel","1593.84","ae","manual_keyed","gbp"
"267","13944","14563","4905","2025-11-21","digital_services","5878.18","br","ecommerce","gbp"
"268","16946","15094","9870","2025-02-05","digital_services","7126.89","mx","contactless","cad"
"269","337","21742","11280","2025-03-26","cash_advance","567.9","ae","manual_keyed","cad"
"270","14828","4799","4592","2025-11-12","jewelry","8674.36","de","manual_keyed","eur"
"271","13711","21297","12052","2025-07-03","jewelry","712.93","fr","wallet","gbp"
"272","7275","10650","13038","2025-10-29","digital_services","3284.75","mx","contactless","usd"
"273","17492","15651","1201","2025-09-27","electronics","5862.14","uk","contactless","eur"
"274","15257","2911","1313","2025-07-08","electronics","5922.97","br","contactless","gbp"
"275","14041","2848","9862","2025-03-17","fuel","4827.99","de","contactless","cad"
"276","6250","3100","1597","2025-12-03","electronics","3940.0","ae","wallet","usd"
"277","17880","24080","304","2025-02-25","cash_advance","6955.57","mx","wallet","usd"
"278","16363","19660","3929","2025-12-15","gaming","7388.12","de","chip","eur"
"279","5094","22248","12916","2025-08-13","jewelry","2149.45","mx","chip","gbp"
"280","7880","19356","3156","2025-01-07","cash_advance","7536.77","sg","chip","usd"
"281","16377","18356","243","2025-04-25","jewelry","5975.09","de","contactless","gbp"
"282","17176","18332","242","2025-03-24","cash_advance","8028.19","br","wallet","cad"
"283","5453","14166","6027","2025-09-22","cash_advance","1582.42","uk","chip","cad"
"284","3341","17351","7354","2025-08-17","fuel","5006.17","ae","ecommerce","gbp"
"285","1638","3769","3104","2025-11-26","travel","6760.35","fr","manual_keyed","usd"
"286","16412","2550","10542","2025-09-06","gaming","5964.22","sg","manual_keyed","eur"
"287","16363","13454","6195","2025-11-29","grocery","8501.89","us","manual_keyed","usd"
"288","5794","11270","7745","2025-09-14","gaming","5898.69","uk","ecommerce","eur"
"289","1173","14967","10535","2025-11-03","digital_services","74.9","uk","contactless","cad"
"290","6658","4235","10399","2025-08-24","gaming","1334.27","us","chip","usd"
"291","2560","7279","13613","2025-03-25","digital_services","2559.84","de","chip","eur"
"292","4124","13255","10615","2025-07-24","travel","6304.41","ae","contactless","usd"
"293","11842","23860","5839","2025-04-16","grocery","4512.18","us","chip","cad"
"294","16345","7729","1374","2025-02-03","digital_services","8962.33","us","ecommerce","cad"
"295","16114","20247","381","2025-11-07","gaming","5850.75","ae","ecommerce","usd"
"296","1049","19751","9800","2025-07-16","jewelry","4006.76","fr","ecommerce","eur"
"297","14872","11696","13406","2025-11-10","fuel","7708.88","uk","ecommerce","eur"
"298","5999","6195","9923","2025-08-07","cash_advance","4191.35","fr","contactless","gbp"
"299","14818","23742","7398","2025-09-09","gaming","8602.69","uk","contactless","usd"
"300","17760","12520","6068","2025-09-26","gaming","8812.44","de","wallet","gbp"
"301","5657","3406","8963","2025-02-08","electronics","1616.61","br","wallet","usd"
"302","15594","4345","2912","2025-10-29","travel","1500.14","mx","chip","cad"
"303","10126","23349","13981","2025-05-14","travel","7666.25","mx","manual_keyed","cad"
"304","13988","3534","10473","2025-01-14","jewelry","2739.44","ae","ecommerce","eur"
"305","10902","11912","12316","2025-02-21","grocery","4952.19","us","manual_keyed","eur"
"306","17381","483","5713","2025-05-09","grocery","7207.64","br","contactless","gbp"
"307","15215","5237","3673","2025-06-19","jewelry","904.25","fr","manual_keyed","usd"
"308","7176","23169","9885","2025-08-31","fuel","1616.84","mx","wallet","cad"
"309","9586","13381","6127","2025-08-10","digital_services","6359.2","uk","wallet","usd"
"310","3273","17029","11092","2025-03-21","electronics","3784.29","us","contactless","cad"
"311","13409","18848","10627","2025-07-27","electronics","5103.57","ae","ecommerce","usd"
"312","4220","8319","5027","2025-05-21","electronics","2424.32","br","ecommerce","cad"
"313","14263","19767","10515","2025-08-23","fuel","7719.83","sg","manual_keyed","gbp"
"314","1608","11559","14155","2025-03-14","digital_services","8285.69","ae","wallet","usd"
"315","1239","17499","11256","2025-08-18","fuel","5128.73","mx","contactless","gbp"
"316","8919","22629","1457","2025-02-26","grocery","496.45","ae","wallet","usd"
"317","5708","5614","8670","2025-06-21","jewelry","2522.93","ae","ecommerce","gbp"
"318","7353","3334","1479","2025-09-30","fuel","187.19","mx","chip","cad"
"319","12461","13690","2321","2025-02-03","cash_advance","6574.14","de","chip","gbp"
"320","16227","16673","6468","2025-05-13","jewelry","480.56","fr","chip","gbp"
"321","8740","8071","11459","2025-02-26","electronics","4469.07","us","manual_keyed","gbp"
"322","4612","8350","3870","2025-12-21","grocery","4187.79","sg","wallet","cad"
"323","10135","16467","2625","2025-05-07","fuel","1782.78","ae","wallet","cad"
"324","11483","2279","12990","2025-10-16","gaming","5585.02","fr","ecommerce","cad"
"325","8498","11633","14043","2025-09-20","electronics","4007.42","sg","manual_keyed","gbp"
"326","17296","21255","3709","2025-01-22","cash_advance","371.7","ae","wallet","eur"
"327","9375","21524","10639","2025-01-14","digital_services","6199.89","us","chip","cad"
"328","14927","23591","14098","2025-08-01","travel","156.27","ae","manual_keyed","gbp"
"329","12600","9491","5962","2025-07-14","travel","6723.72","ae","chip","gbp"
"330","6655","7161","5628","2025-08-31","electronics","1357.57","mx","contactless","eur"
"331","10004","5699","1213","2025-12-26","grocery","4451.49","us","chip","eur"
"332","178","14832","1428","2025-04-06","cash_advance","6937.12","mx","chip","cad"
"333","245","1157","9094","2025-07-09","fuel","5895.01","sg","manual_keyed","usd"
"334","11049","11601","12950","2025-08-28","gaming","4817.75","uk","wallet","usd"
"335","924","19785","5541","2025-03-16","digital_services","3751.71","de","manual_keyed","usd"
"336","15774","4712","10991","2025-02-01","grocery","8550.76","sg","wallet","cad"
"337","13476","4968","13343","2025-12-18","grocery","526.46","br","chip","gbp"
"338","11228","4793","274","2025-07-24","electronics","3523.47","us","ecommerce","gbp"
"339","13337","19768","5433","2025-01-31","electronics","3715.41","de","ecommerce","eur"
"340","6678","22382","190","2025-03-26","cash_advance","1441.8","ae","contactless","cad"
"341","7332","4868","8736","2025-05-08","electronics","2212.41","mx","ecommerce","cad"
"342","7889","9418","3732","2025-05-25","jewelry","6905.3","ae","chip","cad"
"343","1759","2339","11676","2025-09-17","cash_advance","8421.54","uk","manual_keyed","gbp"
"344","16429","23835","8490","2025-03-03","gaming","2778.64","ae","ecommerce","cad"
"345","1967","17364","12849","2025-08-20","cash_advance","5735.86","mx","manual_keyed","eur"
"346","10933","19311","12252","2025-11-07","cash_advance","5275.28","ae","chip","cad"
"347","2710","6611","9580","2025-12-03","cash_advance","4363.72","ae","wallet","gbp"
"348","12843","3904","4378","2025-11-08","cash_advance","2111.34","mx","wallet","eur"
"349","11180","10989","6515","2025-12-09","grocery","8389.58","ae","wallet","usd"
"350","16406","15366","4240","2025-10-14","gaming","5375.72","mx","manual_keyed","gbp"
"351","11573","10665","4018","2025-07-04","gaming","1103.04","fr","chip","usd"
"352","9292","23064","4326","2025-04-29","cash_advance","2843.8","uk","manual_keyed","eur"
"353","7533","2271","6694","2025-04-03","digital_services","3934.86","de","manual_keyed","gbp"
"354","8190","2308","5078","2025-05-20","travel","2214.1","br","chip","usd"
"355","2648","12323","9305","2025-06-03","grocery","1306.78","us","manual_keyed","eur"
"356","11398","1852","12263","2025-08-31","electronics","6428.04","de","wallet","usd"
"357","8525","21467","11248","2025-07-14","fuel","4848.83","fr","ecommerce","cad"
"358","10473","20468","8675","2025-05-17","jewelry","4412.48","uk","chip","usd"
"359","10152","7491","12259","2025-01-13","gaming","6627.3","mx","wallet","eur"
"360","16021","1092","14847","2025-04-10","digital_services","3451.85","fr","manual_keyed","cad"
"361","4769","19087","1544","2025-08-09","travel","1474.14","us","chip","gbp"
"362","2908","18996","9105","2025-04-19","gaming","8467.49","br","manual_keyed","cad"
"363","11479","15777","9223","2025-03-17","digital_services","7056.69","br","chip","usd"
"364","8252","10272","9870","2025-06-22","cash_advance","1698.57","de","wallet","eur"
"365","12185","8054","6051","2025-03-06","digital_services","978.97","fr","ecommerce","gbp"
"366","8482","2812","14207","2025-05-14","electronics","5940.59","us","chip","usd"
"367","8170","10942","7758","2025-05-07","grocery","3730.72","ae","manual_keyed","gbp"
"368","6500","354","10243","2025-01-17","digital_services","3055.58","mx","wallet","gbp"
"369","7125","4318","3367","2025-11-28","digital_services","4298.36","uk","ecommerce","gbp"
"370","2841","10571","6928","2025-06-28","travel","1972.11","fr","manual_keyed","eur"
"371","16297","3358","3839","2025-09-23","gaming","6199.38","ae","ecommerce","gbp"
"372","8284","10471","2967","2025-09-28","electronics","1462.63","ae","ecommerce","gbp"
"373","1044","17944","10319","2025-10-01","fuel","6401.68","mx","contactless","gbp"
"374","17289","12101","6511","2025-09-10","jewelry","3403.2","sg","manual_keyed","eur"
"375","527","137","1022","2025-10-23","travel","9306.82","us","chip","eur"
"376","6679","15998","5031","2025-02-23","gaming","1562.88","br","chip","cad"
"377","5224","21166","5987","2025-02-28","cash_advance","300.43","sg","contactless","cad"
"378","16236","13607","14675","2025-02-11","grocery","7807.53","us","manual_keyed","usd"
"379","7229","1239","11894","2025-02-26","gaming","6693.44","fr","manual_keyed","eur"
"380","17474","4613","4106","2025-01-22","cash_advance","6345.57","us","wallet","gbp"
"381","16008","7088","1220","2025-04-21","jewelry","9382.58","sg","manual_keyed","cad"
"382","4753","2992","4942","2025-12-01","grocery","4307.78","de","contactless","gbp"
"383","3960","16845","6781","2025-10-20","travel","4196.14","us","chip","eur"
"384","5659","3530","10050","2025-07-22","jewelry","5066.54","fr","ecommerce","gbp"
"385","4900","22198","1363","2025-07-21","electronics","7772.22","de","wallet","gbp"
"386","11005","7829","6765","2025-03-15","jewelry","7918.77","sg","manual_keyed","usd"
"387","4525","5078","6409","2025-10-14","jewelry","2848.15","de","wallet","eur"
"388","8410","1005","2932","2025-11-13","grocery","7286.97","us","contactless","usd"
"389","16412","20260","10468","2025-02-12","jewelry","9216.07","uk","chip","eur"
"390","13016","24278","9582","2025-06-28","gaming","7927.96","uk","chip","gbp"
"391","952","17801","13408","2025-02-01","electronics","8090.26","us","contactless","gbp"
"392","7874","6708","11708","2025-07-29","electronics","6390.66","br","ecommerce","eur"
"393","13776","6250","9453","2025-10-28","jewelry","7995.19","fr","chip","eur"
"394","10861","16199","3667","2025-10-23","digital_services","1121.87","us","wallet","eur"
"395","9429","18393","14794","2025-01-04","gaming","458.17","mx","ecommerce","gbp"
"396","9530","17948","42","2025-01-29","cash_advance","1410.09","uk","chip","cad"
"397","1445","18039","10271","2025-11-18","jewelry","6222.23","us","contactless","gbp"
"398","11578","19565","5489","2025-09-21","cash_advance","1368.73","de","manual_keyed","cad"
"399","16442","3253","2851","2025-04-28","digital_services","1344.68","ae","ecommerce","gbp"
"400","3533","14875","14320","2025-07-27","electronics","6957.26","sg","manual_keyed","eur"
"401","2159","24204","9209","2025-05-01","cash_advance","2882.11","fr","ecommerce","usd"
"402","14840","20679","3636","2025-11-07","fuel","6865.86","ae","contactless","eur"
"403","704","4370","14578","2025-05-23","travel","1380.54","uk","ecommerce","usd"
"404","16675","6923","8128","2025-12-08","gaming","7154.96","uk","chip","eur"
"405","14616","6504","6707","2025-01-17","electronics","928.55","us","manual_keyed","cad"
"406","11912","19082","3795","2025-11-03","electronics","1923.23","br","ecommerce","eur"
"407","16651","3994","4034","2025-09-17","fuel","7154.48","uk","manual_keyed","cad"
"408","13850","13665","12380","2025-08-12","travel","1674.04","mx","chip","gbp"
"409","12479","3925","14859","2025-01-16","fuel","1999.65","ae","contactless","gbp"
"410","5652","22800","398","2025-02-28","digital_services","6838.77","mx","manual_keyed","usd"
"411","651","15571","3765","2025-11-13","gaming","8930.74","uk","ecommerce","gbp"
"412","8515","15077","2688","2025-03-10","cash_advance","7492.53","ae","wallet","usd"
"413","5127","12013","12137","2025-06-08","gaming","1519.15","uk","ecommerce","eur"
"414","363","18616","2907","2025-09-13","fuel","1415.51","sg","ecommerce","gbp"
"415","17268","13783","13864","2025-08-01","digital_services","5769.04","fr","wallet","eur"
"416","8419","10011","4736","2025-09-04","cash_advance","3374.56","sg","wallet","cad"
"417","11565","5733","8920","2025-08-16","fuel","3761.23","fr","wallet","usd"
"418","10133","17023","1898","2025-07-06","jewelry","1382.83","de","ecommerce","eur"
"419","9614","11368","904","2025-01-31","cash_advance","1733.86","ae","manual_keyed","eur"
"420","4337","7","1748","2025-12-31","jewelry","9194.81","uk","ecommerce","cad"
"421","11732","13573","10738","2025-08-31","digital_services","3923.18","br","chip","cad"
"422","14286","15094","5047","2025-12-08","fuel","7591.31","uk","manual_keyed","eur"
"423","3200","10654","5334","2025-02-02","grocery","1677.35","de","wallet","usd"
"424","10906","23795","4854","2025-12-31","jewelry","2650.21","mx","chip","eur"
"425","14073","2168","2037","2025-02-18","cash_advance","4933.59","br","contactless","usd"
"426","2648","3094","6477","2025-02-24","gaming","6436.93","fr","chip","cad"
"427","2312","15076","3059","2025-01-13","digital_services","3367.97","fr","wallet","gbp"
"428","6582","17117","7412","2025-09-14","cash_advance","8773.31","ae","wallet","gbp"
"429","12793","5606","3111","2025-11-30","travel","3336.18","us","contactless","cad"
"430","5757","15518","8382","2025-12-25","grocery","9258.64","de","ecommerce","eur"
"431","11747","17243","1625","2025-07-10","travel","4298.29","de","contactless","cad"
"432","11640","765","6657","2025-06-25","travel","6082.98","uk","ecommerce","cad"
"433","8078","2147","7448","2025-04-12","grocery","3813.9","br","ecommerce","eur"
"434","7239","10","4440","2025-10-16","cash_advance","8347.12","uk","wallet","cad"
"435","1984","5128","4319","2025-07-21","grocery","5402.69","uk","ecommerce","cad"
"436","10423","2901","12757","2025-04-24","digital_services","4124.61","uk","ecommerce","gbp"
"437","3430","14788","9512","2025-04-28","jewelry","3117.57","ae","manual_keyed","usd"
"438","14552","9667","12762","2025-04-16","cash_advance","4787.5","uk","contactless","cad"
"439","6402","17228","2578","2025-03-01","fuel","2425.08","uk","contactless","gbp"
"440","13126","284","14484","2025-04-27","travel","3278.27","fr","contactless","gbp"
"441","15648","16667","3114","2025-02-06","travel","8809.61","de","ecommerce","gbp"
"442","14632","4109","9474","2025-02-20","fuel","7027.42","uk","ecommerce","cad"
"443","7027","11790","14785","2025-03-18","grocery","6994.23","fr","contactless","cad"
"444","16209","7992","3197","2025-04-25","jewelry","5555.51","mx","contactless","cad"
"445","2655","2067","11999","2025-11-07","jewelry","7017.54","de","contactless","eur"
"446","12701","19429","10960","2025-02-26","cash_advance","7393.06","br","ecommerce","gbp"
"447","13876","18296","13673","2025-09-07","travel","7461.09","mx","manual_keyed","usd"
"448","2004","15918","8613","2025-01-21","gaming","8361.28","br","manual_keyed","cad"
"449","854","6222","1232","2025-12-24","grocery","1323.34","fr","ecommerce","usd"
"450","15874","13505","14052","2025-11-19","digital_services","1921.29","br","contactless","usd"
"451","17907","2666","8829","2025-01-24","travel","2853.32","ae","manual_keyed","usd"
"452","15271","9081","525","2025-12-18","fuel","161.83","sg","manual_keyed","gbp"
"453","13470","5465","11531","2025-02-14","travel","6025.63","uk","chip","usd"
"454","4724","21746","11329","2025-08-20","travel","1801.53","ae","manual_keyed","cad"
"455","6640","6764","12845","2025-06-17","grocery","4094.79","sg","contactless","eur"
"456","8869","18088","2480","2025-04-19","jewelry","3941.4","us","contactless","eur"
"457","14031","8981","4235","2025-01-24","digital_services","1368.45","de","manual_keyed","eur"
"458","2846","16099","8774","2025-07-02","electronics","3997.93","br","manual_keyed","usd"
"459","7274","9401","4993","2025-08-24","grocery","1637.91","sg","contactless","eur"
"460","15746","9265","12278","2025-12-17","travel","617.92","uk","contactless","usd"
"461","10992","18853","12528","2025-01-03","jewelry","1077.66","de","ecommerce","gbp"
"462","9392","23218","3647","2025-02-07","travel","8691.11","br","chip","gbp"
"463","7594","5941","8805","2025-11-06","travel","5136.45","sg","manual_keyed","cad"
"464","594","305","14381","2025-11-27","cash_advance","7305.02","sg","chip","cad"
"465","583","17003","7390","2025-10-30","grocery","9111.91","de","manual_keyed","eur"
"466","11825","19232","4130","2025-10-04","travel","3923.97","mx","ecommerce","eur"
"467","4553","12578","231","2025-02-25","electronics","4795.0","mx","wallet","usd"
"468","16268","16466","14271","2025-09-17","electronics","263.95","de","wallet","eur"
"469","3408","3608","1422","2025-03-25","fuel","8839.05","mx","ecommerce","gbp"
"470","11343","692","11442","2025-03-28","gaming","6848.73","us","ecommerce","cad"
"471","12201","8412","12553","2025-02-16","electronics","4651.77","ae","contactless","gbp"
"472","16790","19637","5024","2025-01-19","jewelry","696.56","fr","ecommerce","usd"
"473","8809","20940","14365","2025-02-17","grocery","8436.05","mx","ecommerce","usd"
"474","5292","17616","11641","2025-06-29","cash_advance","2717.76","br","chip","eur"
"475","17313","7250","4191","2025-11-21","cash_advance","4733.1","de","ecommerce","eur"
"476","9634","6597","208","2025-06-30","travel","7557.0","ae","chip","eur"
"477","5905","11021","6667","2025-10-13","jewelry","3.64","sg","contactless","usd"
"478","10345","14229","2028","2025-02-06","grocery","333.07","us","wallet","usd"
"479","5314","23094","8870","2025-10-09","travel","4462.11","br","manual_keyed","eur"
"480","8024","8111","8246","2025-09-07","grocery","4488.44","br","chip","gbp"
"481","4770","14967","5482","2025-05-19","fuel","1960.47","us","wallet","gbp"
"482","2315","112","13010","2025-08-02","jewelry","8352.84","us","chip","cad"
"483","4595","22812","7352","2025-02-11","electronics","9301.46","br","chip","usd"
"484","15334","7244","6342","2025-05-14","travel","7573.77","sg","wallet","usd"
"485","17473","12427","542","2025-11-24","electronics","8273.88","de","wallet","gbp"
"486","8299","7376","13888","2025-01-26","gaming","5318.94","ae","manual_keyed","eur"
"487","2078","23294","11902","2025-05-15","jewelry","4119.22","us","chip","eur"
"488","16681","2938","3839","2025-10-13","gaming","3450.92","us","chip","cad"
"489","15900","7533","12231","2025-03-08","fuel","6342.89","uk","wallet","usd"
"490","9612","16803","5448","2025-08-05","fuel","8580.22","uk","wallet","cad"
"491","10066","22660","3686","2025-05-11","fuel","1742.73","fr","ecommerce","eur"
"492","12615","10014","3487","2025-10-22","jewelry","249.89","mx","contactless","gbp"
"493","11150","20458","4304","2025-08-26","grocery","5139.47","br","wallet","eur"
"494","1160","15006","4988","2025-03-04","jewelry","3206.64","de","manual_keyed","usd"
"495","11945","10557","4467","2025-01-19","jewelry","3952.03","fr","wallet","eur"
"496","10643","17046","14650","2025-04-04","fuel","5701.85","sg","manual_keyed","cad"
"497","3844","1594","7261","2025-10-14","fuel","3159.68","br","contactless","usd"
"498","9447","13285","2748","2025-07-28","cash_advance","5820.28","uk","manual_keyed","gbp"
"499","2807","23991","4813","2025-04-25","travel","3130.48","mx","wallet","eur"
"500","3469","21030","598","2025-11-30","fuel","8710.49","br","manual_keyed","eur"
"501","9848","9911","2626","2025-02-16","cash_advance","8112.97","ae","manual_keyed","cad"
"502","1352","12066","9163","2025-07-30","cash_advance","6652.26","us","ecommerce","eur"
"503","4754","11893","750","2025-01-28","electronics","216.58","sg","wallet","eur"
"504","11624","10311","10208","2025-05-24","cash_advance","317.94","ae","manual_keyed","eur"
"505","7894","7083","173","2025-11-05","jewelry","4950.05","br","wallet","gbp"
"506","14508","3691","488","2025-08-25","electronics","545.97","uk","ecommerce","usd"
"507","14949","23716","11832","2025-10-31","cash_advance","3443.03","br","chip","eur"
"508","6730","5364","6898","2025-02-24","gaming","3708.2","mx","wallet","usd"
"509","13119","2174","6036","2025-01-21","fuel","5323.66","us","chip","usd"
"510","16810","9446","5469","2025-08-18","gaming","8813.78","de","contactless","eur"
"511","8286","12136","12353","2025-08-08","jewelry","4992.51","us","chip","cad"
"512","17817","16121","5695","2025-07-03","fuel","7977.56","fr","wallet","cad"
"513","17708","13779","12515","2025-04-12","fuel","7078.97","sg","wallet","usd"
"514","5209","3059","8255","2025-01-19","gaming","4798.0","uk","manual_keyed","eur"
"515","4878","4098","11723","2025-10-28","digital_services","7215.46","mx","manual_keyed","cad"
"516","4556","14420","2630","2025-11-20","jewelry","93.73","de","contactless","cad"
"517","14163","11909","2504","2025-10-03","electronics","1168.2","mx","chip","eur"
"518","7602","5961","4960","2025-12-02","digital_services","2328.78","ae","contactless","eur"
"519","10850","17039","9573","2025-06-07","fuel","5692.17","fr","manual_keyed","cad"
"520","1392","16656","11277","2025-08-03","gaming","4762.6","uk","wallet","gbp"
"521","16431","11650","3447","2025-11-19","cash_advance","5945.45","br","manual_keyed","eur"
"522","15268","2047","604","2025-03-29","electronics","5010.33","fr","wallet","gbp"
"523","1717","11325","11895","2025-09-28","gaming","3802.73","uk","chip","eur"
"524","10268","910","9804","2025-01-27","electronics","1019.88","fr","contactless","cad"
"525","14735","9771","8244","2025-06-26","electronics","6463.58","uk","ecommerce","eur"
"526","8267","12175","12265","2025-01-06","cash_advance","5575.06","br","chip","eur"
"527","1017","19904","7471","2025-02-23","jewelry","5457.74","br","manual_keyed","gbp"
"528","15582","72","978","2025-03-30","electronics","7144.12","uk","wallet","usd"
"529","5507","2622","7763","2025-02-04","fuel","413.88","sg","chip","eur"
"530","1824","21059","7269","2025-06-28","travel","8019.23","fr","chip","usd"
"531","15896","7139","7434","2025-02-09","electronics","2397.42","ae","wallet","eur"
"532","7359","19511","10287","2025-10-04","gaming","1718.31","br","wallet","gbp"
"533","15311","11161","7505","2025-09-07","cash_advance","6744.67","ae","ecommerce","usd"
"534","3722","13992","8396","2025-12-17","grocery","5655.93","fr","chip","usd"
"535","14076","13982","11983","2025-02-20","digital_services","6801.24","uk","manual_keyed","cad"
"536","1464","6078","9031","2025-07-08","gaming","930.32","sg","wallet","usd"
"537","6455","2127","7753","2025-01-06","jewelry","4100.25","de","wallet","eur"
"538","11357","19343","3994","2025-02-15","jewelry","177.97","de","chip","cad"
"539","12961","1053","3548","2025-07-23","electronics","8338.6","mx","contactless","cad"
"540","6903","12708","6127","2025-05-25","digital_services","571.37","mx","wallet","usd"
"541","5337","9283","13823","2025-09-29","cash_advance","1372.26","mx","contactless","gbp"
"542","1572","7440","3258","2025-04-25","jewelry","4908.67","fr","chip","gbp"
"543","3879","20089","2586","2025-11-23","gaming","3208.72","us","ecommerce","usd"
"544","9889","4959","3031","2025-09-10","grocery","8715.65","us","contactless","gbp"
"545","15753","2272","14797","2025-02-03","fuel","7206.52","ae","manual_keyed","cad"
"546","13129","16776","9337","2025-04-01","grocery","4245.96","us","contactless","gbp"
"547","15130","24100","8065","2025-03-08","travel","3528.95","uk","manual_keyed","eur"
"548","9616","4557","55","2025-08-21","gaming","6430.12","sg","wallet","gbp"
"549","9860","14377","6053","2025-10-09","digital_services","9288.88","fr","manual_keyed","cad"
"550","4805","3795","10520","2025-05-02","fuel","2264.14","uk","manual_keyed","eur"
"551","16808","18355","10326","2025-09-21","electronics","8922.06","sg","chip","gbp"
"552","3402","22163","10872","2025-04-23","fuel","7266.67","us","ecommerce","eur"
"553","5365","3969","6294","2025-08-11","cash_advance","4649.16","ae","wallet","eur"
"554","14004","19140","13026","2025-07-03","grocery","4660.73","us","ecommerce","cad"
"555","7790","7801","11300","2025-08-20","cash_advance","2495.95","de","contactless","cad"
"556","1847","18454","3370","2025-08-25","jewelry","7606.88","fr","wallet","usd"
"557","15781","2817","11796","2025-10-02","electronics","1774.88","ae","contactless","cad"
"558","5089","23272","5694","2025-12-25","gaming","7597.99","sg","manual_keyed","cad"
"559","16859","1765","7380","2025-05-08","fuel","123.74","uk","contactless","eur"
"560","11927","19437","12948","2025-09-06","travel","1224.02","us","ecommerce","gbp"
"561","6731","8959","13124","2025-01-08","cash_advance","4346.57","ae","manual_keyed","eur"
"562","15117","10794","8222","2025-05-07","travel","2727.09","de","manual_keyed","cad"
"563","12036","622","2618","2025-03-29","cash_advance","7666.54","mx","wallet","cad"
"564","7072","11477","9448","2025-04-04","fuel","6392.27","ae","wallet","eur"
"565","10090","1774","10141","2025-11-04","jewelry","3408.33","de","ecommerce","eur"
"566","6965","9717","11327","2025-02-14","electronics","3384.33","ae","manual_keyed","cad"
"567","11785","6896","1870","2025-11-03","fuel","4704.85","fr","contactless","usd"
"568","2657","10337","6619","2025-04-02","fuel","8997.89","ae","wallet","eur"
"569","3955","12977","9039","2025-09-26","jewelry","2714.33","sg","wallet","gbp"
"570","16269","119","7080","2025-02-04","jewelry","5287.32","sg","contactless","gbp"
"571","7269","16021","6459","2025-08-09","electronics","2868.2","fr","ecommerce","eur"
"572","14118","1017","3901","2025-07-13","gaming","5189.71","fr","ecommerce","cad"
"573","15083","4859","3869","2025-07-03","jewelry","3347.4","ae","ecommerce","eur"
"574","11259","17508","11863","2025-12-13","grocery","2561.14","fr","ecommerce","usd"
"575","17431","9522","13707","2025-11-26","jewelry","8885.6","mx","ecommerce","cad"
"576","17936","6208","13805","2025-11-26","jewelry","7561.81","fr","manual_keyed","usd"
"577","4084","11212","11287","2025-03-25","electronics","1497.58","ae","contactless","cad"
"578","17089","4398","7851","2025-01-14","grocery","4352.87","mx","ecommerce","gbp"
"579","10613","5796","642","2025-04-04","jewelry","8621.52","de","ecommerce","gbp"
"580","4056","11684","9226","2025-06-04","jewelry","8357.16","br","contactless","eur"
"581","17239","23886","12009","2025-06-17","jewelry","8827.71","mx","chip","eur"
"582","16514","16374","11858","2025-09-22","jewelry","1274.76","mx","wallet","gbp"
"583","4314","6516","12254","2025-04-20","gaming","6911.58","br","wallet","cad"
"584","15133","19223","13361","2025-09-23","cash_advance","5294.46","de","ecommerce","cad"
"585","10557","7438","9735","2025-12-12","travel","3121.9","uk","manual_keyed","usd"
"586","12817","19953","11623","2025-08-23","travel","6948.73","fr","chip","eur"
"587","7425","22663","6617","2025-03-20","digital_services","8969.06","fr","chip","gbp"
"588","3972","22439","6015","2025-07-04","fuel","8767.95","ae","manual_keyed","cad"
"589","13243","1085","9856","2025-03-11","digital_services","3380.9","uk","ecommerce","gbp"
"590","9138","11081","4231","2025-07-14","digital_services","1766.49","uk","contactless","gbp"
"591","11359","3663","11331","2025-04-24","digital_services","3591.1","us","wallet","gbp"
"592","9759","7258","10443","2025-01-10","electronics","209.34","ae","contactless","usd"
"593","6593","21523","7068","2025-03-26","cash_advance","6910.85","fr","wallet","eur"
"594","3207","11420","12810","2025-03-23","electronics","2809.99","mx","contactless","gbp"
"595","17586","125","5687","2025-01-22","electronics","4552.22","ae","wallet","eur"
"596","10703","20078","4264","2025-10-29","grocery","1335.4","sg","wallet","eur"
"597","13391","12148","2303","2025-06-17","fuel","6085.84","br","ecommerce","usd"
"598","16461","17207","7519","2025-10-10","fuel","797.02","de","manual_keyed","eur"
"599","9193","21344","9530","2025-01-10","cash_advance","1615.33","mx","ecommerce","usd"
"600","12066","2042","3217","2025-10-21","electronics","698.45","mx","manual_keyed","cad"
"601","16773","17018","354","2025-03-11","grocery","987.26","br","wallet","cad"
"602","11330","8621","2358","2025-09-02","grocery","2904.9","ae","wallet","gbp"
"603","627","18372","11098","2025-02-27","cash_advance","3725.34","sg","manual_keyed","cad"
"604","5080","13183","8953","2025-01-01","travel","852.6","ae","manual_keyed","eur"
"605","17866","10506","5875","2025-01-18","digital_services","4003.54","ae","contactless","eur"
"606","3959","7332","4792","2025-08-10","digital_services","4407.92","fr","chip","eur"
"607","14506","10569","10653","2025-04-19","electronics","1928.39","ae","wallet","usd"
"608","577","10698","761","2025-07-11","electronics","3399.6","mx","ecommerce","gbp"
"609","12147","2864","10","2025-10-04","jewelry","565.62","fr","contactless","gbp"
"610","15600","11233","9204","2025-09-23","travel","210.51","mx","ecommerce","eur"
"611","16666","11517","4093","2025-07-17","gaming","6719.0","fr","contactless","eur"
"612","244","10031","5953","2025-12-05","travel","872.05","fr","chip","gbp"
"613","4472","2417","2247","2025-03-01","digital_services","6974.14","fr","contactless","eur"
"614","2679","4320","2396","2025-12-26","jewelry","7450.61","fr","contactless","cad"
"615","15952","1866","3556","2025-09-12","gaming","5363.69","us","contactless","eur"
"616","17773","9390","1874","2025-08-28","gaming","1286.22","sg","manual_keyed","usd"
"617","15119","434","7575","2025-09-25","electronics","2537.71","br","chip","cad"
"618","5880","18984","7217","2025-07-27","jewelry","5461.11","mx","chip","usd"
"619","1984","22688","5364","2025-10-08","travel","1071.37","us","wallet","cad"
"620","9875","9795","8805","2025-03-29","gaming","2674.86","ae","manual_keyed","cad"
"621","13517","3793","4642","2025-11-01","electronics","2570.64","fr","manual_keyed","eur"
"622","17809","22515","4819","2025-07-12","gaming","1931.88","ae","contactless","gbp"
"623","5878","14957","4764","2025-10-22","electronics","5729.0","sg","wallet","cad"
"624","9332","8113","2454","2025-01-21","grocery","5781.06","fr","ecommerce","eur"
"625","1824","11689","7547","2025-09-17","jewelry","8114.13","mx","manual_keyed","gbp"
"626","4605","3680","7018","2025-07-11","digital_services","3719.74","mx","ecommerce","gbp"
"627","276","35","2054","2025-04-21","fuel","3911.48","fr","chip","gbp"
"628","6522","13647","4463","2025-09-26","grocery","263.34","de","ecommerce","gbp"
"629","1759","23966","12962","2025-03-12","digital_services","792.84","mx","contactless","cad"
"630","7024","7974","13756","2025-12-22","cash_advance","3630.08","de","wallet","gbp"
"631","14542","15588","5469","2025-08-07","digital_services","2526.23","sg","contactless","gbp"
"632","13998","13370","3357","2025-09-26","gaming","3824.07","uk","chip","usd"
"633","6746","6408","5583","2025-04-15","digital_services","3953.09","fr","chip","usd"
"634","13277","14689","11263","2025-10-30","electronics","3407.89","us","ecommerce","eur"
"635","2431","16299","6102","2025-11-03","fuel","8501.09","sg","wallet","eur"
"636","1544","9779","8926","2025-08-01","gaming","8318.11","de","wallet","usd"
"637","341","4629","9628","2025-07-20","gaming","8117.72","br","ecommerce","gbp"
"638","9016","6382","9671","2025-03-04","electronics","1380.24","br","wallet","cad"
"639","13184","21263","11504","2025-03-11","gaming","3074.75","ae","contactless","gbp"
"640","12451","4939","12297","2025-08-02","travel","5115.58","uk","wallet","gbp"
"641","5615","16830","64","2025-09-15","grocery","4242.73","sg","wallet","cad"
"642","7617","7752","5648","2025-11-09","jewelry","5650.02","br","chip","usd"
"643","6406","14502","1495","2025-03-09","jewelry","5036.37","us","contactless","gbp"
"644","6704","22881","13310","2025-12-08","electronics","8759.95","fr","wallet","cad"
"645","5851","11926","9242","2025-11-03","gaming","5011.84","br","wallet","usd"
"646","581","2120","1839","2025-05-31","gaming","7138.81","fr","manual_keyed","usd"
"647","12812","13252","6825","2025-12-05","electronics","3665.72","fr","manual_keyed","gbp"
"648","14264","12571","5864","2025-09-04","fuel","9435.6","ae","manual_keyed","eur"
"649","5392","17262","12939","2025-07-22","grocery","1517.06","ae","chip","gbp"
"650","3507","15293","9355","2025-09-19","travel","6014.86","de","ecommerce","gbp"
"651","16693","9283","6498","2025-07-08","digital_services","317.3","fr","manual_keyed","usd"
"652","11046","9273","7378","2025-07-25","jewelry","8004.52","sg","ecommerce","eur"
"653","13647","22439","9624","2025-06-11","travel","8412.48","br","contactless","cad"
"654","3926","13299","2096","2025-12-29","electronics","6875.83","br","chip","cad"
"655","4438","1784","2571","2025-04-02","gaming","7167.76","sg","manual_keyed","usd"
"656","1604","16153","10319","2025-02-07","gaming","1299.48","br","wallet","eur"
"657","69","21662","309","2025-04-27","grocery","8439.3","ae","wallet","gbp"
"658","10300","14803","5000","2025-01-27","gaming","5837.12","mx","chip","gbp"
"659","200","956","1904","2025-06-18","grocery","4096.93","mx","chip","cad"
"660","16797","8327","9705","2025-07-26","grocery","5682.53","mx","wallet","eur"
"661","2676","5564","11265","2025-01-06","grocery","6552.99","us","contactless","gbp"
"662","15771","11731","11045","2025-02-02","gaming","1079.8","ae","contactless","cad"
"663","16725","14634","4146","2025-02-08","digital_services","9380.91","sg","contactless","cad"
"664","711","10539","2459","2025-05-13","digital_services","3156.81","fr","manual_keyed","gbp"
"665","3860","22071","14746","2025-01-09","grocery","7616.42","br","ecommerce","usd"
"666","9905","20578","923","2025-09-03","electronics","9063.25","fr","chip","gbp"
"667","11039","11852","14234","2025-12-27","digital_services","2358.24","ae","contactless","eur"
"668","11457","8652","904","2025-07-06","grocery","3321.43","br","wallet","eur"
"669","16034","13643","1331","2025-03-23","grocery","2476.91","sg","contactless","eur"
"670","5229","21764","622","2025-03-16","fuel","5322.92","br","manual_keyed","cad"
"671","6002","13336","8628","2025-10-31","gaming","2535.77","mx","chip","cad"
"672","9011","15570","5035","2025-04-19","grocery","2950.72","fr","ecommerce","eur"
"673","16289","4313","13981","2025-03-29","travel","5776.77","ae","chip","eur"
"674","15358","17087","6664","2025-06-09","grocery","3391.59","mx","manual_keyed","gbp"
"675","3809","19463","3818","2025-03-28","fuel","7635.02","sg","manual_keyed","gbp"
"676","15002","20017","9349","2025-07-10","fuel","4363.08","sg","chip","eur"
"677","6635","3049","14242","2025-11-26","gaming","632.09","de","wallet","gbp"
"678","7392","3466","14326","2025-08-23","gaming","8213.23","br","contactless","usd"
"679","315","591","12208","2025-03-14","travel","1408.96","us","contactless","eur"
"680","4447","7681","373","2025-05-21","cash_advance","7314.7","uk","wallet","cad"
"681","7166","17845","9454","2025-01-05","electronics","3918.12","uk","chip","gbp"
"682","12077","952","10125","2025-05-04","electronics","7009.46","de","manual_keyed","gbp"
"683","16488","16457","14319","2025-03-19","jewelry","4091.22","uk","wallet","usd"
"684","10519","3051","3379","2025-02-27","electronics","9066.11","mx","manual_keyed","cad"
"685","9464","2938","3430","2025-02-08","grocery","1823.89","mx","chip","cad"
"686","6964","22331","951","2025-04-09","gaming","3013.12","us","chip","usd"
"687","8859","14441","12001","2025-08-03","cash_advance","5177.9","de","ecommerce","gbp"
"688","2465","15428","6795","2025-08-28","travel","700.48","de","contactless","usd"
"689","14763","14299","14199","2025-04-19","grocery","7572.18","ae","chip","eur"
"690","12472","7608","11651","2025-04-04","gaming","8979.09","us","manual_keyed","eur"
"691","6709","3379","3773","2025-11-30","cash_advance","8340.9","us","wallet","eur"
"692","14727","3194","8428","2025-10-11","cash_advance","9383.56","ae","ecommerce","cad"
"693","6105","17028","14851","2025-12-02","electronics","8564.39","uk","contactless","eur"
"694","5534","10184","76","2025-03-05","electronics","7817.01","br","ecommerce","eur"
"695","179","10931","7090","2025-12-13","grocery","8749.31","ae","manual_keyed","eur"
"696","10480","18529","919","2025-10-16","electronics","1138.44","mx","wallet","cad"
"697","4265","17858","1056","2025-01-27","digital_services","7584.62","us","ecommerce","eur"
"698","4512","2357","3095","2025-05-28","travel","5246.85","fr","manual_keyed","gbp"
"699","15382","19281","4030","2025-03-05","jewelry","6082.8","br","ecommerce","gbp"
"700","6924","2210","715","2025-11-16","electronics","319.3","sg","manual_keyed","eur"
"701","14375","19252","4730","2025-02-22","fuel","746.95","mx","ecommerce","gbp"
"702","14297","719","14151","2025-12-25","gaming","7022.51","uk","contactless","eur"
"703","14080","3844","11313","2025-04-28","digital_services","27.63","ae","contactless","eur"
"704","1640","23006","5416","2025-06-16","digital_services","5333.88","uk","contactless","usd"
"705","17424","24165","11160","2025-07-22","gaming","7319.22","uk","wallet","cad"
"706","5392","20349","12070","2025-07-10","jewelry","7464.6","de","ecommerce","gbp"
"707","2906","20454","13672","2025-08-13","digital_services","4173.08","de","manual_keyed","eur"
"708","11782","968","11603","2025-04-19","digital_services","1318.76","fr","wallet","usd"
"709","504","16449","1148","2025-08-02","grocery","2502.43","de","manual_keyed","gbp"
"710","7103","551","7908","2025-02-27","travel","7556.92","br","chip","usd"
"711","10080","8329","7875","2025-03-14","fuel","1685.53","uk","wallet","gbp"
"712","4972","4698","13259","2025-07-02","electronics","6654.08","ae","manual_keyed","gbp"
"713","7297","134","11135","2025-04-16","jewelry","4378.2","uk","wallet","usd"
"714","12408","18028","9729","2025-07-16","gaming","4992.79","fr","wallet","eur"
"715","503","15163","7682","2025-05-06","jewelry","8379.17","sg","manual_keyed","gbp"
"716","3980","1877","12354","2025-02-09","grocery","5385.8","us","wallet","cad"
"717","3407","22413","10196","2025-03-25","travel","3587.07","mx","manual_keyed","gbp"
"718","5988","11106","653","2025-03-03","jewelry","3678.69","br","contactless","eur"
"719","11110","10865","3889","2025-07-21","travel","6402.54","fr","manual_keyed","eur"
"720","6876","254","2406","2025-11-03","travel","3409.17","ae","chip","cad"
"721","9803","6174","2601","2025-02-26","gaming","4994.23","br","wallet","eur"
"722","4770","6386","2086","2025-09-03","electronics","1796.66","us","ecommerce","cad"
"723","9803","13099","14132","2025-11-09","cash_advance","5239.6","de","manual_keyed","eur"
"724","11976","12550","10783","2025-06-15","travel","1957.91","br","manual_keyed","usd"
"725","1667","9504","7594","2025-03-26","electronics","3995.62","br","contactless","cad"
"726","1685","5049","4004","2025-04-29","fuel","1346.05","mx","chip","cad"
"727","13277","3872","13556","2025-02-22","grocery","6944.89","uk","ecommerce","eur"
"728","12784","10471","7082","2025-05-06","jewelry","5751.03","mx","ecommerce","usd"
"729","9937","5720","13302","2025-09-03","gaming","7565.23","br","contactless","cad"
"730","448","3538","1657","2025-05-02","electronics","1612.73","uk","chip","eur"
"731","11937","19043","9141","2025-09-18","digital_services","2833.37","br","chip","eur"
"732","2277","9191","8651","2025-03-12","gaming","7134.04","fr","ecommerce","eur"
"733","249","13456","7546","2025-12-31","electronics","216.83","us","wallet","eur"
"734","14052","18693","2043","2025-08-23","travel","720.45","uk","wallet","usd"
"735","14329","22883","13778","2025-08-17","gaming","8920.32","mx","manual_keyed","cad"
"736","17182","22122","2569","2025-12-22","jewelry","3337.37","fr","contactless","eur"
"737","1084","22060","2411","2025-01-08","cash_advance","1330.8","uk","chip","eur"
"738","3580","4345","1845","2025-09-25","jewelry","758.97","mx","wallet","cad"
"739","3870","17766","6381","2025-11-27","electronics","9417.57","br","contactless","usd"
"740","14301","1698","3341","2025-02-07","grocery","3330.96","sg","ecommerce","usd"
"741","6038","3995","2757","2025-05-26","digital_services","8049.38","us","ecommerce","gbp"
"742","2686","12549","1691","2025-11-06","cash_advance","8119.75","br","ecommerce","eur"
"743","5774","9853","11306","2025-08-03","electronics","7148.62","us","wallet","gbp"
"744","13086","13758","1764","2025-01-01","jewelry","5902.78","ae","wallet","gbp"
"745","9637","23762","9200","2025-09-07","digital_services","1261.85","ae","manual_keyed","usd"
"746","4791","4933","7103","2025-11-30","fuel","3932.61","ae","ecommerce","usd"
"747","11118","14966","4558","2025-04-19","cash_advance","5558.11","uk","contactless","cad"
"748","16462","1632","14107","2025-11-02","electronics","5019.52","sg","wallet","usd"
"749","905","23352","8091","2025-08-02","digital_services","5106.61","mx","wallet","usd"
"750","1500","17791","4015","2025-01-01","travel","6427.91","br","contactless","cad"
"751","11973","4153","8373","2025-07-16","travel","562.17","uk","wallet","cad"
"752","7786","20464","13380","2025-03-19","digital_services","1899.1","ae","ecommerce","usd"
"753","10947","12806","1257","2025-03-25","jewelry","4886.1","de","contactless","cad"
"754","6459","16877","13660","2025-01-07","fuel","3212.77","mx","ecommerce","cad"
"755","11507","12938","11516","2025-09-09","travel","6296.84","uk","wallet","gbp"
"756","17399","1874","660","2025-04-18","digital_services","7169.58","fr","manual_keyed","usd"
"757","16861","21177","13675","2025-11-07","travel","1057.6","br","chip","usd"
"758","7236","15837","4382","2025-09-12","fuel","3918.66","uk","wallet","cad"
"759","14396","22297","10215","2025-01-13","electronics","6076.24","uk","ecommerce","cad"
"760","12900","23065","9266","2025-11-17","jewelry","3968.21","sg","manual_keyed","usd"
"761","14653","24167","14285","2025-05-06","gaming","2564.58","us","wallet","gbp"
"762","11674","23664","14115","2025-07-19","electronics","4379.69","br","ecommerce","cad"
"763","14354","15869","5276","2025-01-11","grocery","7070.93","us","contactless","eur"
"764","1965","4157","13434","2025-03-31","grocery","1082.19","de","chip","gbp"
"765","5159","10944","3809","2025-11-11","electronics","722.89","mx","wallet","cad"
"766","9618","13064","2416","2025-06-24","fuel","6946.26","br","ecommerce","eur"
"767","304","7650","11192","2025-08-08","electronics","5707.95","mx","wallet","cad"
"768","6192","23965","14093","2025-01-21","electronics","8178.04","mx","manual_keyed","cad"
"769","780","23031","9090","2025-03-16","gaming","5106.64","br","contactless","eur"
"770","2790","2858","115","2025-10-13","cash_advance","6911.45","fr","wallet","gbp"
"771","8139","6976","9695","2025-03-31","digital_services","1305.87","us","manual_keyed","gbp"
"772","3730","12975","10658","2025-12-05","electronics","926.18","br","contactless","eur"
"773","15440","10855","7036","2025-05-08","jewelry","6517.95","fr","wallet","gbp"
"774","9420","1932","14642","2025-03-19","digital_services","3405.24","uk","ecommerce","gbp"
"775","4915","5366","13981","2025-12-22","digital_services","6272.88","sg","ecommerce","gbp"
"776","16341","4472","10216","2025-07-28","grocery","4601.62","mx","manual_keyed","gbp"
"777","5156","13594","11000","2025-06-25","electronics","6787.81","de","chip","gbp"
"778","16656","22187","6332","2025-05-31","electronics","2986.88","br","manual_keyed","eur"
"779","17096","17235","10183","2025-04-08","grocery","616.37","sg","manual_keyed","cad"
"780","13528","9346","2374","2025-04-30","digital_services","4061.49","br","manual_keyed","cad"
"781","14344","21404","8779","2025-02-04","gaming","248.0","sg","contactless","eur"
"782","2271","17978","9975","2025-05-06","cash_advance","2146.69","us","chip","gbp"
"783","6991","5052","6476","2025-03-04","jewelry","9060.21","uk","manual_keyed","usd"
"784","12661","19661","7270","2025-10-29","jewelry","4880.3","ae","contactless","usd"
"785","13904","13716","11589","2025-12-04","jewelry","269.75","mx","contactless","cad"
"786","4081","18071","5437","2025-09-25","gaming","8261.95","fr","chip","eur"
"787","9193","10414","5225","2025-04-20","travel","9130.25","de","contactless","eur"
"788","16407","12680","4483","2025-06-03","travel","432.87","de","chip","cad"
"789","3213","24210","14151","2025-12-25","digital_services","6666.82","de","chip","eur"
"790","15938","14069","4578","2025-11-25","travel","6318.69","ae","chip","cad"
"791","9536","14982","13297","2025-07-18","digital_services","7170.39","br","wallet","gbp"
"792","13273","24241","477","2025-02-26","gaming","6032.34","sg","contactless","usd"
"793","4154","839","3026","2025-03-02","digital_services","125.88","mx","manual_keyed","usd"
"794","4608","2224","11225","2025-01-04","fuel","7357.92","mx","manual_keyed","usd"
"795","14540","3798","4512","2025-10-08","travel","1521.48","uk","contactless","usd"
"796","14250","17240","1799","2025-02-17","jewelry","7223.08","br","wallet","eur"
"797","11565","4844","13076","2025-07-02","jewelry","7074.1","uk","wallet","gbp"
"798","891","22518","3956","2025-02-15","digital_services","9302.69","ae","manual_keyed","cad"
"799","16434","1797","9394","2025-11-23","digital_services","5080.87","ae","manual_keyed","eur"
"800","5148","19746","6843","2025-04-09","digital_services","1097.95","sg","chip","usd"
"801","11903","4434","1289","2025-03-11","electronics","8877.37","de","wallet","eur"
"802","8721","23965","1917","2025-10-11","cash_advance","1804.32","mx","wallet","usd"
"803","1727","24176","510","2025-10-02","fuel","4072.38","sg","contactless","gbp"
"804","16530","23422","3919","2025-07-25","fuel","5730.14","fr","wallet","gbp"
"805","14998","19715","14583","2025-03-07","travel","5349.59","br","ecommerce","gbp"
"806","9315","11440","11556","2025-02-04","grocery","3587.33","uk","ecommerce","usd"
"807","8647","5400","3108","2025-04-15","travel","8044.39","us","contactless","usd"
"808","10666","4326","11220","2025-03-24","gaming","1452.02","br","wallet","gbp"
"809","14355","16837","11203","2025-09-01","cash_advance","4581.34","uk","chip","eur"
"810","9369","1780","4500","2025-05-10","digital_services","5962.37","br","wallet","cad"
"811","8812","19238","13150","2025-12-18","jewelry","7501.06","us","manual_keyed","usd"
"812","11710","11800","8445","2025-08-25","travel","2691.69","fr","wallet","usd"
"813","3172","15695","7202","2025-09-17","fuel","3782.16","de","contactless","eur"
"814","17269","5303","1422","2025-11-21","jewelry","1710.0","br","chip","eur"
"815","14547","6813","9643","2025-09-13","cash_advance","4966.74","fr","manual_keyed","eur"
"816","2238","20266","12488","2025-12-11","fuel","8131.96","uk","chip","eur"
"817","3257","6418","6816","2025-08-25","gaming","8521.25","ae","contactless","cad"
"818","12888","22959","5255","2025-06-04","electronics","5040.63","de","manual_keyed","gbp"
"819","1652","10188","10636","2025-10-28","gaming","3103.55","de","ecommerce","cad"
"820","12738","10255","9266","2025-07-19","fuel","1660.68","ae","wallet","cad"
"821","8466","1600","12182","2025-05-15","grocery","4070.79","sg","ecommerce","gbp"
"822","16554","4476","265","2025-02-18","gaming","3748.38","uk","contactless","gbp"
"823","6603","24012","2096","2025-11-27","fuel","7511.9","de","wallet","usd"
"824","7784","20552","391","2025-09-16","travel","8676.18","mx","wallet","usd"
"825","4010","22678","5729","2025-11-11","travel","3724.05","mx","manual_keyed","cad"
"826","2701","20049","146","2025-12-18","gaming","4213.24","de","wallet","cad"
"827","9168","22979","9796","2025-11-05","gaming","3241.28","ae","ecommerce","eur"
"828","11350","19536","4935","2025-05-24","digital_services","3260.5","ae","chip","gbp"
"829","9856","5255","7643","2025-04-01","digital_services","2889.52","uk","manual_keyed","cad"
"830","3256","10058","6050","2025-12-17","grocery","3868.97","br","wallet","eur"
"831","11344","3782","5665","2025-04-08","travel","7384.64","ae","chip","eur"
"832","7576","18690","8756","2025-10-29","cash_advance","7090.9","ae","wallet","gbp"
"833","5929","1873","6995","2025-10-09","fuel","9491.17","mx","ecommerce","gbp"
"834","1121","8919","1497","2025-01-30","fuel","5312.17","fr","manual_keyed","gbp"
"835","4292","9337","1134","2025-08-02","travel","8073.64","us","chip","gbp"
"836","17730","2973","1553","2025-12-12","travel","3162.54","de","contactless","gbp"
"837","3614","204","6538","2025-03-10","grocery","3338.49","de","contactless","cad"
"838","15563","18440","8253","2025-04-27","cash_advance","1643.93","ae","contactless","usd"
"839","15948","16616","5357","2025-01-03","jewelry","6349.76","de","wallet","usd"
"840","4456","17966","3200","2025-02-08","fuel","6771.08","br","ecommerce","gbp"
"841","6748","8805","8616","2025-06-02","electronics","3842.53","fr","chip","cad"
"842","8896","8045","8939","2025-02-23","jewelry","3968.2","uk","wallet","gbp"
"843","17312","15439","8511","2025-01-04","digital_services","5660.66","mx","contactless","gbp"
"844","15144","19277","3863","2025-07-09","jewelry","7173.13","sg","ecommerce","cad"
"845","2040","5276","2228","2025-07-16","digital_services","632.28","br","contactless","cad"
"846","14777","15312","9000","2025-05-23","travel","4253.1","de","chip","usd"
"847","14623","1093","1629","2025-09-26","gaming","4194.51","de","wallet","cad"
"848","3558","2028","11261","2025-06-30","digital_services","7635.23","uk","manual_keyed","usd"
"849","2684","2588","12013","2025-04-13","digital_services","7053.74","uk","manual_keyed","gbp"
"850","16839","7955","12147","2025-07-12","grocery","8350.27","fr","contactless","gbp"
"851","8611","23460","3950","2025-01-17","fuel","8768.41","fr","chip","cad"
"852","3309","20310","108","2025-12-13","cash_advance","173.77","ae","ecommerce","gbp"
"853","8988","648","14820","2025-08-26","fuel","5573.54","ae","contactless","usd"
"854","9149","8879","927","2025-03-20","electronics","8950.79","mx","wallet","eur"
"855","13022","2988","7075","2025-09-12","fuel","558.3","us","ecommerce","gbp"
"856","9054","11445","9909","2025-01-16","grocery","4772.7","br","contactless","gbp"
"857","11492","24163","2041","2025-05-02","travel","3772.8","sg","manual_keyed","usd"
"858","4473","16919","14358","2025-08-16","cash_advance","1522.14","de","wallet","eur"
"859","17545","6703","5750","2025-04-22","fuel","2763.61","mx","ecommerce","usd"
"860","1025","2313","7795","2025-04-10","electronics","685.7","fr","wallet","gbp"
"861","7624","10569","5006","2025-06-17","jewelry","1974.59","sg","ecommerce","usd"
"862","6551","6173","13911","2025-07-30","gaming","8723.73","br","ecommerce","cad"
"863","5997","1186","9855","2025-07-28","digital_services","117.78","mx","chip","cad"
"864","15580","22032","8872","2025-01-26","grocery","8849.51","us","manual_keyed","usd"
"865","6000","13111","6952","2025-08-03","cash_advance","1005.81","de","ecommerce","usd"
"866","10590","1186","2513","2025-09-13","fuel","7693.82","de","contactless","eur"
"867","11928","9420","3837","2025-01-28","cash_advance","5950.28","sg","ecommerce","usd"
"868","11737","7141","13220","2025-10-19","electronics","1484.5","sg","wallet","usd"
"869","3522","13973","1256","2025-05-02","cash_advance","4094.3","de","ecommerce","eur"
"870","5398","5425","125","2025-05-13","fuel","6456.08","br","wallet","eur"
"871","14940","23394","8799","2025-03-05","gaming","3341.11","us","contactless","cad"
"872","14367","5073","9079","2025-02-28","cash_advance","1543.96","ae","contactless","cad"
"873","5492","22435","9019","2025-06-02","travel","8580.28","de","manual_keyed","usd"
"874","17813","18554","13925","2025-10-31","cash_advance","5589.44","mx","wallet","gbp"
"875","5504","23132","4796","2025-10-28","electronics","5560.26","mx","wallet","gbp"
"876","11954","936","4175","2025-10-25","gaming","7400.21","uk","contactless","eur"
"877","15822","14794","2974","2025-09-25","grocery","7549.43","us","chip","usd"
"878","10337","13511","6320","2025-02-13","digital_services","6341.41","br","chip","eur"
"879","15154","8405","13644","2025-11-05","travel","4204.42","uk","contactless","gbp"
"880","7184","12620","8768","2025-02-07","grocery","3396.62","sg","ecommerce","eur"
"881","14313","18732","2070","2025-12-08","cash_advance","5153.04","br","wallet","usd"
"882","17686","21160","5799","2025-01-11","digital_services","2465.29","uk","manual_keyed","gbp"
"883","3387","20092","6203","2025-04-05","grocery","8807.6","sg","contactless","eur"
"884","15288","10604","1632","2025-05-31","electronics","3540.21","ae","wallet","cad"
"885","17515","21389","12841","2025-05-17","gaming","1762.77","mx","chip","usd"
"886","17409","8822","5674","2025-11-13","cash_advance","7492.51","mx","contactless","eur"
"887","14566","14112","2739","2025-06-10","digital_services","113.27","sg","wallet","usd"
"888","9611","10423","8720","2025-02-22","travel","7499.55","sg","manual_keyed","usd"
"889","10872","1512","9495","2025-09-22","fuel","8347.54","fr","ecommerce","gbp"
"890","8547","7518","8015","2025-05-21","digital_services","9072.12","fr","ecommerce","eur"
"891","11288","21146","5042","2025-12-10","grocery","6894.92","de","manual_keyed","gbp"
"892","4366","14699","1214","2025-04-09","travel","2747.35","de","contactless","gbp"
"893","12102","20015","6133","2025-12-02","cash_advance","3444.14","uk","manual_keyed","gbp"
"894","13081","2779","14416","2025-11-17","gaming","7405.49","br","wallet","usd"
"895","13381","14581","8964","2025-11-08","digital_services","1461.42","fr","ecommerce","cad"
"896","13197","24220","1144","2025-01-20","cash_advance","5672.45","ae","wallet","eur"
"897","6638","12112","6494","2025-09-05","travel","1014.34","us","chip","usd"
"898","985","6224","686","2025-03-03","fuel","8648.76","fr","ecommerce","cad"
"899","13627","5148","3468","2025-10-27","jewelry","2384.05","br","wallet","usd"
"900","15062","16838","7104","2025-08-17","electronics","2966.9","br","ecommerce","usd"
"901","2077","11725","2792","2025-11-20","cash_advance","4121.64","mx","chip","eur"
"902","17749","14823","14413","2025-11-10","electronics","8995.9","sg","contactless","gbp"
"903","12151","8659","10578","2025-11-25","grocery","5003.45","mx","chip","usd"
"904","3703","7976","1347","2025-06-21","travel","6854.06","uk","ecommerce","cad"
"905","8637","23959","14685","2025-01-13","cash_advance","4708.83","br","chip","eur"
"906","13267","11715","9270","2025-06-02","jewelry","7648.62","uk","wallet","gbp"
"907","9664","10742","14823","2025-07-14","gaming","5398.28","sg","manual_keyed","cad"
"908","6263","80","2179","2025-02-23","travel","1330.19","de","chip","usd"
"909","11577","4975","3226","2025-05-26","gaming","8116.61","sg","contactless","eur"
"910","8360","12606","9259","2025-06-19","electronics","8296.15","fr","manual_keyed","eur"
"911","11115","5556","14008","2025-10-05","digital_services","7280.4","ae","chip","usd"
"912","16998","8444","14020","2025-09-17","cash_advance","397.05","de","contactless","cad"
"913","7576","6958","19","2025-11-15","jewelry","7115.62","de","wallet","gbp"
"914","7121","4775","2","2025-12-13","fuel","1394.35","sg","ecommerce","gbp"
"915","4500","23470","7717","2025-12-05","travel","1499.12","us","manual_keyed","cad"
"916","9555","15960","9494","2025-06-10","grocery","4711.33","de","ecommerce","cad"
"917","16752","4400","6680","2025-11-06","jewelry","5839.94","mx","wallet","usd"
"918","7220","6774","2112","2025-07-25","cash_advance","2576.62","mx","chip","cad"
"919","2821","13098","6950","2025-08-04","digital_services","7311.34","fr","wallet","usd"
"920","10546","14779","9693","2025-01-20","travel","8609.13","mx","contactless","cad"
"921","4959","7654","653","2025-01-22","jewelry","677.21","us","contactless","cad"
"922","8276","13676","9140","2025-10-12","cash_advance","6835.88","us","manual_keyed","usd"
"923","11854","22663","4280","2025-04-29","jewelry","8316.11","br","ecommerce","gbp"
"924","10044","9821","3669","2025-03-05","jewelry","7108.04","us","manual_keyed","usd"
"925","8708","1906","6797","2025-08-19","fuel","4480.73","de","chip","gbp"
"926","9031","13702","14060","2025-07-31","travel","323.2","us","wallet","cad"
"927","16359","22767","2299","2025-11-09","digital_services","1463.99","br","ecommerce","usd"
"928","8550","15930","2353","2025-09-21","electronics","9306.21","uk","contactless","eur"
"929","17146","21692","7233","2025-12-02","travel","7685.6","br","chip","usd"
"930","5955","14940","7228","2025-02-07","jewelry","5114.99","br","wallet","usd"
"931","5118","9396","1609","2025-11-24","electronics","7230.6","br","manual_keyed","gbp"
"932","1655","3223","7510","2025-09-30","grocery","5296.21","mx","wallet","usd"
"933","11024","4811","7604","2025-07-24","jewelry","9224.51","ae","manual_keyed","gbp"
"934","6996","11817","5011","2025-06-05","digital_services","5789.74","fr","ecommerce","eur"
"935","15820","2899","2395","2025-11-04","electronics","3976.7","de","manual_keyed","gbp"
"936","7542","6477","2288","2025-07-25","electronics","2280.51","fr","ecommerce","gbp"
"937","11388","7502","9603","2025-05-05","digital_services","8599.95","ae","wallet","eur"
"938","10083","4166","14051","2025-08-08","fuel","6127.4","mx","chip","cad"
"939","13636","20860","325","2025-04-05","jewelry","7319.31","de","wallet","gbp"
"940","3991","8208","12868","2025-05-04","digital_services","3719.43","fr","wallet","cad"
"941","9667","9923","13868","2025-03-19","cash_advance","1238.47","sg","manual_keyed","cad"
"942","10667","18576","4751","2025-12-25","electronics","9227.14","uk","manual_keyed","gbp"
"943","16417","14405","10802","2025-11-02","travel","9264.36","sg","ecommerce","usd"
"944","17981","18441","85","2025-01-31","digital_services","4856.53","mx","wallet","gbp"
"945","5442","12835","2957","2025-01-11","fuel","203.34","us","contactless","eur"
"946","9949","11757","2931","2025-12-18","jewelry","8166.29","sg","wallet","usd"
"947","5824","16044","1131","2025-10-03","fuel","8349.22","fr","manual_keyed","eur"
"948","12977","19249","8284","2025-06-11","grocery","3472.96","mx","manual_keyed","usd"
"949","16438","8690","4042","2025-04-30","digital_services","8135.89","mx","chip","cad"
"950","4920","4136","5003","2025-05-29","gaming","6233.49","us","contactless","usd"
"951","6200","8130","1024","2025-12-26","fuel","3062.23","br","contactless","eur"
"952","6642","13964","930","2025-05-12","jewelry","8618.15","ae","ecommerce","usd"
"953","12769","11145","10944","2025-10-19","fuel","1632.07","ae","chip","eur"
"954","2009","12422","10768","2025-07-30","cash_advance","9297.87","mx","contactless","usd"
"955","9506","17331","4631","2025-07-28","cash_advance","9389.39","br","manual_keyed","cad"
"956","16552","9945","12715","2025-11-03","electronics","708.95","de","wallet","gbp"
"957","3330","7124","11393","2025-05-29","travel","335.27","us","wallet","eur"
"958","12726","8589","658","2025-12-25","fuel","2989.69","mx","wallet","usd"
"959","11721","16598","2072","2025-11-08","travel","5665.52","mx","ecommerce","gbp"
"960","9081","1825","13148","2025-07-29","jewelry","3669.08","sg","manual_keyed","usd"
"961","3213","4603","3573","2025-04-02","jewelry","6809.16","mx","ecommerce","eur"
"962","15888","13433","7937","2025-01-05","gaming","8951.66","us","wallet","eur"
"963","744","11260","43","2025-10-10","cash_advance","4039.2","fr","ecommerce","eur"
"964","4627","20615","7773","2025-02-10","travel","2462.49","sg","contactless","usd"
"965","7920","10590","7625","2025-08-28","electronics","5177.88","br","wallet","cad"
"966","4147","13189","10438","2025-01-09","digital_services","837.62","uk","ecommerce","eur"
"967","17555","9931","13434","2025-06-23","fuel","1592.99","mx","ecommerce","usd"
"968","11966","23667","12412","2025-01-02","digital_services","6863.69","us","contactless","gbp"
"969","5991","9430","13525","2025-08-25","electronics","5076.07","br","manual_keyed","gbp"
"970","8292","7376","12678","2025-01-17","grocery","3856.61","br","manual_keyed","cad"
"971","3965","23140","11724","2025-06-25","digital_services","6736.57","br","manual_keyed","cad"
"972","17519","9736","12488","2025-10-09","grocery","2196.7","de","contactless","cad"
"973","13883","1763","10131","2025-03-27","digital_services","5912.57","ae","wallet","eur"
"974","6114","6889","7619","2025-05-30","digital_services","4237.46","uk","ecommerce","usd"
"975","9973","23557","2925","2025-12-11","cash_advance","1599.29","mx","ecommerce","usd"
"976","16290","7976","6319","2025-12-10","grocery","8744.34","br","chip","cad"
"977","14947","11308","2814","2025-03-02","fuel","7750.26","br","wallet","usd"
"978","11757","12183","8788","2025-07-01","jewelry","9115.07","br","chip","eur"
"979","10117","20520","13598","2025-03-09","fuel","2787.97","ae","ecommerce","cad"
"980","11760","14369","4549","2025-06-14","gaming","3288.21","uk","manual_keyed","cad"
"981","14859","1526","4379","2025-11-02","electronics","1334.57","ae","ecommerce","usd"
"982","1782","15619","8476","2025-06-21","digital_services","5041.94","mx","ecommerce","usd"
"983","4007","1762","7370","2025-03-02","jewelry","8500.05","sg","manual_keyed","usd"
"984","14126","3284","8849","2025-09-09","travel","853.39","mx","manual_keyed","cad"
"985","747","4208","10799","2025-05-31","gaming","8255.24","sg","ecommerce","eur"
"986","1796","16468","7368","2025-02-23","fuel","556.66","br","manual_keyed","cad"
"987","7541","4083","3691","2025-08-03","travel","5743.69","fr","wallet","cad"
"988","2863","17600","375","2025-09-24","grocery","5201.38","us","chip","usd"
"989","874","18858","6487","2025-11-01","jewelry","2217.84","br","chip","gbp"
"990","10005","7583","48","2025-02-19","gaming","5635.25","de","wallet","eur"
"991","4457","2775","7662","2025-09-20","digital_services","2950.57","us","chip","eur"
"992","3273","7690","14710","2025-05-09","jewelry","9226.87","fr","wallet","cad"
"993","8459","17525","8537","2025-07-21","travel","58.76","sg","chip","usd"
"994","3846","18640","1633","2025-10-15","travel","3138.5","de","contactless","gbp"
"995","7067","21677","4845","2025-06-02","digital_services","959.98","de","contactless","eur"
"996","13113","21878","2462","2025-07-04","travel","6137.48","de","wallet","gbp"
"997","1707","12401","12175","2025-03-03","grocery","3894.35","de","ecommerce","usd"
"998","11396","15654","2284","2025-06-17","cash_advance","3931.33","br","wallet","gbp"
"999","5416","13699","8932","2025-12-05","electronics","3929.95","uk","contactless","eur"
"1000","9939","1400","14895","2025-08-29","grocery","5805.09","ae","wallet","usd"
"1001","7085","10509","5365","2025-04-11","grocery","1209.51","us","wallet","gbp"
"1002","16810","10254","10594","2025-10-06","electronics","8328.42","us","contactless","eur"
"1003","1140","19745","13354","2025-03-22","digital_services","3667.91","fr","wallet","usd"
"1004","2203","1164","8300","2025-02-08","travel","6543.01","de","wallet","cad"
"1005","7337","4336","11222","2025-03-07","digital_services","795.95","sg","ecommerce","usd"
"1006","17879","14604","6197","2025-03-27","grocery","5008.23","de","manual_keyed","cad"
"1007","14630","22038","14902","2025-01-07","grocery","5402.54","sg","chip","usd"
"1008","503","23350","2910","2025-01-13","digital_services","1916.95","sg","wallet","usd"
"1009","320","13701","8237","2025-07-13","cash_advance","785.08","br","manual_keyed","usd"
"1010","139","1145","11399","2025-11-10","gaming","6707.33","fr","wallet","gbp"
"1011","5918","11601","4036","2025-07-17","cash_advance","2384.93","uk","chip","eur"
"1012","6797","18903","2798","2025-08-18","cash_advance","1282.05","fr","contactless","eur"
"1013","8306","17152","8398","2025-08-20","grocery","5177.59","ae","ecommerce","usd"
"1014","11674","22855","8486","2025-03-16","gaming","1991.89","mx","chip","eur"
"1015","8153","17744","11715","2025-02-06","fuel","1531.31","fr","contactless","eur"
"1016","11082","16635","13877","2025-04-16","electronics","9165.73","us","contactless","usd"
"1017","8339","7206","3869","2025-08-11","travel","2018.51","mx","chip","usd"
"1018","8319","4833","13798","2025-10-09","gaming","3980.03","fr","manual_keyed","usd"
"1019","8361","21307","12519","2025-03-02","fuel","5559.51","br","chip","cad"
"1020","17117","18544","8524","2025-11-11","jewelry","4021.73","fr","contactless","cad"
"1021","17438","973","4476","2025-03-12","jewelry","7925.95","us","chip","eur"
"1022","13976","7362","55","2025-12-08","travel","4156.25","us","chip","cad"
"1023","1545","4470","2908","2025-01-06","fuel","7347.93","mx","chip","gbp"
"1024","14296","22092","7429","2025-08-10","travel","1738.39","br","ecommerce","cad"
"1025","16075","11038","8134","2025-10-02","travel","592.43","uk","wallet","cad"
"1026","11032","9502","3916","2025-02-10","fuel","2730.36","ae","chip","cad"
"1027","5441","21950","7785","2025-05-05","digital_services","2050.04","mx","contactless","cad"
"1028","7157","25","3585","2025-08-28","jewelry","7756.11","de","manual_keyed","cad"
"1029","1343","15718","7329","2025-07-28","fuel","1694.15","us","manual_keyed","gbp"
"1030","2244","20057","7946","2025-01-31","cash_advance","6838.73","fr","contactless","gbp"
"1031","5464","18318","2232","2025-02-04","digital_services","9083.76","mx","ecommerce","gbp"
"1032","10711","20877","7637","2025-04-30","travel","6644.52","de","contactless","gbp"
"1033","9780","14277","13727","2025-01-20","travel","5166.4","uk","ecommerce","cad"
"1034","1390","16736","6037","2025-11-22","jewelry","7625.01","ae","wallet","eur"
"1035","11918","22777","10385","2025-04-27","jewelry","9241.41","fr","wallet","usd"
"1036","2239","84","11862","2025-04-16","electronics","3575.34","de","ecommerce","eur"
"1037","12404","5280","3213","2025-06-28","fuel","4260.39","mx","chip","eur"
"1038","6561","1321","14238","2025-06-30","grocery","3373.54","us","manual_keyed","usd"
"1039","708","10883","12580","2025-03-30","cash_advance","8794.39","us","contactless","eur"
"1040","9202","15640","481","2025-01-17","grocery","3028.57","de","contactless","usd"
"1041","4975","9692","3573","2025-09-11","jewelry","8905.78","fr","manual_keyed","gbp"
"1042","2906","11450","14807","2025-12-31","jewelry","2201.72","sg","manual_keyed","cad"
"1043","9301","15140","7650","2025-11-11","electronics","300.71","fr","wallet","usd"
"1044","13031","15888","8296","2025-10-14","digital_services","5224.83","br","contactless","eur"
"1045","14349","13392","10884","2025-05-05","fuel","7048.0","uk","wallet","usd"
"1046","6311","12251","5374","2025-08-19","jewelry","922.67","br","manual_keyed","cad"
"1047","1882","3098","11425","2025-07-13","jewelry","1650.17","uk","contactless","gbp"
"1048","2369","5471","9882","2025-11-10","grocery","309.78","br","chip","cad"
"1049","17146","22323","6872","2025-06-24","digital_services","5937.16","br","manual_keyed","usd"
"1050","14262","16350","9045","2025-06-26","jewelry","4905.85","de","wallet","gbp"
"1051","11640","14654","1340","2025-10-04","gaming","3333.77","de","chip","cad"
"1052","16625","19494","3157","2025-05-21","electronics","6632.04","fr","contactless","eur"
"1053","6212","7597","4553","2025-10-19","cash_advance","4263.91","de","manual_keyed","usd"
"1054","699","22872","812","2025-07-29","fuel","1720.56","mx","manual_keyed","eur"
"1055","6817","17715","5774","2025-11-20","jewelry","3181.46","de","wallet","gbp"
"1056","1618","13849","5034","2025-03-30","grocery","5453.4","us","contactless","gbp"
"1057","12272","23681","1072","2025-07-08","jewelry","4668.22","br","wallet","cad"
"1058","13239","17187","14587","2025-02-01","grocery","7807.81","sg","chip","cad"
"1059","8842","13064","12581","2025-09-15","fuel","2199.66","ae","chip","cad"
"1060","5243","5838","12774","2025-10-06","electronics","7181.84","us","wallet","gbp"
"1061","17307","23537","3425","2025-10-27","electronics","4460.6","mx","ecommerce","eur"
"1062","3269","9023","1954","2025-08-13","cash_advance","3777.39","fr","wallet","gbp"
"1063","14088","24115","10907","2025-12-17","grocery","1141.96","fr","contactless","usd"
"1064","13475","13180","14112","2025-06-15","gaming","2493.44","sg","wallet","eur"
"1065","2266","1227","3320","2025-11-04","digital_services","2363.05","fr","manual_keyed","cad"
"1066","3817","22015","12334","2025-01-24","travel","6113.86","mx","contactless","usd"
"1067","11915","9097","2038","2025-04-27","travel","1013.0","fr","wallet","eur"
"1068","13895","525","11055","2025-12-09","cash_advance","5441.26","br","chip","gbp"
"1069","10815","3659","12129","2025-05-13","electronics","2179.17","br","manual_keyed","eur"
"1070","7609","18305","1786","2025-02-25","jewelry","7230.88","de","wallet","gbp"
"1071","12027","2647","9551","2025-04-19","fuel","3311.18","uk","wallet","eur"
"1072","2740","1779","13021","2025-06-30","cash_advance","6619.62","mx","ecommerce","gbp"
"1073","16788","7208","13375","2025-11-03","gaming","8501.65","sg","contactless","eur"
"1074","3608","15503","4987","2025-09-07","cash_advance","861.26","mx","contactless","usd"
"1075","8494","13239","12127","2025-03-26","fuel","1465.2","us","manual_keyed","cad"
"1076","6296","8892","3087","2025-10-09","cash_advance","7168.71","us","ecommerce","cad"
"1077","2867","2383","11140","2025-11-20","gaming","7293.3","fr","ecommerce","eur"
"1078","15503","21165","3811","2025-11-12","travel","2041.17","mx","ecommerce","cad"
"1079","8164","7982","11029","2025-12-24","cash_advance","1344.74","mx","manual_keyed","gbp"
"1080","9977","8385","7332","2025-10-30","grocery","5063.64","fr","manual_keyed","usd"
"1081","9341","13201","6192","2025-08-16","cash_advance","5752.35","mx","contactless","gbp"
"1082","3756","15207","2691","2025-03-09","digital_services","6041.23","sg","contactless","eur"
"1083","8350","7203","7820","2025-05-23","jewelry","715.66","fr","chip","usd"
"1084","6869","10755","14785","2025-10-21","grocery","2830.43","fr","ecommerce","gbp"
"1085","6028","17690","2088","2025-10-30","digital_services","7155.5","fr","wallet","eur"
"1086","16300","8846","389","2025-09-24","digital_services","3485.21","ae","chip","gbp"
"1087","7462","15305","12104","2025-12-19","digital_services","9097.03","fr","chip","eur"
"1088","15084","17959","6201","2025-04-20","digital_services","5626.63","br","wallet","eur"
"1089","420","1434","1283","2025-11-24","digital_services","7519.03","sg","contactless","cad"
"1090","8447","5837","8762","2025-07-16","jewelry","8985.37","ae","chip","eur"
"1091","15084","9258","6110","2025-09-06","jewelry","581.86","mx","manual_keyed","usd"
"1092","17557","21750","5327","2025-06-10","grocery","4661.16","de","contactless","eur"
"1093","17609","18497","3131","2025-08-07","grocery","3169.2","uk","manual_keyed","cad"
"1094","17721","2731","3933","2025-11-24","fuel","8462.5","ae","ecommerce","cad"
"1095","5471","6310","13249","2025-06-09","fuel","4653.95","de","ecommerce","usd"
"1096","3629","11803","14485","2025-12-02","gaming","3079.42","us","ecommerce","eur"
"1097","8619","16585","1886","2025-10-10","gaming","6856.97","uk","chip","usd"
"1098","13870","1374","2348","2025-07-22","grocery","2016.84","uk","chip","gbp"
"1099","10012","1563","13494","2025-12-02","jewelry","658.42","de","manual_keyed","gbp"
"1100","11513","8894","14337","2025-07-21","gaming","7108.87","ae","wallet","eur"
"1101","7551","20127","7317","2025-10-29","gaming","7379.06","fr","ecommerce","usd"
"1102","15106","21540","3471","2025-07-26","fuel","3684.88","ae","contactless","cad"
"1103","8617","356","6128","2025-03-02","gaming","3402.26","mx","ecommerce","usd"
"1104","10766","20768","13130","2025-10-11","cash_advance","6882.07","uk","chip","eur"
"1105","7171","18629","13147","2025-07-07","gaming","7155.23","br","ecommerce","usd"
"1106","8524","1863","6452","2025-03-17","electronics","4394.9","sg","manual_keyed","usd"
"1107","11448","16105","13544","2025-06-22","travel","6528.78","uk","wallet","usd"
"1108","42","17396","11508","2025-05-11","cash_advance","8450.08","br","contactless","cad"
"1109","8611","21883","3898","2025-08-25","grocery","2522.3","de","wallet","cad"
"1110","13198","6891","7723","2025-06-13","electronics","2846.64","us","contactless","eur"
"1111","2965","6413","6264","2025-08-05","electronics","1469.24","uk","wallet","usd"
"1112","8182","17883","14375","2025-08-29","travel","263.46","us","chip","gbp"
"1113","10440","7483","4454","2025-11-17","grocery","3728.79","mx","wallet","gbp"
"1114","5446","24122","4721","2025-06-02","grocery","1808.2","mx","chip","eur"
"1115","3505","11061","10149","2025-01-09","cash_advance","563.37","mx","wallet","cad"
"1116","17922","17245","8267","2025-12-18","gaming","3307.86","mx","ecommerce","gbp"
"1117","4109","18322","8050","2025-09-20","digital_services","7083.54","us","ecommerce","cad"
"1118","9348","21959","5017","2025-07-22","fuel","553.26","fr","chip","usd"
"1119","14010","837","6393","2025-05-15","grocery","9303.59","de","manual_keyed","usd"
"1120","2881","7576","1157","2025-11-19","grocery","6272.93","ae","contactless","cad"
"1121","2210","8378","14242","2025-02-16","gaming","6494.48","mx","ecommerce","gbp"
"1122","6027","18581","13010","2025-12-03","cash_advance","7167.76","ae","contactless","usd"
"1123","5543","10310","3340","2025-02-10","travel","9273.13","ae","manual_keyed","eur"
"1124","2818","2551","6193","2025-05-03","digital_services","3034.34","br","ecommerce","usd"
"1125","7509","13007","1234","2025-12-07","jewelry","7937.35","uk","wallet","cad"
"1126","17560","9434","3824","2025-12-05","travel","4112.38","ae","chip","usd"
"1127","17984","11613","14434","2025-03-19","grocery","9097.67","us","manual_keyed","cad"
"1128","13171","3502","8754","2025-02-08","digital_services","7318.89","sg","ecommerce","eur"
"1129","6917","13028","6005","2025-11-02","digital_services","3985.31","de","manual_keyed","gbp"
"1130","6931","172","7384","2025-06-05","jewelry","1524.74","mx","ecommerce","cad"
"1131","3953","14531","599","2025-03-08","fuel","4398.69","de","wallet","gbp"
"1132","16354","20684","13990","2025-06-15","digital_services","2509.8","mx","wallet","usd"
"1133","15866","22648","8113","2025-09-06","jewelry","6738.87","uk","wallet","cad"
"1134","15516","23552","8928","2025-01-12","fuel","6383.07","sg","contactless","gbp"
"1135","15549","23282","12095","2025-01-19","electronics","4564.21","mx","ecommerce","usd"
"1136","15240","22672","11835","2025-06-22","electronics","2587.67","uk","contactless","eur"
"1137","14481","10978","6677","2025-09-16","gaming","4233.68","mx","contactless","gbp"
"1138","3432","7669","9868","2025-03-22","grocery","2469.1","ae","manual_keyed","gbp"
"1139","16394","18832","12687","2025-11-26","jewelry","6019.54","de","contactless","cad"
"1140","15113","17237","12209","2025-01-18","travel","4729.06","fr","contactless","eur"
"1141","3807","7213","7429","2025-01-06","jewelry","6826.4","br","manual_keyed","cad"
"1142","466","15339","7104","2025-07-30","grocery","4365.3","mx","wallet","eur"
"1143","17220","11745","4821","2025-01-30","digital_services","8872.87","fr","manual_keyed","usd"
"1144","10914","5317","6333","2025-08-16","gaming","2719.75","sg","contactless","eur"
"1145","544","20104","4332","2025-05-19","fuel","6675.28","ae","chip","eur"
"1146","5896","10493","10609","2025-05-07","electronics","9468.2","uk","contactless","usd"
"1147","15095","15672","4389","2025-02-13","fuel","8478.43","sg","manual_keyed","usd"
"1148","17796","15907","5135","2025-02-15","grocery","7088.28","de","contactless","usd"
"1149","9179","2248","5875","2025-10-05","electronics","5179.2","mx","chip","eur"
"1150","2198","741","7685","2025-07-06","grocery","1084.51","br","contactless","gbp"
"1151","9910","21606","3470","2025-06-06","fuel","2039.54","uk","wallet","usd"
"1152","16419","5003","2842","2025-08-04","cash_advance","1802.49","de","manual_keyed","usd"
"1153","1910","12153","3719","2025-07-07","jewelry","2744.24","mx","contactless","usd"
"1154","15923","11920","6684","2025-07-13","fuel","3416.99","us","wallet","usd"
"1155","8320","10334","1856","2025-06-18","grocery","4703.34","fr","manual_keyed","cad"
"1156","10373","15571","2351","2025-07-29","digital_services","702.96","ae","contactless","eur"
"1157","2080","17177","7128","2025-08-24","digital_services","1905.98","ae","manual_keyed","cad"
"1158","8763","23645","2792","2025-03-20","fuel","3912.19","ae","manual_keyed","gbp"
"1159","8611","9017","11579","2025-12-31","gaming","7264.69","br","manual_keyed","cad"
"1160","11591","2494","5582","2025-10-24","grocery","2877.65","us","ecommerce","usd"
"1161","17808","11778","12199","2025-03-03","jewelry","2160.45","fr","ecommerce","cad"
"1162","1969","18007","13126","2025-05-23","digital_services","6316.92","us","wallet","gbp"
"1163","9528","22370","14886","2025-07-31","grocery","8051.11","uk","manual_keyed","usd"
"1164","14625","17939","11162","2025-04-28","electronics","1555.48","br","ecommerce","eur"
"1165","7221","22599","13333","2025-10-19","gaming","806.06","uk","ecommerce","usd"
"1166","5330","13592","3776","2025-11-22","gaming","2799.28","mx","contactless","cad"
"1167","3084","3307","10669","2025-10-17","cash_advance","6807.69","uk","contactless","cad"
"1168","3976","19213","2574","2025-05-29","fuel","6558.72","fr","manual_keyed","gbp"
"1169","4204","22006","7787","2025-08-20","jewelry","8873.69","sg","wallet","cad"
"1170","5958","17854","13542","2025-06-14","digital_services","5526.13","us","wallet","eur"
"1171","2640","2104","1928","2025-10-20","electronics","6819.08","br","contactless","eur"
"1172","3658","15030","8070","2025-12-02","jewelry","6631.6","br","manual_keyed","cad"
"1173","2041","9957","11780","2025-12-03","electronics","737.66","uk","ecommerce","usd"
"1174","14139","11138","3052","2025-04-05","digital_services","1705.44","uk","manual_keyed","gbp"
"1175","5678","5045","6165","2025-03-16","digital_services","9395.25","uk","wallet","cad"
"1176","44","16346","14035","2025-12-27","electronics","8905.51","uk","contactless","usd"
"1177","1687","21280","13598","2025-07-06","electronics","7586.32","uk","chip","usd"
"1178","12706","8819","9807","2025-12-04","travel","8476.81","br","wallet","cad"
"1179","12030","23328","4520","2025-07-30","gaming","1017.26","mx","wallet","cad"
"1180","3365","3819","12741","2025-06-03","jewelry","5566.09","mx","chip","cad"
"1181","10289","18949","3282","2025-04-25","jewelry","7986.85","de","contactless","cad"
"1182","6400","22103","1957","2025-04-30","digital_services","105.96","br","contactless","gbp"
"1183","16436","15725","11880","2025-02-09","jewelry","2491.58","fr","chip","usd"
"1184","9631","15755","8251","2025-06-07","grocery","4733.16","uk","ecommerce","usd"
"1185","5438","14760","3227","2025-08-04","travel","9006.78","br","manual_keyed","gbp"
"1186","15726","10425","13364","2025-10-08","fuel","875.55","br","wallet","eur"
"1187","6575","21717","5363","2025-02-26","fuel","5727.77","ae","contactless","eur"
"1188","174","12372","3587","2025-02-05","grocery","676.74","us","manual_keyed","usd"
"1189","443","23786","12513","2025-12-26","fuel","7877.28","uk","contactless","gbp"
"1190","7679","13896","2453","2025-02-16","fuel","6998.18","de","chip","usd"
"1191","8780","22653","6660","2025-05-26","cash_advance","5294.01","ae","ecommerce","gbp"
"1192","4054","337","6417","2025-02-11","digital_services","5831.46","mx","wallet","gbp"
"1193","3329","22800","4552","2025-10-10","jewelry","917.5","us","contactless","usd"
"1194","12812","17785","14562","2025-08-16","grocery","3117.99","br","chip","gbp"
"1195","3100","18456","11439","2025-10-17","travel","5041.79","br","wallet","usd"
"1196","6108","13836","6562","2025-04-19","digital_services","1933.14","us","wallet","eur"
"1197","12599","12446","9052","2025-12-19","cash_advance","5203.19","mx","chip","cad"
"1198","17478","2389","4583","2025-11-10","digital_services","6528.78","mx","chip","cad"
"1199","9183","16566","14405","2025-08-17","fuel","444.84","sg","ecommerce","gbp"
"1200","17099","4372","2988","2025-05-12","digital_services","5232.52","us","wallet","gbp"
"1201","7073","10328","9037","2025-08-12","gaming","8326.98","mx","contactless","eur"
"1202","13109","14736","1855","2025-01-13","travel","4358.62","mx","ecommerce","eur"
"1203","10168","1436","13705","2025-10-22","travel","782.38","ae","contactless","gbp"
"1204","13820","5118","276","2025-07-04","electronics","5000.75","us","contactless","eur"
"1205","15406","14678","7613","2025-03-09","cash_advance","8399.85","sg","ecommerce","eur"
"1206","15583","16630","3731","2025-07-27","travel","7403.09","fr","ecommerce","gbp"
"1207","12392","20047","9274","2025-11-16","travel","587.36","de","ecommerce","usd"
"1208","7166","2125","7881","2025-07-14","grocery","8287.19","ae","wallet","cad"
"1209","11990","15518","6840","2025-08-03","gaming","3562.11","mx","manual_keyed","usd"
"1210","13502","5638","3748","2025-10-22","grocery","5867.9","sg","wallet","cad"
"1211","3864","11575","2575","2025-02-13","jewelry","9194.5","fr","manual_keyed","eur"
"1212","4273","740","13389","2025-08-08","cash_advance","8390.53","fr","ecommerce","gbp"
"1213","1565","12617","11831","2025-06-29","fuel","4299.95","sg","contactless","cad"
"1214","934","18021","741","2025-11-17","jewelry","5752.24","br","manual_keyed","usd"
"1215","2969","15987","4548","2025-03-22","jewelry","5514.68","ae","contactless","eur"
"1216","3262","6665","1508","2025-05-07","gaming","1810.0","mx","wallet","gbp"
"1217","9898","9443","10318","2025-04-11","gaming","7195.38","mx","contactless","cad"
"1218","13816","8707","13482","2025-04-06","gaming","280.39","mx","chip","usd"
"1219","200","5890","2921","2025-02-20","travel","487.34","ae","wallet","cad"
"1220","9096","7493","1129","2025-04-17","grocery","3160.32","uk","manual_keyed","cad"
"1221","5746","10850","11494","2025-03-15","jewelry","1290.08","fr","wallet","eur"
"1222","15374","7064","9635","2025-10-02","fuel","4831.32","fr","contactless","usd"
"1223","17456","17257","10728","2025-04-21","gaming","1969.1","de","manual_keyed","gbp"
"1224","10815","1011","765","2025-06-24","electronics","3250.74","us","contactless","usd"
"1225","9048","3258","11267","2025-08-23","travel","1256.87","de","ecommerce","gbp"
"1226","7780","17290","6578","2025-11-20","fuel","1997.56","us","wallet","gbp"
"1227","7889","8914","4846","2025-01-25","travel","317.46","us","contactless","gbp"
"1228","8360","6716","9802","2025-07-27","electronics","5265.51","br","wallet","usd"
"1229","7714","12070","1711","2025-06-20","jewelry","4148.72","mx","wallet","cad"
"1230","11966","9740","4287","2025-04-19","gaming","8451.67","fr","chip","eur"
"1231","15644","24158","1961","2025-07-26","fuel","1501.27","us","wallet","eur"
"1232","606","23962","2726","2025-10-31","cash_advance","7131.14","br","manual_keyed","eur"
"1233","14115","982","5962","2025-04-21","grocery","3369.43","uk","contactless","usd"
"1234","317","17222","8203","2025-12-26","digital_services","6290.27","mx","chip","gbp"
"1235","2978","8055","13082","2025-08-03","grocery","8899.17","fr","manual_keyed","usd"
"1236","16603","13839","6311","2025-05-10","digital_services","4290.79","sg","contactless","gbp"
"1237","17944","14366","4769","2025-11-16","fuel","5938.01","mx","manual_keyed","eur"
"1238","6338","9216","4814","2025-05-23","electronics","7790.76","de","manual_keyed","usd"
"1239","10596","23618","7361","2025-07-07","electronics","7619.55","ae","ecommerce","cad"
"1240","5194","8356","9057","2025-11-21","electronics","8525.95","sg","chip","gbp"
"1241","15202","9624","8925","2025-03-22","grocery","6093.98","us","wallet","cad"
"1242","5248","3389","8867","2025-03-31","gaming","959.66","sg","manual_keyed","usd"
"1243","17140","2336","1372","2025-06-09","cash_advance","2504.11","fr","wallet","cad"
"1244","304","24127","2553","2025-04-05","cash_advance","675.76","fr","chip","gbp"
"1245","14103","7986","663","2025-07-20","digital_services","9258.69","uk","manual_keyed","eur"
"1246","10455","5733","8028","2025-07-31","fuel","7104.36","us","manual_keyed","usd"
"1247","13907","5090","1731","2025-06-23","electronics","8403.24","uk","ecommerce","eur"
"1248","11109","7682","14434","2025-06-28","electronics","2023.79","fr","ecommerce","gbp"
"1249","570","11730","12364","2025-12-27","cash_advance","6636.79","us","wallet","gbp"
"1250","3584","7503","13315","2025-06-20","digital_services","5299.02","fr","wallet","cad"
"1251","1448","2802","12421","2025-05-04","gaming","9407.26","fr","chip","eur"
"1252","3172","23964","9488","2025-09-24","gaming","5438.86","mx","chip","cad"
"1253","13999","21367","6000","2025-01-09","digital_services","5209.72","us","contactless","eur"
"1254","6911","6082","736","2025-05-15","grocery","1431.45","us","manual_keyed","gbp"
"1255","1199","7682","3718","2025-03-20","fuel","9347.83","ae","manual_keyed","usd"
"1256","16936","5076","1633","2025-09-08","digital_services","1250.05","sg","contactless","eur"
"1257","1292","21950","4318","2025-03-11","grocery","546.66","br","contactless","usd"
"1258","5737","8783","5131","2025-05-20","grocery","2481.48","ae","wallet","usd"
"1259","5487","23659","4968","2025-08-15","electronics","643.17","fr","ecommerce","gbp"
"1260","14316","14983","13599","2025-04-28","cash_advance","93.16","uk","ecommerce","cad"
"1261","7252","23986","12127","2025-11-02","grocery","2082.63","us","contactless","gbp"
"1262","13302","11234","1279","2025-12-01","travel","4173.4","us","contactless","cad"
"1263","2063","12364","12080","2025-06-08","travel","1649.47","uk","wallet","eur"
"1264","3673","17609","1106","2025-09-28","electronics","4753.93","fr","wallet","cad"
"1265","16919","9203","2308","2025-12-31","electronics","3938.15","de","manual_keyed","gbp"
"1266","17441","9143","2264","2025-11-14","jewelry","3266.58","uk","wallet","usd"
"1267","285","19139","9502","2025-03-21","fuel","9156.53","br","chip","gbp"
"1268","10464","21697","1337","2025-09-25","jewelry","2536.04","sg","wallet","eur"
"1269","5952","1983","10932","2025-05-04","grocery","6986.46","fr","manual_keyed","gbp"
"1270","1280","11022","10354","2025-02-08","fuel","3314.5","ae","ecommerce","usd"
"1271","17713","3956","12963","2025-09-19","digital_services","4094.06","sg","ecommerce","gbp"
"1272","480","2769","7740","2025-02-22","cash_advance","5211.04","de","chip","eur"
"1273","439","9976","1565","2025-12-08","cash_advance","3883.8","uk","contactless","cad"
"1274","3049","7859","10115","2025-02-27","digital_services","207.72","us","contactless","gbp"
"1275","3913","18897","11938","2025-12-29","grocery","3738.49","fr","ecommerce","usd"
"1276","8807","8270","5245","2025-12-06","electronics","8038.75","sg","chip","eur"
"1277","4905","19711","7356","2025-01-03","cash_advance","5292.6","us","chip","usd"
"1278","1716","15889","12530","2025-01-14","jewelry","7927.77","ae","contactless","usd"
"1279","7337","14424","11182","2025-05-28","electronics","3368.4","uk","contactless","gbp"
"1280","595","13506","13378","2025-11-27","jewelry","467.83","ae","wallet","eur"
"1281","2394","9158","14652","2025-04-22","digital_services","6657.21","de","contactless","eur"
"1282","3578","857","4018","2025-08-11","digital_services","6306.11","de","wallet","eur"
"1283","9191","4315","12378","2025-10-26","cash_advance","1108.89","us","wallet","gbp"
"1284","16329","16556","3056","2025-04-01","fuel","446.33","us","contactless","usd"
"1285","6734","23973","11069","2025-05-31","grocery","6245.68","de","contactless","usd"
"1286","17243","1761","8134","2025-03-15","jewelry","3651.09","us","contactless","cad"
"1287","7429","15932","10702","2025-03-02","electronics","9097.93","de","wallet","usd"
"1288","4545","9441","7851","2025-09-07","fuel","3121.39","ae","ecommerce","usd"
"1289","6798","4210","8331","2025-04-09","digital_services","641.79","sg","chip","eur"
"1290","5527","15572","12057","2025-06-29","electronics","4442.64","us","ecommerce","usd"
"1291","2783","7880","433","2025-01-23","digital_services","1943.12","uk","wallet","cad"
"1292","12788","3582","11348","2025-09-04","jewelry","4645.23","uk","contactless","gbp"
"1293","7946","23109","9868","2025-03-12","grocery","8488.91","ae","contactless","usd"
"1294","1219","14061","11480","2025-04-30","digital_services","7778.79","mx","ecommerce","gbp"
"1295","4170","20803","8466","2025-11-07","cash_advance","5152.82","uk","contactless","usd"
"1296","11836","440","11955","2025-12-17","digital_services","3985.47","uk","contactless","gbp"
"1297","9849","898","3519","2025-01-08","cash_advance","7014.33","de","contactless","cad"
"1298","15514","14672","8534","2025-08-26","digital_services","2993.05","mx","manual_keyed","usd"
"1299","8757","1083","11563","2025-04-07","jewelry","6818.15","de","wallet","usd"
"1300","9573","3332","7518","2025-12-21","cash_advance","530.61","br","manual_keyed","usd"
"1301","14148","8849","5779","2025-09-27","jewelry","2683.35","mx","contactless","usd"
"1302","3988","15632","5241","2025-10-21","jewelry","8896.84","de","manual_keyed","usd"
"1303","11964","11705","7964","2025-01-15","cash_advance","2728.98","sg","contactless","usd"
"1304","9570","16042","5783","2025-02-07","fuel","2411.75","uk","wallet","gbp"
"1305","8468","1834","12435","2025-07-27","fuel","2534.17","mx","ecommerce","gbp"
"1306","178","3376","1668","2025-10-26","cash_advance","401.3","ae","manual_keyed","eur"
"1307","3455","6076","9028","2025-08-17","fuel","6692.98","us","manual_keyed","usd"
"1308","17616","17832","8553","2025-01-24","electronics","5530.26","de","wallet","usd"
"1309","15180","2852","4944","2025-07-31","grocery","5514.81","de","manual_keyed","usd"
"1310","15610","701","7699","2025-08-28","cash_advance","5374.53","de","manual_keyed","gbp"
"1311","9479","7879","8698","2025-11-02","jewelry","3483.13","fr","chip","usd"
"1312","15183","1334","5286","2025-10-02","fuel","6549.63","ae","chip","eur"
"1313","7715","20677","8102","2025-02-02","digital_services","5372.5","de","contactless","gbp"
"1314","12000","234","2261","2025-02-11","fuel","4703.97","ae","wallet","cad"
"1315","5661","17931","1862","2025-07-03","grocery","2428.29","ae","chip","gbp"
"1316","3949","6778","2444","2025-08-27","digital_services","6679.52","fr","ecommerce","cad"
"1317","13250","7683","6390","2025-05-11","jewelry","393.85","sg","manual_keyed","cad"
"1318","17430","13099","3830","2025-08-18","grocery","3219.37","mx","manual_keyed","gbp"
"1319","12832","553","8422","2025-08-28","cash_advance","8204.11","fr","contactless","eur"
"1320","2842","3634","13989","2025-07-26","travel","5800.01","fr","ecommerce","eur"
"1321","1309","1023","2383","2025-06-22","electronics","9173.56","uk","ecommerce","eur"
"1322","6916","2903","8419","2025-10-04","grocery","7493.58","mx","contactless","usd"
"1323","15208","11022","137","2025-08-10","cash_advance","2119.15","de","contactless","gbp"
"1324","10737","5927","13431","2025-12-05","digital_services","3745.39","br","contactless","usd"
"1325","13786","10117","2755","2025-10-09","fuel","8480.5","ae","wallet","usd"
"1326","14525","22403","3695","2025-06-16","digital_services","4881.74","mx","contactless","gbp"
"1327","15657","8775","13286","2025-10-12","digital_services","2460.68","mx","manual_keyed","cad"
"1328","5893","15098","5385","2025-01-15","gaming","1413.94","ae","chip","eur"
"1329","10951","8589","13579","2025-04-04","jewelry","7311.96","mx","manual_keyed","eur"
"1330","3524","17061","13545","2025-11-11","fuel","8322.84","fr","ecommerce","usd"
"1331","6981","15590","11354","2025-02-08","electronics","2516.91","br","wallet","cad"
"1332","15439","6686","10787","2025-10-30","jewelry","2025.87","de","wallet","eur"
"1333","2017","22180","6893","2025-12-05","digital_services","6215.07","de","ecommerce","cad"
"1334","14604","2186","11552","2025-01-01","gaming","6302.68","sg","contactless","cad"
"1335","15158","15515","10911","2025-12-07","grocery","4369.22","ae","wallet","gbp"
"1336","1268","12369","6123","2025-08-22","travel","5337.87","br","contactless","gbp"
"1337","11451","12810","9657","2025-04-13","digital_services","3137.18","sg","wallet","usd"
"1338","8611","15854","14779","2025-06-11","digital_services","2951.55","fr","contactless","eur"
"1339","13832","295","1324","2025-05-16","electronics","6989.75","sg","contactless","eur"
"1340","3609","14354","6478","2025-10-26","cash_advance","2669.01","us","contactless","eur"
"1341","17103","5934","3300","2025-05-01","fuel","4268.76","us","wallet","gbp"
"1342","10187","195","5542","2025-08-18","fuel","9461.17","br","chip","eur"
"1343","7058","17123","3009","2025-04-13","electronics","1483.98","fr","contactless","eur"
"1344","6448","5715","9597","2025-11-03","digital_services","3579.55","de","manual_keyed","eur"
"1345","16508","1860","12221","2025-07-29","jewelry","4655.96","us","wallet","eur"
"1346","5029","14295","1997","2025-04-27","electronics","6882.35","us","manual_keyed","usd"
"1347","9243","23823","9931","2025-06-27","electronics","4917.41","mx","chip","cad"
"1348","9104","794","3788","2025-04-11","travel","8066.59","ae","ecommerce","eur"
"1349","6076","12701","9965","2025-10-18","travel","4932.85","sg","manual_keyed","usd"
"1350","9104","14020","4495","2025-08-01","fuel","1379.31","br","contactless","gbp"
"1351","672","24086","11519","2025-04-29","grocery","3180.17","uk","wallet","cad"
"1352","14918","15984","14751","2025-11-05","grocery","3587.67","uk","wallet","cad"
"1353","12052","5008","12872","2025-09-20","electronics","6126.39","sg","chip","gbp"
"1354","11511","9573","12723","2025-10-08","gaming","7207.71","de","ecommerce","gbp"
"1355","5371","11850","5730","2025-11-06","gaming","1176.97","sg","manual_keyed","usd"
"1356","15360","9199","9097","2025-09-27","fuel","4067.72","mx","ecommerce","cad"
"1357","12492","5806","1230","2025-01-08","fuel","8795.93","de","manual_keyed","cad"
"1358","9469","10887","1822","2025-11-07","fuel","3798.97","fr","ecommerce","cad"
"1359","4416","3121","8981","2025-10-13","travel","7105.31","mx","manual_keyed","cad"
"1360","4063","4147","9051","2025-02-16","fuel","7424.5","fr","chip","gbp"
"1361","16347","9863","1523","2025-11-03","jewelry","976.71","ae","contactless","usd"
"1362","7510","10539","970","2025-02-10","grocery","8405.73","sg","manual_keyed","cad"
"1363","11853","1489","232","2025-05-05","gaming","649.65","de","manual_keyed","usd"
"1364","11460","14147","3805","2025-12-12","cash_advance","8813.34","ae","contactless","eur"
"1365","8911","8432","7125","2025-05-03","grocery","2317.66","ae","ecommerce","cad"
"1366","7016","18014","619","2025-07-10","travel","1571.31","mx","chip","gbp"
"1367","15020","21968","12832","2025-09-24","cash_advance","3774.83","fr","contactless","eur"
"1368","16415","8169","8612","2025-03-18","travel","28.25","mx","ecommerce","cad"
"1369","9309","16276","719","2025-04-27","fuel","5927.64","ae","ecommerce","eur"
"1370","948","8373","1956","2025-12-06","jewelry","4581.75","sg","manual_keyed","usd"
"1371","2083","14719","5955","2025-10-18","digital_services","2225.25","ae","contactless","gbp"
"1372","5446","4658","14190","2025-06-20","gaming","4579.42","de","wallet","gbp"
"1373","286","3983","6919","2025-10-13","cash_advance","4368.81","sg","wallet","gbp"
"1374","17884","13387","9581","2025-07-03","grocery","1897.76","uk","chip","cad"
"1375","10630","3566","3813","2025-09-01","gaming","4743.94","us","wallet","gbp"
"1376","1500","4033","11765","2025-12-02","jewelry","2598.31","sg","wallet","cad"
"1377","15021","13","12381","2025-12-04","jewelry","4550.88","ae","chip","gbp"
"1378","13036","1239","11828","2025-11-18","jewelry","1335.43","de","chip","usd"
"1379","8569","4346","1060","2025-06-14","grocery","4036.24","uk","chip","usd"
"1380","4573","3800","3193","2025-01-25","grocery","2225.46","sg","contactless","eur"
"1381","14475","16232","8577","2025-01-17","cash_advance","1579.37","us","chip","cad"
"1382","4714","6842","9225","2025-12-27","electronics","2020.72","sg","wallet","eur"
"1383","8606","18959","7691","2025-06-26","jewelry","2145.91","ae","contactless","eur"
"1384","9231","1058","2378","2025-06-28","electronics","6023.11","sg","manual_keyed","cad"
"1385","8842","9077","11099","2025-06-17","cash_advance","1334.7","br","manual_keyed","usd"
"1386","16360","617","469","2025-11-23","electronics","743.21","mx","contactless","cad"
"1387","11679","16275","9376","2025-10-15","jewelry","619.91","br","contactless","usd"
"1388","13895","5457","4665","2025-03-07","digital_services","5357.53","ae","wallet","cad"
"1389","2545","1779","1830","2025-03-02","gaming","5746.85","sg","chip","usd"
"1390","13683","19803","7487","2025-05-23","grocery","1524.47","de","contactless","eur"
"1391","7905","2001","504","2025-01-30","travel","6865.9","uk","contactless","usd"
"1392","4589","18514","11499","2025-10-21","digital_services","5838.72","ae","contactless","eur"
"1393","11938","4947","7449","2025-06-18","digital_services","6200.17","fr","wallet","usd"
"1394","15557","9340","10173","2025-08-08","grocery","7774.01","uk","ecommerce","cad"
"1395","10247","15469","12495","2025-12-28","gaming","8514.32","us","chip","eur"
"1396","2303","2785","8865","2025-06-01","digital_services","8298.77","fr","manual_keyed","cad"
"1397","16719","23532","6172","2025-09-12","grocery","3591.75","fr","wallet","cad"
"1398","15818","15393","13907","2025-03-24","fuel","1554.58","uk","wallet","gbp"
"1399","12038","14359","4848","2025-12-27","electronics","9191.68","fr","contactless","eur"
"1400","14556","11833","9299","2025-12-17","gaming","3716.44","uk","chip","usd"
"1401","257","1319","11994","2025-09-13","electronics","8507.66","us","contactless","eur"
"1402","10385","4838","2423","2025-01-02","travel","1332.74","fr","chip","gbp"
"1403","13173","14622","6000","2025-01-28","digital_services","4050.06","mx","contactless","cad"
"1404","12303","4678","10436","2025-05-02","grocery","3412.33","mx","wallet","gbp"
"1405","8631","6617","12014","2025-05-10","electronics","7110.02","sg","contactless","usd"
"1406","9111","14551","4500","2025-07-03","cash_advance","5427.36","br","wallet","gbp"
"1407","1851","12468","8085","2025-03-10","gaming","7977.39","mx","manual_keyed","eur"
"1408","17319","10177","2602","2025-12-23","travel","4873.11","br","contactless","gbp"
"1409","14869","14559","301","2025-10-25","digital_services","481.61","sg","wallet","eur"
"1410","15997","4908","2559","2025-02-01","travel","4103.67","fr","chip","eur"
"1411","10348","7917","12417","2025-05-18","travel","7707.98","us","contactless","gbp"
"1412","9427","10445","6825","2025-09-10","cash_advance","9339.29","fr","manual_keyed","gbp"
"1413","15093","19314","8130","2025-12-02","gaming","6354.9","fr","manual_keyed","cad"
"1414","12253","18450","14955","2025-07-08","electronics","5507.32","fr","chip","gbp"
"1415","5999","561","8581","2025-09-07","jewelry","7290.85","de","chip","cad"
"1416","2118","7906","10918","2025-08-10","jewelry","8117.83","fr","manual_keyed","gbp"
"1417","11793","392","1024","2025-03-23","grocery","9487.8","sg","ecommerce","usd"
"1418","7466","23791","13858","2025-02-03","gaming","4538.0","fr","contactless","eur"
"1419","6008","3097","2609","2025-09-27","gaming","8885.68","uk","chip","usd"
"1420","17123","11733","11949","2025-12-08","fuel","1840.09","ae","contactless","gbp"
"1421","11097","9233","6165","2025-11-23","gaming","8818.42","de","chip","usd"
"1422","5371","20643","1765","2025-07-08","cash_advance","7784.35","uk","ecommerce","usd"
"1423","216","16011","12168","2025-03-23","electronics","4223.69","fr","ecommerce","cad"
"1424","16854","23871","11494","2025-12-16","electronics","4549.12","ae","ecommerce","eur"
"1425","10191","2044","10227","2025-03-02","grocery","9099.17","us","wallet","eur"
"1426","35","9822","5431","2025-09-18","fuel","5560.98","sg","manual_keyed","cad"
"1427","15184","18060","2751","2025-07-19","cash_advance","3064.79","uk","manual_keyed","usd"
"1428","7018","20901","12433","2025-09-27","electronics","5538.46","ae","chip","usd"
"1429","6483","12028","14791","2025-11-08","cash_advance","7232.77","uk","wallet","usd"
"1430","1197","21614","4679","2025-07-29","grocery","2850.37","sg","ecommerce","usd"
"1431","1617","8529","7473","2025-04-22","jewelry","3907.62","ae","contactless","cad"
"1432","2352","8294","9140","2025-10-29","digital_services","5445.44","sg","chip","gbp"
"1433","12195","9636","6255","2025-09-06","gaming","2725.29","ae","wallet","eur"
"1434","4428","8509","13186","2025-07-01","digital_services","6587.66","uk","ecommerce","gbp"
"1435","3387","522","6530","2025-11-19","fuel","5210.36","mx","chip","cad"
"1436","5223","16363","8496","2025-02-08","fuel","4016.65","de","chip","usd"
"1437","900","22876","14258","2025-07-13","gaming","414.84","fr","wallet","gbp"
"1438","1669","15144","9481","2025-12-10","travel","7407.68","uk","wallet","cad"
"1439","10830","1622","13072","2025-01-05","cash_advance","9007.39","br","wallet","eur"
"1440","549","5551","10432","2025-07-24","electronics","1503.08","us","chip","usd"
"1441","11556","13341","4921","2025-12-23","fuel","355.49","us","wallet","usd"
"1442","2159","10367","1368","2025-05-06","fuel","4005.49","mx","manual_keyed","eur"
"1443","2223","475","10796","2025-01-31","jewelry","203.97","br","chip","gbp"
"1444","12320","14261","1140","2025-10-23","cash_advance","4982.22","sg","contactless","eur"
"1445","3826","10436","9027","2025-09-08","fuel","1607.46","sg","manual_keyed","usd"
"1446","9392","19340","7375","2025-06-09","travel","2699.78","de","wallet","eur"
"1447","662","16674","13637","2025-09-23","fuel","2869.27","sg","manual_keyed","eur"
"1448","14418","8372","7535","2025-12-27","grocery","305.66","ae","chip","usd"
"1449","10695","11117","5745","2025-12-25","travel","5048.84","us","chip","gbp"
"1450","11316","10766","1472","2025-08-15","jewelry","336.68","uk","ecommerce","gbp"
"1451","16486","807","11379","2025-05-20","fuel","1629.61","de","contactless","usd"
"1452","3500","13132","1602","2025-01-12","travel","1742.82","mx","chip","eur"
"1453","13944","6830","1439","2025-06-13","gaming","9022.72","us","chip","usd"
"1454","3348","444","12980","2025-08-02","jewelry","6351.08","de","contactless","gbp"
"1455","2384","2592","11919","2025-06-04","gaming","8106.51","uk","manual_keyed","eur"
"1456","3738","23610","4795","2025-07-22","fuel","5291.03","us","chip","cad"
"1457","10030","13593","11325","2025-01-09","gaming","7517.36","ae","manual_keyed","eur"
"1458","2070","3764","13131","2025-09-27","jewelry","6060.57","br","ecommerce","usd"
"1459","5224","7366","6824","2025-04-21","grocery","6647.93","us","chip","cad"
"1460","8514","1365","6363","2025-05-05","fuel","1975.15","fr","ecommerce","gbp"
"1461","9497","7307","14404","2025-11-05","grocery","516.16","mx","chip","usd"
"1462","16153","16323","7936","2025-05-16","jewelry","6766.42","mx","contactless","eur"
"1463","13728","3190","14363","2025-03-13","electronics","1904.17","br","contactless","usd"
"1464","8776","6798","5923","2025-10-13","jewelry","5616.29","de","wallet","cad"
"1465","5498","459","4698","2025-03-28","electronics","1851.84","br","wallet","cad"
"1466","6877","6667","12127","2025-04-01","jewelry","3186.67","uk","ecommerce","cad"
"1467","5279","12612","4442","2025-12-12","jewelry","6058.25","ae","ecommerce","eur"
"1468","7563","2054","9744","2025-09-22","electronics","6389.03","ae","wallet","usd"
"1469","17627","2828","12533","2025-10-19","travel","6256.77","mx","chip","usd"
"1470","5838","12914","11138","2025-10-24","jewelry","7714.95","uk","manual_keyed","eur"
"1471","9243","19251","6707","2025-11-02","cash_advance","8286.53","ae","wallet","usd"
"1472","13254","6931","1547","2025-12-15","grocery","1356.13","br","chip","usd"
"1473","13404","23999","6642","2025-08-30","grocery","799.94","br","contactless","gbp"
"1474","16471","1551","13767","2025-05-06","digital_services","6759.49","uk","contactless","usd"
"1475","5603","7114","4067","2025-12-05","jewelry","6907.41","de","wallet","eur"
"1476","7227","388","6379","2025-08-29","gaming","8679.6","us","ecommerce","usd"
"1477","6840","17750","3150","2025-11-27","cash_advance","1100.01","mx","wallet","cad"
"1478","12528","6209","6324","2025-12-30","cash_advance","641.78","br","manual_keyed","usd"
"1479","16447","17705","11164","2025-11-09","grocery","3564.46","fr","chip","gbp"
"1480","17220","19571","7329","2025-08-13","electronics","3747.13","br","manual_keyed","usd"
"1481","11531","14607","11114","2025-02-01","grocery","5472.29","us","contactless","eur"
"1482","11469","21332","2133","2025-12-23","travel","7377.54","uk","ecommerce","eur"
"1483","13219","4413","1738","2025-07-09","travel","1713.47","br","chip","usd"
"1484","7390","20324","441","2025-02-20","travel","163.92","ae","wallet","cad"
"1485","1952","7151","367","2025-07-23","cash_advance","1559.34","mx","ecommerce","gbp"
"1486","12273","15370","8263","2025-06-30","gaming","2472.58","de","chip","usd"
"1487","10114","20747","4883","2025-01-11","cash_advance","1096.25","us","manual_keyed","gbp"
"1488","2179","22002","6096","2025-09-04","electronics","7415.18","de","chip","gbp"
"1489","2061","19163","12087","2025-08-29","jewelry","8864.08","mx","chip","gbp"
"1490","4798","22911","13698","2025-07-15","digital_services","8471.75","ae","chip","usd"
"1491","11869","11744","10843","2025-07-26","jewelry","2052.91","fr","contactless","eur"
"1492","8666","18142","2802","2025-02-04","digital_services","9127.24","fr","ecommerce","gbp"
"1493","2636","16706","13871","2025-11-23","jewelry","2627.84","sg","contactless","gbp"
"1494","6622","21154","3807","2025-11-15","jewelry","1860.53","de","wallet","eur"
"1495","14628","8517","5872","2025-09-16","electronics","8042.62","mx","contactless","usd"
"1496","6777","14758","4430","2025-04-25","gaming","4478.47","fr","ecommerce","cad"
"1497","16592","16383","7563","2025-09-27","fuel","3398.41","fr","wallet","gbp"
"1498","3049","3289","13151","2025-11-21","travel","9399.23","ae","ecommerce","usd"
"1499","1502","23715","2096","2025-01-13","digital_services","2810.93","mx","wallet","usd"
"1500","658","15809","400","2025-12-30","gaming","3513.03","us","chip","gbp"
"1501","5554","582","7250","2025-11-26","cash_advance","6535.72","br","chip","gbp"
"1502","11077","8680","976","2025-04-01","grocery","4223.8","ae","wallet","usd"
"1503","8316","8611","739","2025-09-10","fuel","4772.93","mx","wallet","gbp"
"1504","4515","15082","8428","2025-02-18","digital_services","6193.24","sg","manual_keyed","gbp"
"1505","14482","23359","7581","2025-01-13","travel","4756.38","ae","chip","gbp"
"1506","4095","13218","9278","2025-10-14","digital_services","3964.09","mx","contactless","cad"
"1507","1236","3670","1021","2025-06-30","fuel","5963.04","fr","manual_keyed","gbp"
"1508","2414","19549","5299","2025-12-07","travel","4921.75","uk","manual_keyed","gbp"
"1509","461","20601","12143","2025-03-04","electronics","5129.06","ae","wallet","gbp"
"1510","7101","6804","4151","2025-06-10","cash_advance","8234.2","ae","wallet","cad"
"1511","11104","23703","3264","2025-06-07","gaming","5040.02","fr","contactless","gbp"
"1512","17677","13456","9604","2025-12-01","cash_advance","3732.29","sg","contactless","cad"
"1513","15621","11178","6736","2025-08-30","electronics","3897.77","br","chip","cad"
"1514","3874","13271","6470","2025-11-13","digital_services","1511.55","br","contactless","gbp"
"1515","10846","23112","13209","2025-04-12","electronics","6235.32","us","manual_keyed","eur"
"1516","11641","6775","6398","2025-04-30","travel","6264.04","us","ecommerce","eur"
"1517","1313","2861","7620","2025-11-26","fuel","7156.05","uk","chip","usd"
"1518","8719","8092","11505","2025-07-19","jewelry","3862.86","sg","ecommerce","cad"
"1519","16513","20837","5748","2025-12-08","digital_services","5036.27","us","manual_keyed","eur"
"1520","14144","20166","14956","2025-10-12","grocery","7330.12","uk","wallet","cad"
"1521","12131","16445","5326","2025-04-03","fuel","31.44","us","manual_keyed","cad"
"1522","5473","3059","5045","2025-10-16","digital_services","1838.12","ae","contactless","usd"
"1523","17132","17652","10138","2025-04-27","jewelry","3338.33","br","chip","gbp"
"1524","12009","14480","13517","2025-04-09","jewelry","4139.77","ae","wallet","usd"
"1525","16164","21070","8131","2025-09-20","grocery","7635.7","us","manual_keyed","cad"
"1526","12459","22929","9943","2025-06-10","travel","9261.7","sg","manual_keyed","eur"
"1527","12015","17434","6610","2025-11-05","jewelry","7207.86","mx","ecommerce","usd"
"1528","15382","15388","3929","2025-10-13","travel","8220.57","uk","contactless","cad"
"1529","2832","21782","13773","2025-07-31","grocery","6590.85","mx","manual_keyed","cad"
"1530","5358","11096","9245","2025-02-03","cash_advance","3275.39","de","manual_keyed","usd"
"1531","14521","6828","11870","2025-08-03","travel","1969.48","sg","wallet","eur"
"1532","17336","4234","4177","2025-04-06","jewelry","5430.51","sg","chip","cad"
"1533","1792","2921","10759","2025-05-26","jewelry","4941.94","fr","chip","gbp"
"1534","12932","11896","4857","2025-09-18","grocery","3674.84","de","ecommerce","eur"
"1535","7243","5194","13019","2025-11-16","cash_advance","6568.45","fr","contactless","gbp"
"1536","17674","7515","14267","2025-06-04","gaming","8661.3","fr","wallet","gbp"
"1537","2002","14790","10451","2025-02-01","cash_advance","5251.83","br","contactless","gbp"
"1538","13685","12517","13351","2025-05-29","digital_services","6719.04","us","ecommerce","cad"
"1539","918","10184","7512","2025-07-03","travel","450.52","mx","ecommerce","gbp"
"1540","2219","19345","10439","2025-07-07","jewelry","8135.93","br","manual_keyed","gbp"
"1541","16058","22379","5465","2025-01-05","jewelry","2446.69","sg","manual_keyed","usd"
"1542","9721","19752","95","2025-08-07","digital_services","2363.68","mx","manual_keyed","usd"
"1543","16146","3624","8143","2025-08-02","travel","4875.8","uk","contactless","eur"
"1544","6946","5511","12281","2025-04-07","cash_advance","8842.44","de","ecommerce","gbp"
"1545","2641","6017","957","2025-04-29","digital_services","9051.7","mx","manual_keyed","gbp"
"1546","17711","2059","7171","2025-01-28","travel","4423.07","uk","contactless","cad"
"1547","7093","4984","13662","2025-02-11","electronics","7171.35","ae","manual_keyed","gbp"
"1548","8201","387","9775","2025-11-22","gaming","1829.7","fr","wallet","eur"
"1549","13721","6659","10722","2025-12-05","travel","2640.02","ae","wallet","usd"
"1550","8664","1173","3753","2025-01-19","cash_advance","6418.86","ae","wallet","usd"
"1551","4182","5549","6265","2025-07-25","gaming","2372.94","mx","chip","usd"
"1552","6904","19625","8154","2025-12-19","cash_advance","2297.43","fr","chip","usd"
"1553","9935","2740","12731","2025-02-11","gaming","6831.88","sg","chip","eur"
"1554","6178","5999","12656","2025-08-10","gaming","9468.56","fr","ecommerce","eur"
"1555","9125","11921","2399","2025-08-28","electronics","9038.37","ae","contactless","usd"
"1556","4077","3987","5203","2025-11-27","cash_advance","9330.56","mx","ecommerce","cad"
"1557","5924","14930","13018","2025-10-21","electronics","6078.91","ae","ecommerce","usd"
"1558","15668","8332","3387","2025-03-24","gaming","7810.38","mx","contactless","cad"
"1559","11022","13111","12018","2025-07-28","travel","7965.92","fr","wallet","gbp"
"1560","10141","13209","899","2025-04-24","electronics","7243.38","br","ecommerce","cad"
"1561","13122","6753","1894","2025-05-10","fuel","5687.74","mx","contactless","cad"
"1562","10325","17929","11390","2025-05-25","jewelry","1414.79","ae","ecommerce","eur"
"1563","6035","21619","1026","2025-03-01","travel","8306.63","uk","ecommerce","usd"
"1564","10864","10741","1095","2025-04-10","jewelry","1353.68","br","wallet","gbp"
"1565","9636","20984","7506","2025-06-28","grocery","5319.7","fr","chip","eur"
"1566","14481","23140","13487","2025-05-12","digital_services","6234.01","uk","contactless","cad"
"1567","5497","20090","9782","2025-11-13","cash_advance","4794.16","mx","chip","gbp"
"1568","17292","3204","14601","2025-08-18","cash_advance","5044.5","de","manual_keyed","usd"
"1569","12959","23112","745","2025-08-22","gaming","220.35","ae","chip","usd"
"1570","14358","18230","8793","2025-08-04","gaming","5428.95","uk","manual_keyed","eur"
"1571","6219","15042","1220","2025-12-20","cash_advance","577.44","sg","chip","usd"
"1572","4848","23348","10833","2025-07-16","gaming","1407.4","uk","manual_keyed","gbp"
"1573","3723","19879","4339","2025-05-30","travel","3324.55","de","chip","cad"
"1574","8943","24127","6856","2025-04-25","fuel","9118.78","ae","contactless","gbp"
"1575","11098","21668","11635","2025-12-28","digital_services","169.59","sg","ecommerce","usd"
"1576","4670","2444","17","2025-07-16","electronics","1108.52","br","chip","cad"
"1577","5748","7626","6175","2025-08-10","gaming","1455.35","br","chip","cad"
"1578","11797","16820","3144","2025-06-24","grocery","1048.4","ae","chip","usd"
"1579","7806","18230","13628","2025-02-14","travel","9357.75","br","contactless","eur"
"1580","9859","4255","6643","2025-04-29","jewelry","7452.49","mx","chip","cad"
"1581","13476","19500","4010","2025-06-29","grocery","7664.91","sg","ecommerce","cad"
"1582","12315","14117","5614","2025-06-07","digital_services","5035.98","br","manual_keyed","gbp"
"1583","180","11856","6806","2025-02-04","jewelry","997.18","fr","wallet","eur"
"1584","16800","11590","12994","2025-04-02","gaming","786.61","sg","manual_keyed","gbp"
"1585","6715","3726","8912","2025-10-08","grocery","5682.82","fr","ecommerce","eur"
"1586","17514","17464","9144","2025-02-10","digital_services","176.5","ae","chip","eur"
"1587","16624","154","9513","2025-09-07","travel","7321.82","us","chip","usd"
"1588","5228","9571","14896","2025-09-27","grocery","7827.77","de","wallet","gbp"
"1589","7537","21073","6718","2025-08-30","grocery","8249.66","ae","ecommerce","usd"
"1590","13422","8232","14291","2025-12-24","digital_services","832.83","sg","contactless","eur"
"1591","14074","2239","3457","2025-09-09","cash_advance","6755.32","us","chip","gbp"
"1592","5656","20531","8025","2025-07-06","fuel","3349.96","us","manual_keyed","gbp"
"1593","9315","853","6378","2025-10-22","gaming","46.27","ae","chip","usd"
"1594","11803","15529","9023","2025-07-09","electronics","3626.1","fr","manual_keyed","gbp"
"1595","4364","6972","2925","2025-01-01","digital_services","6461.34","ae","ecommerce","usd"
"1596","8761","20493","7399","2025-07-05","grocery","3152.33","de","wallet","eur"
"1597","5040","16584","4323","2025-02-18","cash_advance","6731.44","br","manual_keyed","gbp"
"1598","4556","6895","7133","2025-07-06","grocery","1555.03","ae","chip","eur"
"1599","13635","21286","5181","2025-02-24","electronics","8290.37","mx","contactless","eur"
"1600","4373","4575","8930","2025-06-22","jewelry","5119.62","fr","chip","eur"
"1601","9879","7502","8355","2025-09-24","travel","666.48","us","manual_keyed","cad"
"1602","9823","7319","4235","2025-10-19","cash_advance","7133.84","uk","contactless","usd"
"1603","14995","3835","14204","2025-05-05","gaming","8045.32","sg","manual_keyed","usd"
"1604","145","18579","5476","2025-02-07","electronics","3648.59","us","wallet","cad"
"1605","17368","16238","7096","2025-10-01","gaming","2215.4","us","manual_keyed","cad"
"1606","14071","6373","9646","2025-05-20","electronics","8303.04","mx","contactless","gbp"
"1607","1820","1911","9426","2025-01-14","jewelry","8606.6","de","contactless","usd"
"1608","1812","19364","14228","2025-02-18","electronics","3218.07","br","chip","eur"
"1609","6762","8555","472","2025-03-26","digital_services","8606.19","us","wallet","gbp"
"1610","8099","1795","5945","2025-08-07","fuel","6311.89","ae","chip","usd"
"1611","1314","13658","5296","2025-11-14","jewelry","560.36","de","contactless","gbp"
"1612","7132","2948","10575","2025-07-27","electronics","2107.84","sg","chip","gbp"
"1613","13213","3997","6248","2025-06-25","grocery","2573.41","de","manual_keyed","cad"
"1614","43","5058","5951","2025-03-04","electronics","3485.1","us","chip","eur"
"1615","7144","10687","14227","2025-11-25","electronics","5332.04","de","wallet","cad"
"1616","10444","9096","8953","2025-11-13","fuel","4588.1","us","manual_keyed","eur"
"1617","13661","3307","8689","2025-08-18","cash_advance","3450.29","ae","contactless","eur"
"1618","9360","20862","2162","2025-05-17","grocery","5769.86","mx","contactless","gbp"
"1619","2906","1994","10871","2025-09-21","grocery","5797.62","br","wallet","gbp"
"1620","15931","24065","663","2025-03-08","jewelry","1555.41","us","ecommerce","eur"
"1621","2042","2445","13208","2025-04-05","electronics","6012.63","br","ecommerce","gbp"
"1622","9543","4925","11986","2025-11-10","jewelry","7281.91","br","wallet","eur"
"1623","6525","1110","6338","2025-08-24","grocery","3032.76","mx","wallet","cad"
"1624","14967","24002","7567","2025-07-04","cash_advance","4760.54","ae","ecommerce","gbp"
"1625","8896","9906","4472","2025-08-26","travel","1526.54","br","manual_keyed","gbp"
"1626","13832","13175","8170","2025-04-05","digital_services","1713.52","uk","ecommerce","gbp"
"1627","8710","18757","5406","2025-04-23","jewelry","5159.19","us","chip","usd"
"1628","13954","6947","565","2025-12-02","electronics","5806.15","br","wallet","cad"
"1629","15503","5979","6128","2025-04-28","travel","3222.37","sg","wallet","gbp"
"1630","15399","3873","8637","2025-02-23","cash_advance","9471.37","de","wallet","eur"
"1631","16430","6192","2597","2025-03-22","gaming","8872.16","us","manual_keyed","usd"
"1632","11396","12786","3027","2025-11-27","digital_services","8780.11","us","chip","gbp"
"1633","8755","7195","3931","2025-07-07","cash_advance","7461.85","sg","ecommerce","cad"
"1634","4424","14344","9861","2025-10-26","fuel","8011.29","mx","manual_keyed","eur"
"1635","12168","10515","5872","2025-11-01","gaming","6440.57","uk","manual_keyed","cad"
"1636","16043","2478","6333","2025-06-05","travel","6679.83","mx","wallet","cad"
"1637","828","19266","1944","2025-04-19","grocery","4843.77","sg","contactless","usd"
"1638","1493","10522","9964","2025-06-29","cash_advance","1119.18","br","manual_keyed","gbp"
"1639","5331","23075","10513","2025-08-25","electronics","5527.65","uk","chip","cad"
"1640","15065","24233","5577","2025-07-01","fuel","5591.11","fr","ecommerce","gbp"
"1641","13992","21775","626","2025-01-26","jewelry","4086.04","sg","manual_keyed","eur"
"1642","11943","2271","8430","2025-09-04","digital_services","1252.78","uk","wallet","gbp"
"1643","421","8967","885","2025-11-22","jewelry","2051.08","ae","manual_keyed","usd"
"1644","9705","15423","6116","2025-12-29","cash_advance","4336.35","de","contactless","usd"
"1645","15114","1650","9962","2025-11-13","grocery","7988.33","ae","ecommerce","gbp"
"1646","6395","13545","13605","2025-10-15","digital_services","1171.49","sg","contactless","usd"
"1647","6660","18630","14451","2025-01-27","travel","5595.35","fr","ecommerce","cad"
"1648","8512","5122","3592","2025-04-29","grocery","6232.88","de","contactless","usd"
"1649","11333","9112","11832","2025-05-19","fuel","9402.37","ae","contactless","gbp"
"1650","15828","20465","1733","2025-12-13","grocery","9301.82","ae","chip","cad"
"1651","8096","10134","6777","2025-11-03","grocery","6686.0","br","wallet","usd"
"1652","5629","21143","11766","2025-11-06","digital_services","5491.86","ae","contactless","gbp"
"1653","15588","21207","8745","2025-04-21","jewelry","7581.05","fr","manual_keyed","eur"
"1654","4873","23034","8450","2025-04-28","grocery","4952.12","fr","manual_keyed","gbp"
"1655","16893","23878","3863","2025-05-31","fuel","9399.5","uk","ecommerce","eur"
"1656","1594","8197","12911","2025-05-31","cash_advance","6414.49","us","contactless","gbp"
"1657","13","18844","9692","2025-01-18","electronics","4140.24","ae","chip","eur"
"1658","11559","10462","5852","2025-04-30","cash_advance","1863.11","mx","manual_keyed","usd"
"1659","4834","5221","4365","2025-07-23","fuel","4571.37","fr","manual_keyed","cad"
"1660","5073","11426","13114","2025-11-05","travel","6299.66","br","ecommerce","cad"
"1661","497","8588","377","2025-07-28","cash_advance","949.96","br","chip","gbp"
"1662","4901","21566","2642","2025-03-30","travel","41.38","uk","manual_keyed","gbp"
"1663","9923","866","3231","2025-07-29","electronics","3325.86","us","contactless","gbp"
"1664","4178","12222","1348","2025-08-28","digital_services","9322.35","br","ecommerce","cad"
"1665","13870","1682","9269","2025-02-12","jewelry","769.59","ae","chip","gbp"
"1666","17489","600","14894","2025-09-20","digital_services","5657.68","sg","manual_keyed","usd"
"1667","17966","10657","8815","2025-03-09","fuel","696.96","us","contactless","cad"
"1668","3758","14710","5771","2025-03-05","jewelry","9025.69","us","contactless","gbp"
"1669","7191","17646","3152","2025-07-12","fuel","5506.4","mx","manual_keyed","cad"
"1670","706","23079","6115","2025-04-13","travel","784.85","br","ecommerce","gbp"
"1671","15818","6636","11099","2025-10-30","electronics","134.51","uk","wallet","cad"
"1672","4470","18027","180","2025-04-05","cash_advance","510.84","uk","manual_keyed","usd"
"1673","4836","9972","7292","2025-01-06","electronics","6391.14","ae","manual_keyed","cad"
"1674","11067","5653","3140","2025-07-06","grocery","4488.24","ae","manual_keyed","usd"
"1675","8915","529","13218","2025-01-05","fuel","6614.93","de","ecommerce","cad"
"1676","3211","10615","8400","2025-01-11","grocery","800.55","uk","contactless","eur"
"1677","8816","21188","4124","2025-05-05","cash_advance","6533.85","ae","ecommerce","gbp"
"1678","5678","3151","10229","2025-01-30","grocery","563.29","fr","contactless","cad"
"1679","2151","19224","9773","2025-01-14","fuel","638.69","br","ecommerce","eur"
"1680","1454","3146","3600","2025-12-14","cash_advance","1739.63","uk","chip","usd"
"1681","7585","11748","6410","2025-12-26","grocery","1724.82","us","wallet","eur"
"1682","5077","6177","3822","2025-01-23","cash_advance","4087.94","de","contactless","cad"
"1683","11442","23614","14129","2025-12-10","digital_services","8774.73","de","wallet","eur"
"1684","13496","4317","12296","2025-11-16","jewelry","6746.42","mx","wallet","eur"
"1685","4727","21051","1218","2025-08-28","fuel","730.87","uk","ecommerce","gbp"
"1686","11193","18381","7175","2025-05-31","electronics","3664.0","sg","manual_keyed","gbp"
"1687","13533","23388","11490","2025-12-07","digital_services","5160.81","uk","manual_keyed","cad"
"1688","7575","1151","3893","2025-07-30","fuel","973.96","us","ecommerce","cad"
"1689","14583","23324","12850","2025-11-26","grocery","7184.85","ae","manual_keyed","eur"
"1690","16612","1272","6289","2025-02-20","jewelry","4654.78","de","ecommerce","usd"
"1691","16232","7849","8870","2025-06-02","gaming","2252.01","us","wallet","cad"
"1692","14939","10968","12980","2025-06-15","digital_services","1934.41","br","contactless","usd"
"1693","15700","13186","2175","2025-03-31","electronics","2828.92","mx","contactless","cad"
"1694","5807","2110","9186","2025-12-16","jewelry","5117.23","us","chip","usd"
"1695","3739","6369","8994","2025-02-21","travel","4450.75","us","manual_keyed","eur"
"1696","5818","487","11665","2025-09-12","grocery","4332.73","sg","manual_keyed","usd"
"1697","13158","6486","9976","2025-04-01","jewelry","6202.75","ae","contactless","usd"
"1698","9216","6628","6948","2025-08-11","electronics","3340.14","de","wallet","usd"
"1699","17421","15646","2874","2025-05-24","digital_services","5342.11","ae","ecommerce","eur"
"1700","6740","2651","9116","2025-02-15","fuel","2542.05","ae","chip","cad"
"1701","12840","1886","1371","2025-03-07","travel","7000.79","mx","chip","usd"
"1702","6211","20964","14520","2025-11-14","electronics","2833.45","uk","wallet","usd"
"1703","12854","18539","4259","2025-04-21","fuel","5485.63","uk","contactless","usd"
"1704","15078","2582","4586","2025-01-15","digital_services","6342.18","fr","ecommerce","cad"
"1705","16230","10716","15","2025-08-26","gaming","1015.38","fr","ecommerce","eur"
"1706","2764","20260","7610","2025-02-09","digital_services","5222.75","de","wallet","cad"
"1707","4872","622","12319","2025-12-04","fuel","5395.25","de","contactless","gbp"
"1708","15950","17953","4356","2025-12-02","digital_services","7746.85","fr","contactless","cad"
"1709","4792","11206","11962","2025-09-29","jewelry","2305.99","uk","contactless","usd"
"1710","128","2943","3157","2025-02-12","electronics","273.35","de","chip","gbp"
"1711","13925","14339","8","2025-07-04","travel","3407.84","br","chip","cad"
"1712","12301","9979","14616","2025-05-15","fuel","6173.94","uk","wallet","usd"
"1713","6675","1881","8083","2025-09-02","digital_services","9117.43","fr","chip","gbp"
"1714","14062","24117","12455","2025-05-03","jewelry","179.52","mx","ecommerce","gbp"
"1715","2658","5917","8056","2025-05-04","travel","3805.47","fr","manual_keyed","gbp"
"1716","1567","10274","2262","2025-02-17","cash_advance","4732.09","de","wallet","cad"
"1717","8742","22406","14398","2025-09-11","cash_advance","1538.28","us","contactless","cad"
"1718","1861","9249","10672","2025-05-04","travel","7599.53","us","contactless","cad"
"1719","1746","14649","9230","2025-03-03","cash_advance","7976.0","mx","contactless","usd"
"1720","8828","9838","14274","2025-03-01","gaming","4104.76","mx","chip","cad"
"1721","11900","16773","10795","2025-06-04","fuel","1295.48","de","contactless","eur"
"1722","507","23507","784","2025-04-10","cash_advance","8062.66","fr","chip","eur"
"1723","4496","11179","10125","2025-08-12","digital_services","9254.02","ae","contactless","eur"
"1724","13566","11855","2106","2025-03-09","digital_services","5985.05","ae","manual_keyed","usd"
"1725","11403","6670","1380","2025-09-17","fuel","7140.57","us","wallet","gbp"
"1726","3482","3321","2493","2025-09-05","travel","1071.01","br","chip","gbp"
"1727","8858","9917","9387","2025-06-23","digital_services","7533.43","ae","contactless","usd"
"1728","11078","21029","6269","2025-04-03","fuel","2916.95","us","manual_keyed","eur"
"1729","4596","6870","10809","2025-07-22","grocery","641.7","sg","contactless","usd"
"1730","6368","2101","7083","2025-06-07","travel","1386.88","ae","ecommerce","usd"
"1731","15069","7925","454","2025-01-15","gaming","4483.59","ae","ecommerce","usd"
"1732","9656","7654","8872","2025-03-30","grocery","4362.76","de","contactless","usd"
"1733","2140","22272","6844","2025-04-24","cash_advance","5496.67","ae","chip","cad"
"1734","3727","9840","13794","2025-12-12","grocery","1943.1","fr","wallet","cad"
"1735","8382","13885","1047","2025-06-01","digital_services","7434.29","de","chip","eur"
"1736","10637","11514","3535","2025-10-25","gaming","9165.2","fr","chip","gbp"
"1737","12537","7767","5936","2025-08-21","cash_advance","4970.09","uk","wallet","gbp"
"1738","12995","4062","8672","2025-07-17","jewelry","3661.65","fr","ecommerce","cad"
"1739","16020","12814","13748","2025-11-04","gaming","5343.31","br","wallet","eur"
"1740","6304","2135","1849","2025-07-25","digital_services","8792.73","uk","wallet","usd"
"1741","13502","2104","9750","2025-02-28","jewelry","6021.7","sg","manual_keyed","cad"
"1742","7742","1894","1348","2025-11-16","cash_advance","5688.01","fr","wallet","usd"
"1743","14023","12832","9056","2025-06-08","travel","2706.15","mx","wallet","eur"
"1744","4721","584","5125","2025-01-03","electronics","6981.82","fr","ecommerce","gbp"
"1745","16471","472","13409","2025-05-07","digital_services","5686.66","us","wallet","usd"
"1746","10454","2704","935","2025-02-17","cash_advance","9003.49","mx","chip","eur"
"1747","10413","14438","2456","2025-05-28","electronics","6215.62","mx","ecommerce","cad"
"1748","13803","13686","9111","2025-04-13","cash_advance","7840.49","fr","wallet","usd"
"1749","17528","22335","5347","2025-01-15","grocery","6932.58","mx","wallet","cad"
"1750","2592","10179","12938","2025-08-21","electronics","2496.1","mx","contactless","usd"
"1751","2765","12108","8905","2025-10-02","jewelry","1285.94","ae","ecommerce","gbp"
"1752","17502","3038","5746","2025-09-18","fuel","8816.51","fr","ecommerce","cad"
"1753","8423","14798","6211","2025-09-14","jewelry","1724.99","de","wallet","gbp"
"1754","9639","22066","8524","2025-10-07","travel","2613.4","uk","chip","gbp"
"1755","3715","4084","14856","2025-01-01","gaming","6574.37","uk","ecommerce","gbp"
"1756","12040","15118","4360","2025-04-27","cash_advance","4332.09","ae","manual_keyed","gbp"
"1757","5058","14014","14238","2025-12-23","travel","2501.36","uk","manual_keyed","usd"
"1758","12844","10313","2902","2025-08-23","gaming","3955.34","de","contactless","gbp"
"1759","6285","234","12175","2025-07-27","gaming","1945.54","us","manual_keyed","gbp"
"1760","13380","16019","2939","2025-04-29","fuel","4368.73","de","contactless","cad"
"1761","8770","10584","11931","2025-03-06","travel","7493.57","fr","wallet","gbp"
"1762","670","1240","7975","2025-10-22","digital_services","2189.71","de","manual_keyed","gbp"
"1763","1442","15809","3280","2025-12-27","cash_advance","2966.02","uk","manual_keyed","usd"
"1764","10174","10653","258","2025-11-19","travel","5568.53","mx","wallet","eur"
"1765","10665","5372","9309","2025-08-24","fuel","1082.3","sg","wallet","usd"
"1766","1899","15055","14215","2025-03-14","cash_advance","477.59","de","ecommerce","usd"
"1767","4212","22551","2737","2025-04-17","travel","2953.48","uk","ecommerce","cad"
"1768","16561","5957","13071","2025-01-24","gaming","6244.4","fr","manual_keyed","usd"
"1769","14054","14035","8231","2025-11-02","jewelry","6776.39","mx","ecommerce","eur"
"1770","8932","3376","1961","2025-11-18","electronics","2381.55","ae","manual_keyed","gbp"
"1771","13073","17357","11801","2025-12-06","travel","1458.57","fr","ecommerce","gbp"
"1772","1241","11025","10065","2025-03-15","gaming","2783.82","ae","contactless","eur"
"1773","15962","23833","3388","2025-05-09","digital_services","1937.65","sg","manual_keyed","usd"
"1774","6331","14750","7290","2025-11-01","electronics","7987.72","fr","wallet","eur"
"1775","11748","941","10709","2025-06-11","digital_services","2304.17","fr","wallet","usd"
"1776","7863","9079","11131","2025-03-12","cash_advance","953.97","uk","ecommerce","gbp"
"1777","8476","16838","10890","2025-12-18","fuel","8503.37","mx","chip","usd"
"1778","7045","17037","3065","2025-01-07","fuel","6777.04","ae","wallet","usd"
"1779","436","21657","9098","2025-01-13","fuel","8029.49","sg","chip","usd"
"1780","3510","11885","12162","2025-08-21","gaming","5603.16","sg","wallet","usd"
"1781","3592","12992","4362","2025-10-05","travel","809.64","sg","contactless","eur"
"1782","9919","19968","6128","2025-07-13","gaming","8363.32","fr","ecommerce","usd"
"1783","4230","14456","775","2025-10-17","grocery","1260.52","de","wallet","eur"
"1784","13471","2569","2812","2025-05-23","grocery","5782.46","de","ecommerce","cad"
"1785","8975","16666","1273","2025-01-14","gaming","2397.19","br","manual_keyed","cad"
"1786","3344","18272","12626","2025-03-12","cash_advance","8587.88","sg","manual_keyed","eur"
"1787","3752","10545","4516","2025-03-04","cash_advance","8627.91","br","wallet","eur"
"1788","3658","4421","836","2025-11-07","grocery","3449.82","de","ecommerce","gbp"
"1789","17365","10849","7428","2025-09-06","grocery","8249.07","mx","manual_keyed","usd"
"1790","14964","23217","10570","2025-01-22","grocery","2333.5","de","chip","usd"
"1791","17452","3465","2430","2025-05-17","fuel","9248.15","de","chip","gbp"
"1792","4820","20602","2440","2025-07-06","travel","4851.62","us","manual_keyed","eur"
"1793","831","16951","10146","2025-07-04","electronics","6837.0","fr","contactless","eur"
"1794","17734","2406","2996","2025-08-03","jewelry","2758.25","de","contactless","eur"
"1795","7939","11093","9718","2025-07-15","grocery","151.27","sg","chip","gbp"
"1796","10531","11215","8775","2025-03-03","jewelry","3453.44","br","manual_keyed","eur"
"1797","14482","16508","13881","2025-08-19","digital_services","251.49","uk","wallet","gbp"
"1798","15435","13021","791","2025-12-10","cash_advance","834.08","sg","wallet","cad"
"1799","11071","22577","11583","2025-10-14","grocery","7273.74","fr","contactless","gbp"
"1800","4057","3124","7740","2025-09-20","digital_services","5861.35","us","chip","gbp"
"1801","12980","1449","3311","2025-02-01","grocery","7327.82","uk","wallet","eur"
"1802","2388","6839","8477","2025-11-27","fuel","7797.64","mx","manual_keyed","gbp"
"1803","11314","22124","7700","2025-08-27","electronics","6395.44","us","wallet","gbp"
"1804","4733","4583","3185","2025-07-12","digital_services","8981.49","sg","wallet","cad"
"1805","12118","24128","14288","2025-05-09","jewelry","1673.39","fr","chip","usd"
"1806","6994","12935","2518","2025-08-15","jewelry","4971.91","de","contactless","usd"
"1807","11570","17180","14765","2025-01-05","digital_services","8404.05","de","chip","gbp"
"1808","10955","16603","12396","2025-04-22","travel","7058.86","ae","chip","cad"
"1809","7462","7296","5820","2025-11-05","digital_services","7182.33","fr","chip","usd"
"1810","4125","5387","1970","2025-11-24","gaming","3986.03","ae","manual_keyed","cad"
"1811","3193","4878","7948","2025-08-08","travel","1519.3","us","chip","eur"
"1812","7468","17771","3149","2025-02-07","digital_services","3187.82","mx","contactless","eur"
"1813","11704","14077","14633","2025-09-08","gaming","181.77","ae","chip","gbp"
"1814","12905","14269","10467","2025-08-13","fuel","5070.05","us","chip","eur"
"1815","5565","1859","5650","2025-10-02","cash_advance","4156.33","fr","chip","cad"
"1816","17522","6794","515","2025-01-22","grocery","6656.95","ae","ecommerce","cad"
"1817","8462","8921","8039","2025-01-27","electronics","5678.65","de","wallet","cad"
"1818","10994","16425","4230","2025-01-13","jewelry","8218.82","uk","manual_keyed","usd"
"1819","6228","3316","14958","2025-02-02","travel","6799.74","uk","chip","usd"
"1820","12085","1023","11685","2025-01-19","jewelry","5159.63","uk","manual_keyed","usd"
"1821","14824","10618","8250","2025-07-17","grocery","3545.21","fr","wallet","usd"
"1822","10201","15779","3906","2025-01-04","gaming","8909.23","fr","chip","gbp"
"1823","2817","17638","14498","2025-05-15","digital_services","4257.45","us","ecommerce","cad"
"1824","9112","19544","3244","2025-03-08","electronics","3351.94","ae","chip","gbp"
"1825","16754","15754","10925","2025-02-22","fuel","650.5","sg","wallet","gbp"
"1826","7007","3094","900","2025-01-02","grocery","9439.38","br","wallet","gbp"
"1827","5784","13628","6851","2025-09-21","electronics","7929.16","sg","contactless","usd"
"1828","8257","2779","2155","2025-03-16","gaming","5630.03","br","ecommerce","gbp"
"1829","15437","12368","7553","2025-12-03","jewelry","5668.11","us","wallet","cad"
"1830","16543","22877","8360","2025-12-14","digital_services","6554.47","us","contactless","eur"
"1831","9446","22376","4460","2025-06-28","grocery","3557.05","mx","ecommerce","usd"
"1832","11029","14013","4837","2025-07-12","travel","3318.05","sg","wallet","usd"
"1833","12254","18681","12113","2025-08-19","fuel","4635.33","mx","chip","usd"
"1834","15642","855","199","2025-11-26","electronics","6559.26","de","ecommerce","eur"
"1835","2105","22984","5804","2025-12-06","electronics","7428.53","br","contactless","cad"
"1836","9009","10604","4898","2025-10-10","jewelry","1668.75","ae","contactless","usd"
"1837","12449","7558","9102","2025-05-22","travel","8468.55","us","wallet","cad"
"1838","6074","3618","14509","2025-08-08","fuel","7719.14","sg","chip","gbp"
"1839","11389","23972","5327","2025-04-11","grocery","5742.98","de","ecommerce","gbp"
"1840","408","5978","140","2025-03-06","grocery","6436.21","us","contactless","usd"
"1841","5738","15181","4547","2025-03-15","electronics","8016.75","ae","manual_keyed","cad"
"1842","450","8771","1356","2025-10-10","cash_advance","1935.03","de","manual_keyed","eur"
"1843","10987","16111","11381","2025-08-13","jewelry","2808.18","br","wallet","gbp"
"1844","17173","6276","12908","2025-09-24","fuel","3114.16","fr","wallet","eur"
"1845","15676","8323","3701","2025-06-09","gaming","229.6","fr","manual_keyed","gbp"
"1846","5905","5768","6358","2025-02-06","jewelry","8062.4","de","chip","usd"
"1847","3054","7395","10555","2025-04-06","fuel","9083.29","uk","contactless","gbp"
"1848","13926","17065","6244","2025-10-30","gaming","5348.76","mx","ecommerce","eur"
"1849","12848","7495","7230","2025-03-14","fuel","6167.18","mx","manual_keyed","cad"
"1850","11072","5997","5244","2025-02-15","gaming","8012.32","mx","wallet","usd"
"1851","13763","16611","5743","2025-02-25","digital_services","8963.41","us","chip","gbp"
"1852","16299","6628","4064","2025-03-25","jewelry","8869.55","br","contactless","gbp"
"1853","14610","10911","2054","2025-04-27","grocery","2301.61","br","manual_keyed","eur"
"1854","2285","16473","2607","2025-06-13","fuel","5139.59","de","chip","cad"
"1855","6567","7092","11247","2025-06-08","gaming","3669.29","mx","manual_keyed","cad"
"1856","13528","3501","8682","2025-07-13","cash_advance","2982.56","sg","chip","cad"
"1857","13691","2119","14955","2025-06-14","digital_services","8609.63","mx","contactless","usd"
"1858","12026","21895","9869","2025-08-09","fuel","8243.95","uk","chip","usd"
"1859","1329","730","4659","2025-12-11","electronics","7475.22","de","ecommerce","usd"
"1860","1500","17676","4330","2025-04-19","gaming","7875.9","de","manual_keyed","cad"
"1861","3053","4556","10220","2025-08-26","gaming","8286.52","sg","manual_keyed","cad"
"1862","5483","22421","9031","2025-09-27","travel","6378.81","uk","ecommerce","cad"
"1863","10996","20937","12133","2025-02-07","jewelry","3729.4","de","chip","usd"
"1864","7158","5234","1926","2025-09-17","travel","5057.23","uk","contactless","usd"
"1865","10056","16467","10851","2025-10-19","electronics","2028.25","sg","ecommerce","gbp"
"1866","11805","20553","14664","2025-01-22","jewelry","7156.62","ae","contactless","usd"
"1867","15650","14673","7212","2025-03-18","digital_services","7014.21","ae","chip","cad"
"1868","12551","1504","10278","2025-03-10","grocery","5609.45","de","manual_keyed","usd"
"1869","12672","18477","3460","2025-05-26","grocery","475.68","de","wallet","gbp"
"1870","11323","1152","14576","2025-06-05","fuel","8018.25","br","ecommerce","eur"
"1871","14882","219","12572","2025-08-18","fuel","2992.52","uk","manual_keyed","usd"
"1872","11244","9141","12433","2025-11-02","travel","2570.28","br","contactless","gbp"
"1873","17948","16544","2885","2025-07-30","grocery","2980.21","fr","contactless","gbp"
"1874","3268","18220","6456","2025-02-03","electronics","443.85","br","wallet","gbp"
"1875","13854","603","5903","2025-10-10","cash_advance","7854.04","us","manual_keyed","cad"
"1876","15055","1132","13179","2025-10-21","digital_services","8115.14","us","ecommerce","cad"
"1877","5918","15745","12552","2025-06-24","electronics","8262.99","us","contactless","usd"
"1878","6213","22219","9191","2025-09-25","grocery","3721.41","uk","wallet","cad"
"1879","6410","22737","5007","2025-05-27","cash_advance","225.75","us","ecommerce","usd"
"1880","7755","1661","1503","2025-08-04","gaming","5111.46","us","manual_keyed","cad"
"1881","14410","11011","8678","2025-12-12","gaming","6876.8","fr","wallet","gbp"
"1882","2555","15895","6512","2025-03-29","gaming","1523.36","ae","contactless","eur"
"1883","8760","5940","4057","2025-06-03","grocery","8983.85","uk","ecommerce","usd"
"1884","12798","23340","6530","2025-02-25","cash_advance","17.75","de","chip","cad"
"1885","12311","21438","4450","2025-07-25","jewelry","4528.76","br","manual_keyed","gbp"
"1886","13368","2112","5820","2025-04-28","gaming","5720.36","ae","chip","cad"
"1887","6282","19820","4497","2025-04-13","digital_services","9146.92","fr","contactless","cad"
"1888","2521","20750","11325","2025-04-04","travel","3668.61","mx","ecommerce","gbp"
"1889","9749","8400","11986","2025-12-28","travel","3170.72","ae","wallet","cad"
"1890","8856","13752","13803","2025-05-28","digital_services","2691.43","fr","ecommerce","eur"
"1891","16292","2434","2087","2025-05-24","fuel","936.86","uk","ecommerce","eur"
"1892","17746","11","6276","2025-03-26","grocery","7952.8","de","wallet","eur"
"1893","9445","21778","827","2025-01-26","jewelry","8992.71","br","manual_keyed","gbp"
"1894","9382","5859","14789","2025-08-25","jewelry","8503.51","ae","wallet","gbp"
"1895","14076","23449","9285","2025-09-11","grocery","5667.61","mx","ecommerce","usd"
"1896","15909","11225","3150","2025-03-24","cash_advance","8075.2","ae","contactless","cad"
"1897","13995","16359","12000","2025-04-09","electronics","1631.46","ae","manual_keyed","gbp"
"1898","11775","22906","13730","2025-10-10","gaming","7688.91","uk","ecommerce","eur"
"1899","12363","19445","12508","2025-02-21","gaming","6557.84","sg","contactless","eur"
"1900","5976","5199","14310","2025-01-19","jewelry","570.13","us","chip","usd"
"1901","17814","10566","5634","2025-06-19","electronics","4948.44","mx","ecommerce","gbp"
"1902","16321","3385","1277","2025-01-27","digital_services","8621.13","de","wallet","usd"
"1903","11804","18740","3964","2025-06-18","gaming","6579.53","mx","chip","usd"
"1904","14296","17680","1794","2025-03-02","electronics","3550.23","uk","manual_keyed","usd"
"1905","13263","21795","3773","2025-10-03","digital_services","1039.54","sg","ecommerce","cad"
"1906","3733","17224","3367","2025-07-12","fuel","4090.35","us","contactless","eur"
"1907","17410","10662","6540","2025-10-17","fuel","5153.39","ae","manual_keyed","cad"
"1908","8733","20703","2967","2025-12-15","gaming","4735.66","ae","chip","usd"
"1909","3915","18190","11037","2025-01-29","jewelry","1777.04","fr","contactless","cad"
"1910","3003","16772","374","2025-11-24","jewelry","1847.68","sg","ecommerce","gbp"
"1911","7651","17322","11626","2025-05-29","fuel","1053.45","mx","wallet","usd"
"1912","10338","17218","1763","2025-02-21","jewelry","2679.67","mx","wallet","usd"
"1913","8637","7081","947","2025-07-17","gaming","3591.27","fr","contactless","usd"
"1914","8329","17014","9501","2025-04-03","electronics","7092.99","ae","manual_keyed","eur"
"1915","13097","7427","1616","2025-05-27","digital_services","2389.76","ae","ecommerce","gbp"
"1916","12231","2962","411","2025-01-10","cash_advance","2404.05","sg","ecommerce","gbp"
"1917","7145","13810","14538","2025-09-10","digital_services","8698.6","sg","wallet","cad"
"1918","7074","19116","12177","2025-01-17","electronics","3156.49","br","ecommerce","usd"
"1919","1536","21598","11782","2025-08-03","travel","3866.09","ae","contactless","cad"
"1920","5036","24056","679","2025-06-10","cash_advance","5194.68","uk","wallet","eur"
"1921","12589","20157","4255","2025-02-23","electronics","8670.34","ae","ecommerce","usd"
"1922","6147","13332","10100","2025-05-19","fuel","9146.83","mx","chip","gbp"
"1923","8225","23018","14742","2025-08-05","grocery","611.05","ae","contactless","cad"
"1924","3289","13102","70","2025-01-05","gaming","2724.99","uk","manual_keyed","gbp"
"1925","11451","17314","3147","2025-10-09","fuel","210.97","uk","ecommerce","usd"
"1926","13560","2984","7779","2025-07-19","jewelry","489.23","ae","chip","cad"
"1927","12973","20144","12488","2025-09-28","jewelry","4011.49","sg","chip","usd"
"1928","16856","22232","7012","2025-06-10","travel","3577.37","de","wallet","usd"
"1929","6870","12696","14477","2025-01-24","travel","8429.11","de","chip","cad"
"1930","9469","22072","12840","2025-09-27","gaming","8324.18","de","chip","usd"
"1931","3856","23109","6189","2025-03-09","grocery","5750.55","fr","manual_keyed","cad"
"1932","16401","3779","9651","2025-07-29","gaming","1845.08","ae","manual_keyed","eur"
"1933","14274","19412","5268","2025-01-08","jewelry","5707.85","de","contactless","eur"
"1934","14664","18334","3451","2025-05-20","grocery","2238.76","mx","chip","gbp"
"1935","13141","23577","9292","2025-09-30","jewelry","7219.05","de","ecommerce","usd"
"1936","5946","16612","2854","2025-12-31","digital_services","6558.99","de","wallet","eur"
"1937","6344","922","13246","2025-07-01","digital_services","6047.6","mx","ecommerce","cad"
"1938","1112","7129","12422","2025-10-29","travel","360.0","mx","chip","cad"
"1939","1760","22228","6101","2025-03-25","jewelry","1682.75","br","chip","eur"
"1940","5124","21307","7694","2025-10-25","digital_services","3581.8","mx","contactless","usd"
"1941","2841","15671","9466","2025-07-12","travel","7652.45","br","wallet","gbp"
"1942","6780","13464","13828","2025-08-20","jewelry","6344.99","fr","manual_keyed","eur"
"1943","17946","1723","10471","2025-02-19","jewelry","8058.05","ae","contactless","eur"
"1944","8046","23436","13508","2025-09-13","digital_services","4241.73","us","wallet","usd"
"1945","7087","11349","5308","2025-01-21","cash_advance","1618.94","fr","contactless","eur"
"1946","12335","9298","8654","2025-05-19","travel","8570.72","fr","ecommerce","gbp"
"1947","6761","5122","3011","2025-09-14","jewelry","6238.37","mx","wallet","cad"
"1948","17292","6251","3638","2025-11-19","gaming","3269.65","fr","wallet","gbp"
"1949","5998","22295","809","2025-08-29","grocery","1677.43","br","chip","eur"
"1950","8581","23952","2653","2025-09-15","electronics","7289.15","mx","chip","cad"
"1951","550","22638","1897","2025-07-21","gaming","162.94","mx","contactless","cad"
"1952","5130","23796","1715","2025-06-20","travel","1002.39","de","wallet","usd"
"1953","11638","18000","5972","2025-01-05","jewelry","3518.31","sg","manual_keyed","cad"
"1954","3732","21883","1367","2025-04-21","grocery","102.02","sg","wallet","gbp"
"1955","7443","15030","4753","2025-04-11","grocery","360.96","de","contactless","cad"
"1956","15123","4150","12154","2025-02-17","jewelry","9200.42","mx","contactless","usd"
"1957","12979","23172","538","2025-08-09","cash_advance","6959.25","fr","ecommerce","cad"
"1958","4548","18035","1911","2025-03-12","gaming","5565.39","mx","wallet","cad"
"1959","16843","8162","8812","2025-01-08","cash_advance","3349.26","fr","ecommerce","cad"
"1960","15977","7730","792","2025-09-17","gaming","1089.07","ae","contactless","eur"
"1961","13118","19965","4273","2025-10-19","gaming","3696.36","ae","wallet","usd"
"1962","13002","15221","8766","2025-08-16","electronics","1686.61","us","contactless","eur"
"1963","3166","4603","7226","2025-12-11","electronics","7512.48","mx","contactless","gbp"
"1964","9837","22240","14856","2025-11-17","jewelry","3279.59","fr","manual_keyed","gbp"
"1965","10397","2101","8636","2025-02-15","digital_services","7661.04","br","wallet","usd"
"1966","6344","12692","11194","2025-01-29","travel","3472.11","br","wallet","cad"
"1967","920","14454","5818","2025-09-29","travel","8182.95","fr","manual_keyed","usd"
"1968","5172","8676","3551","2025-10-27","travel","9125.43","uk","contactless","gbp"
"1969","7376","2951","5456","2025-11-28","travel","9479.98","br","contactless","cad"
"1970","17439","19767","1069","2025-03-28","jewelry","4148.19","ae","manual_keyed","gbp"
"1971","4222","9293","14785","2025-12-14","gaming","2397.36","fr","wallet","cad"
"1972","13752","455","6110","2025-07-08","cash_advance","884.74","us","ecommerce","gbp"
"1973","16928","667","6020","2025-11-20","digital_services","4024.22","ae","wallet","usd"
"1974","14228","1874","1534","2025-02-16","grocery","4269.52","sg","ecommerce","eur"
"1975","13413","21247","7007","2025-06-23","electronics","3970.28","uk","ecommerce","gbp"
"1976","5739","1692","6584","2025-09-30","cash_advance","9348.19","us","chip","cad"
"1977","9137","6106","1839","2025-02-22","electronics","7981.87","ae","wallet","gbp"
"1978","5339","16980","9391","2025-12-23","travel","3219.88","us","wallet","cad"
"1979","13847","4222","4431","2025-08-10","grocery","4972.81","us","contactless","eur"
"1980","15378","3517","4506","2025-05-22","cash_advance","5240.17","fr","contactless","cad"
"1981","16190","17214","9627","2025-04-21","electronics","4809.69","uk","manual_keyed","cad"
"1982","2022","6955","12913","2025-10-31","digital_services","5867.21","uk","manual_keyed","cad"
"1983","9794","7945","12260","2025-01-03","jewelry","6614.74","sg","wallet","gbp"
"1984","8549","14929","14598","2025-09-12","jewelry","593.5","mx","manual_keyed","usd"
"1985","5492","21008","5613","2025-11-01","cash_advance","1288.74","sg","ecommerce","usd"
"1986","11901","9474","7942","2025-07-10","jewelry","1322.33","us","ecommerce","usd"
"1987","15184","11936","8178","2025-01-23","travel","5466.89","uk","contactless","cad"
"1988","2035","22510","6327","2025-03-31","fuel","6229.24","fr","chip","usd"
"1989","4601","21979","8918","2025-09-09","jewelry","8821.36","br","contactless","cad"
"1990","16595","4187","5907","2025-09-16","cash_advance","133.96","ae","contactless","eur"
"1991","7080","14741","798","2025-05-26","cash_advance","5595.41","br","wallet","eur"
"1992","12827","10053","1930","2025-03-03","grocery","3632.63","fr","manual_keyed","cad"
"1993","12824","543","14565","2025-11-04","grocery","30.08","de","manual_keyed","usd"
"1994","7462","21760","5865","2025-10-17","grocery","9450.02","sg","chip","eur"
"1995","346","2344","10373","2025-01-06","electronics","205.75","fr","ecommerce","gbp"
"1996","14540","22579","12856","2025-03-02","cash_advance","3310.99","de","wallet","cad"
"1997","9713","770","12172","2025-01-18","gaming","1169.85","mx","manual_keyed","gbp"
"1998","763","22986","3650","2025-11-06","gaming","3035.11","br","ecommerce","cad"
"1999","848","22340","3352","2025-12-05","travel","1830.84","fr","ecommerce","cad"
"2000","9473","8438","3809","2025-01-14","digital_services","3236.93","us","wallet","gbp"
"2001","11140","19167","1729","2025-02-17","jewelry","6222.43","fr","wallet","usd"
"2002","17506","4510","1286","2025-08-09","cash_advance","5601.06","de","manual_keyed","eur"
"2003","12973","9891","633","2025-02-17","travel","14.45","uk","manual_keyed","eur"
"2004","5713","22770","13130","2025-06-19","travel","7152.5","ae","wallet","eur"
"2005","14402","18860","5017","2025-05-18","cash_advance","4310.82","br","ecommerce","eur"
"2006","13691","24058","3749","2025-04-22","cash_advance","2549.04","mx","ecommerce","gbp"
"2007","12899","19783","12543","2025-03-19","gaming","4438.88","fr","ecommerce","gbp"
"2008","10693","8518","8147","2025-08-13","travel","4542.4","us","wallet","gbp"
"2009","405","7847","5353","2025-06-13","grocery","4951.26","ae","chip","eur"
"2010","13889","1779","610","2025-11-23","electronics","3400.02","sg","wallet","usd"
"2011","8087","11415","7443","2025-11-17","jewelry","2897.95","ae","manual_keyed","usd"
"2012","8411","1180","1638","2025-02-24","grocery","1265.31","mx","manual_keyed","gbp"
"2013","3056","2395","8269","2025-07-13","cash_advance","3969.32","ae","manual_keyed","cad"
"2014","7853","3941","1819","2025-10-29","travel","9373.66","br","wallet","eur"
"2015","7860","6377","4057","2025-09-04","gaming","112.47","fr","chip","gbp"
"2016","9149","11268","418","2025-12-19","fuel","4094.98","de","wallet","usd"
"2017","10324","24069","1105","2025-11-04","fuel","8273.61","mx","wallet","eur"
"2018","17174","7746","8611","2025-12-06","digital_services","378.98","ae","chip","gbp"
"2019","17729","19931","3797","2025-10-03","digital_services","4914.99","br","contactless","gbp"
"2020","1349","7837","14512","2025-05-10","jewelry","2671.63","fr","wallet","eur"
"2021","4170","522","9540","2025-10-03","electronics","2599.56","sg","wallet","gbp"
"2022","10700","441","14465","2025-11-13","grocery","789.36","ae","wallet","cad"
"2023","17689","1650","2586","2025-01-06","digital_services","2734.4","uk","contactless","gbp"
"2024","12888","8851","5584","2025-08-03","travel","7313.24","ae","chip","gbp"
"2025","4538","16098","9605","2025-02-01","electronics","445.83","br","wallet","eur"
"2026","16709","22506","13169","2025-06-04","gaming","7392.06","ae","manual_keyed","eur"
"2027","5677","7234","11776","2025-07-20","electronics","6866.45","us","ecommerce","cad"
"2028","1454","21616","9823","2025-10-16","gaming","9280.32","us","wallet","eur"
"2029","11924","2021","1652","2025-12-30","jewelry","4167.21","ae","wallet","usd"
"2030","1685","1144","11951","2025-12-21","digital_services","1321.96","br","manual_keyed","cad"
"2031","2245","2534","3207","2025-04-30","travel","4709.19","de","chip","cad"
"2032","16860","20161","10589","2025-11-07","digital_services","4553.08","fr","manual_keyed","eur"
"2033","9844","14999","4157","2025-02-27","travel","7060.87","uk","ecommerce","gbp"
"2034","15653","20634","5890","2025-01-21","travel","7573.5","br","chip","gbp"
"2035","14533","23224","647","2025-12-10","gaming","2662.55","fr","wallet","gbp"
"2036","5907","23243","4651","2025-01-21","cash_advance","8338.37","mx","chip","eur"
"2037","13701","447","11542","2025-08-04","cash_advance","9471.47","ae","ecommerce","cad"
"2038","4941","22883","11340","2025-04-23","travel","4448.74","uk","ecommerce","usd"
"2039","5439","13867","869","2025-12-31","travel","1894.24","sg","ecommerce","cad"
"2040","12933","2870","2778","2025-01-29","jewelry","8898.69","sg","ecommerce","cad"
"2041","3618","22263","4782","2025-06-16","travel","8967.55","de","manual_keyed","usd"
"2042","17161","68","14360","2025-10-02","jewelry","4049.12","br","ecommerce","eur"
"2043","3693","19568","11653","2025-04-20","gaming","8385.26","ae","chip","usd"
"2044","8626","19887","212","2025-03-12","fuel","4173.14","us","contactless","usd"
"2045","11624","5482","11520","2025-12-22","travel","5334.05","ae","ecommerce","cad"
"2046","15629","21585","7043","2025-10-23","digital_services","4398.27","ae","contactless","gbp"
"2047","15428","11102","10871","2025-09-13","electronics","1777.17","uk","ecommerce","gbp"
"2048","12744","511","13620","2025-09-05","electronics","6445.53","ae","chip","eur"
"2049","12883","12399","7445","2025-06-19","gaming","5771.97","fr","wallet","gbp"
"2050","15219","7070","9075","2025-10-24","digital_services","2927.83","fr","contactless","cad"
"2051","7309","22784","8182","2025-12-04","fuel","1734.82","sg","chip","gbp"
"2052","231","10635","13706","2025-05-27","digital_services","9308.48","sg","ecommerce","usd"
"2053","17258","14221","805","2025-05-23","electronics","8784.79","sg","ecommerce","eur"
"2054","3867","9820","5362","2025-09-05","cash_advance","7366.57","us","contactless","cad"
"2055","3311","4367","2151","2025-04-01","electronics","3280.94","de","wallet","cad"
"2056","3910","20537","14908","2025-08-08","travel","8942.29","br","manual_keyed","eur"
"2057","15040","3963","7752","2025-07-28","fuel","7084.93","us","wallet","cad"
"2058","5204","6912","9929","2025-03-27","digital_services","8779.77","ae","contactless","usd"
"2059","3283","6965","13432","2025-03-05","cash_advance","3967.48","de","wallet","usd"
"2060","8911","4435","10871","2025-12-19","digital_services","2063.11","br","manual_keyed","cad"
"2061","12084","5404","6785","2025-12-20","jewelry","796.92","ae","ecommerce","cad"
"2062","3438","7349","6837","2025-08-28","digital_services","582.8","ae","ecommerce","cad"
"2063","4702","21265","12798","2025-07-17","grocery","9207.85","fr","ecommerce","eur"
"2064","17559","5984","11768","2025-05-21","cash_advance","1121.33","de","wallet","gbp"
"2065","15176","9296","11291","2025-04-30","cash_advance","8861.1","fr","manual_keyed","eur"
"2066","5974","24077","3577","2025-08-23","fuel","8031.56","br","wallet","usd"
"2067","16603","15593","10679","2025-03-11","gaming","2933.61","de","contactless","gbp"
"2068","4879","8319","11165","2025-12-15","grocery","6752.46","sg","ecommerce","cad"
"2069","1989","10209","8065","2025-05-07","digital_services","6703.44","mx","manual_keyed","eur"
"2070","4136","18558","14808","2025-04-09","electronics","2336.38","fr","chip","cad"
"2071","14155","8701","6878","2025-02-16","electronics","1402.24","us","ecommerce","gbp"
"2072","8538","12097","5109","2025-04-18","grocery","3377.21","sg","wallet","cad"
"2073","12701","5999","1965","2025-11-30","gaming","1075.06","sg","contactless","eur"
"2074","6109","3793","12279","2025-03-19","cash_advance","3833.1","ae","manual_keyed","gbp"
"2075","6738","4462","204","2025-01-13","jewelry","7301.56","fr","ecommerce","eur"
"2076","6916","20686","10277","2025-07-05","digital_services","8367.29","uk","contactless","eur"
"2077","6187","4826","12135","2025-04-29","cash_advance","2787.58","fr","ecommerce","gbp"
"2078","7803","9628","9910","2025-02-08","electronics","3006.45","us","chip","cad"
"2079","1622","16919","7039","2025-01-10","electronics","3058.68","uk","contactless","cad"
"2080","1064","11610","12893","2025-07-27","electronics","8309.7","mx","contactless","usd"
"2081","15130","11895","4279","2025-10-03","digital_services","7668.43","mx","chip","usd"
"2082","2276","12623","10824","2025-10-06","jewelry","226.42","uk","chip","cad"
"2083","9775","4961","12211","2025-01-15","jewelry","1207.63","fr","manual_keyed","cad"
"2084","11174","5279","1753","2025-12-09","cash_advance","2762.13","sg","wallet","usd"
"2085","13251","18080","14975","2025-07-01","jewelry","9380.47","uk","chip","gbp"
"2086","9507","345","1649","2025-07-20","fuel","8736.77","mx","ecommerce","gbp"
"2087","5692","16350","13105","2025-12-08","grocery","9468.82","br","ecommerce","eur"
"2088","11185","9302","11691","2025-09-30","jewelry","1510.66","uk","contactless","cad"
"2089","11315","2287","9217","2025-03-29","travel","6220.5","br","manual_keyed","cad"
"2090","6976","10790","3699","2025-05-17","gaming","5495.18","mx","chip","eur"
"2091","3516","20564","4636","2025-01-28","electronics","3644.76","sg","ecommerce","usd"
"2092","17263","10706","2206","2025-03-08","electronics","5900.07","ae","wallet","gbp"
"2093","3069","1652","13453","2025-07-03","digital_services","4800.68","us","ecommerce","eur"
"2094","15691","14768","8438","2025-03-23","digital_services","5318.01","br","contactless","gbp"
"2095","13865","608","14202","2025-12-12","travel","4151.02","mx","contactless","usd"
"2096","7681","21306","2493","2025-09-06","travel","1418.47","uk","ecommerce","eur"
"2097","16855","23173","5243","2025-09-26","digital_services","1493.35","de","manual_keyed","gbp"
"2098","2247","13539","7689","2025-12-21","fuel","7040.67","sg","manual_keyed","cad"
"2099","8312","1177","8703","2025-04-18","jewelry","3039.05","us","wallet","eur"
"2100","17664","24069","10772","2025-06-13","electronics","441.42","uk","ecommerce","usd"
"2101","15191","7209","2486","2025-07-04","travel","6923.7","sg","wallet","eur"
"2102","15407","17922","3816","2025-04-27","jewelry","1477.75","fr","contactless","cad"
"2103","16817","4960","8134","2025-02-23","fuel","2086.08","us","chip","cad"
"2104","5219","19218","6241","2025-03-18","electronics","4489.11","us","ecommerce","cad"
"2105","7853","21848","13596","2025-08-14","travel","9287.69","sg","chip","gbp"
"2106","5178","13449","10345","2025-12-31","jewelry","1283.58","br","ecommerce","eur"
"2107","6489","23285","8606","2025-02-10","cash_advance","5365.11","de","wallet","cad"
"2108","542","3553","915","2025-02-12","electronics","3679.18","de","ecommerce","gbp"
"2109","10417","11992","8430","2025-03-27","travel","6151.03","us","ecommerce","cad"
"2110","15022","4309","8908","2025-07-23","fuel","7211.58","br","ecommerce","gbp"
"2111","12089","6562","6924","2025-11-09","cash_advance","4021.58","mx","ecommerce","eur"
"2112","13290","7358","9855","2025-09-17","grocery","4587.91","de","chip","usd"
"2113","4548","4848","2295","2025-01-02","fuel","7431.48","ae","contactless","usd"
"2114","9756","1008","5796","2025-05-16","digital_services","8733.39","ae","wallet","usd"
"2115","7744","19342","2466","2025-04-12","jewelry","4512.21","mx","chip","gbp"
"2116","3033","11862","10172","2025-03-29","digital_services","1029.55","fr","manual_keyed","gbp"
"2117","17760","6785","14502","2025-10-10","travel","4640.91","uk","wallet","usd"
"2118","16640","10967","4306","2025-12-15","gaming","4162.73","ae","contactless","gbp"
"2119","8685","17949","340","2025-01-23","jewelry","3938.21","mx","wallet","cad"
"2120","2673","1655","13935","2025-07-16","jewelry","8218.7","br","wallet","eur"
"2121","14947","5092","13539","2025-03-23","cash_advance","259.3","uk","chip","eur"
"2122","3815","3522","4555","2025-05-12","electronics","7724.77","fr","chip","cad"
"2123","6712","24143","8809","2025-12-13","electronics","3117.68","fr","wallet","gbp"
"2124","16995","394","1070","2025-11-02","digital_services","4911.21","fr","wallet","cad"
"2125","8801","5835","9208","2025-09-04","gaming","3759.35","fr","chip","eur"
"2126","14837","13685","7353","2025-10-13","jewelry","6106.07","fr","ecommerce","eur"
"2127","9733","17837","9342","2025-09-21","cash_advance","5507.8","uk","manual_keyed","usd"
"2128","15530","62","12403","2025-02-19","electronics","8182.97","uk","wallet","cad"
"2129","8727","12153","1395","2025-10-15","electronics","3791.97","mx","manual_keyed","eur"
"2130","11881","11544","12651","2025-12-31","digital_services","1842.97","de","chip","eur"
"2131","12478","1205","13182","2025-02-11","gaming","8616.01","mx","chip","eur"
"2132","15174","1448","2143","2025-03-31","cash_advance","5922.5","ae","chip","cad"
"2133","1069","18306","11111","2025-03-06","cash_advance","5084.27","sg","wallet","eur"
"2134","17467","13514","7221","2025-01-31","electronics","2213.24","de","manual_keyed","gbp"
"2135","8861","12337","13880","2025-06-14","grocery","9119.73","sg","chip","usd"
"2136","10932","5733","2030","2025-07-10","grocery","7944.19","uk","contactless","eur"
"2137","9492","10622","6428","2025-06-02","fuel","422.03","mx","chip","eur"
"2138","12074","6776","10340","2025-01-31","jewelry","4842.88","de","contactless","cad"
"2139","7027","21122","1085","2025-05-29","gaming","8985.29","uk","manual_keyed","eur"
"2140","14777","15669","2230","2025-03-14","electronics","8903.41","sg","ecommerce","eur"
"2141","12","996","9865","2025-07-10","electronics","5758.74","sg","ecommerce","gbp"
"2142","4246","2781","2059","2025-11-10","travel","5725.77","de","manual_keyed","gbp"
"2143","13671","2564","3973","2025-08-08","travel","1838.23","fr","ecommerce","eur"
"2144","1404","17880","11393","2025-05-21","digital_services","7038.57","br","manual_keyed","eur"
"2145","17307","22697","14374","2025-01-19","gaming","5760.8","mx","manual_keyed","cad"
"2146","3149","9011","9883","2025-12-24","cash_advance","6906.3","ae","wallet","cad"
"2147","9251","2809","163","2025-02-13","digital_services","4148.34","uk","wallet","eur"
"2148","8212","2764","9113","2025-07-30","grocery","1223.89","fr","chip","cad"
"2149","7480","19689","7377","2025-07-01","grocery","9379.81","de","chip","gbp"
"2150","13003","1188","5971","2025-04-12","digital_services","3895.6","ae","contactless","eur"
"2151","8388","16615","7433","2025-04-27","gaming","9176.23","mx","contactless","cad"
"2152","1019","17038","1281","2025-09-19","jewelry","9140.56","mx","ecommerce","gbp"
"2153","3079","11865","5724","2025-09-30","fuel","5157.21","ae","contactless","eur"
"2154","3199","4725","14050","2025-08-04","electronics","1910.65","uk","contactless","eur"
"2155","7734","23567","587","2025-04-30","cash_advance","9275.6","mx","manual_keyed","usd"
"2156","10412","16881","4186","2025-01-23","electronics","3820.3","fr","manual_keyed","usd"
"2157","12511","16475","12212","2025-04-11","digital_services","6611.41","fr","chip","usd"
"2158","2030","1997","4731","2025-10-24","jewelry","7437.58","mx","manual_keyed","cad"
"2159","7969","5896","13209","2025-05-02","fuel","258.61","uk","ecommerce","gbp"
"2160","1630","12887","11803","2025-09-22","cash_advance","2407.38","fr","manual_keyed","gbp"
"2161","13761","15678","4572","2025-04-27","gaming","9121.81","fr","wallet","usd"
"2162","13293","19146","12734","2025-06-04","jewelry","3017.92","uk","contactless","usd"
"2163","17296","13065","11565","2025-01-19","fuel","3322.64","br","chip","eur"
"2164","16350","6007","2002","2025-10-13","cash_advance","8051.84","ae","chip","cad"
"2165","13496","1788","7879","2025-05-01","jewelry","5361.71","br","manual_keyed","eur"
"2166","12543","3602","2400","2025-01-04","cash_advance","8538.68","uk","wallet","gbp"
"2167","4895","15892","13247","2025-08-06","fuel","9036.26","sg","contactless","cad"
"2168","15444","19271","9952","2025-04-17","jewelry","9339.99","us","chip","usd"
"2169","17163","4933","5721","2025-03-14","electronics","6091.96","ae","manual_keyed","gbp"
"2170","8058","19610","5110","2025-04-06","jewelry","465.34","sg","wallet","cad"
"2171","6517","14892","14841","2025-02-10","grocery","500.34","mx","manual_keyed","eur"
"2172","10377","11742","10559","2025-02-01","cash_advance","2370.5","uk","chip","usd"
"2173","3518","1967","10990","2025-06-07","fuel","9260.51","ae","manual_keyed","cad"
"2174","14178","22418","13641","2025-05-13","electronics","1216.67","us","contactless","eur"
"2175","2445","15041","2599","2025-06-26","gaming","417.76","de","chip","eur"
"2176","3916","23538","13444","2025-11-10","gaming","3142.4","us","manual_keyed","cad"
"2177","580","2518","4539","2025-04-24","gaming","5033.6","br","ecommerce","usd"
"2178","9396","14795","13139","2025-01-18","travel","5422.94","de","manual_keyed","eur"
"2179","12164","10592","8670","2025-03-30","jewelry","2846.73","ae","ecommerce","gbp"
"2180","16922","1689","3359","2025-03-03","grocery","8655.92","de","contactless","cad"
"2181","17984","14586","6148","2025-12-17","jewelry","2127.02","de","wallet","cad"
"2182","4616","14755","9927","2025-11-24","fuel","7863.11","br","contactless","eur"
"2183","8141","16541","6983","2025-04-13","travel","3695.59","uk","contactless","cad"
"2184","14070","23750","9764","2025-04-24","cash_advance","8414.35","uk","manual_keyed","cad"
"2185","6800","12635","4899","2025-06-22","gaming","6736.86","uk","chip","gbp"
"2186","14127","18108","11315","2025-05-15","travel","8248.65","mx","wallet","usd"
"2187","16043","13898","4084","2025-02-26","gaming","1230.72","ae","chip","gbp"
"2188","15300","7224","13426","2025-11-18","grocery","3945.84","de","wallet","usd"
"2189","998","57","10437","2025-12-24","travel","6837.56","fr","wallet","usd"
"2190","4902","17738","7679","2025-11-20","fuel","6937.79","br","ecommerce","gbp"
"2191","11131","9381","4641","2025-03-20","gaming","5015.23","br","manual_keyed","cad"
"2192","12550","9776","1422","2025-06-27","gaming","132.82","us","manual_keyed","cad"
"2193","17602","4116","8095","2025-01-02","electronics","3106.53","br","manual_keyed","eur"
"2194","17242","13120","13338","2025-09-14","fuel","6773.87","us","manual_keyed","gbp"
"2195","12473","18426","2218","2025-10-21","cash_advance","9427.11","mx","contactless","usd"
"2196","16282","7665","10975","2025-05-15","digital_services","4589.6","us","manual_keyed","cad"
"2197","10779","24182","4548","2025-01-27","cash_advance","5014.73","fr","chip","usd"
"2198","16379","8993","13815","2025-12-22","fuel","7860.86","fr","manual_keyed","usd"
"2199","5991","11707","1483","2025-04-26","jewelry","3711.77","us","chip","usd"
"2200","10687","3327","14471","2025-08-16","cash_advance","6503.02","de","manual_keyed","eur"
"2201","4468","16067","3705","2025-11-05","jewelry","4760.91","ae","manual_keyed","cad"
"2202","6992","12104","13741","2025-04-04","jewelry","230.15","ae","contactless","usd"
"2203","10731","19366","6399","2025-04-16","fuel","1782.19","uk","wallet","usd"
"2204","3236","14417","4928","2025-07-21","cash_advance","2010.91","fr","wallet","gbp"
"2205","9006","479","4013","2025-06-02","electronics","8151.82","de","ecommerce","gbp"
"2206","15988","7756","10257","2025-09-05","grocery","2960.99","ae","chip","gbp"
"2207","11119","20793","11624","2025-05-06","electronics","2503.42","sg","ecommerce","usd"
"2208","15267","3372","12278","2025-03-26","jewelry","2546.09","uk","contactless","eur"
"2209","5528","20498","8606","2025-12-06","digital_services","2531.04","mx","contactless","eur"
"2210","12296","18166","12340","2025-01-02","travel","1006.26","de","ecommerce","usd"
"2211","6060","5543","4301","2025-09-13","travel","4031.95","us","chip","gbp"
"2212","4559","15581","5184","2025-04-11","grocery","6018.21","sg","contactless","usd"
"2213","6090","5690","11585","2025-04-24","jewelry","5682.28","mx","manual_keyed","cad"
"2214","139","19141","2831","2025-10-20","cash_advance","6289.54","us","contactless","cad"
"2215","12876","11828","2670","2025-10-25","grocery","9443.08","br","wallet","usd"
"2216","15136","1807","1691","2025-08-02","digital_services","3968.8","fr","wallet","eur"
"2217","17870","17988","14944","2025-06-03","travel","3314.92","ae","manual_keyed","cad"
"2218","9722","8447","7298","2025-06-07","travel","6601.03","de","chip","cad"
"2219","16763","12332","1584","2025-12-30","travel","1857.65","ae","wallet","eur"
"2220","17366","3001","749","2025-05-11","travel","960.73","mx","manual_keyed","gbp"
"2221","13242","833","14721","2025-03-18","cash_advance","2770.07","ae","manual_keyed","cad"
"2222","16974","3100","11022","2025-02-13","electronics","641.63","br","manual_keyed","eur"
"2223","11514","23523","13200","2025-03-14","digital_services","4609.73","fr","ecommerce","eur"
"2224","9368","7073","1059","2025-11-01","electronics","2184.83","fr","manual_keyed","eur"
"2225","269","14896","5153","2025-04-23","cash_advance","4873.05","fr","manual_keyed","gbp"
"2226","16301","23983","7467","2025-12-06","travel","4265.84","mx","contactless","cad"
"2227","10588","21118","9900","2025-09-19","electronics","265.82","uk","manual_keyed","usd"
"2228","16051","2710","12889","2025-06-02","grocery","7291.1","ae","chip","cad"
"2229","5302","19530","13864","2025-12-31","jewelry","623.46","fr","ecommerce","eur"
"2230","9898","10242","4353","2025-03-02","electronics","4454.2","us","ecommerce","gbp"
"2231","5342","15957","14185","2025-08-12","cash_advance","6709.79","fr","ecommerce","gbp"
"2232","17353","22526","12368","2025-11-19","grocery","2179.58","de","chip","eur"
"2233","7544","11119","14650","2025-08-18","cash_advance","8057.66","ae","ecommerce","usd"
"2234","14925","3371","8605","2025-03-03","electronics","6361.22","uk","manual_keyed","usd"
"2235","9961","10484","10864","2025-09-19","digital_services","4520.98","de","contactless","cad"
"2236","1218","12109","5011","2025-12-11","grocery","6332.8","br","manual_keyed","eur"
"2237","349","2547","212","2025-09-06","gaming","9309.34","uk","wallet","eur"
"2238","764","9887","5231","2025-11-26","fuel","5588.01","de","chip","gbp"
"2239","3616","4052","985","2025-10-19","travel","6151.9","ae","manual_keyed","gbp"
"2240","2997","1941","3816","2025-06-24","cash_advance","8387.99","sg","manual_keyed","eur"
"2241","12557","18623","6913","2025-04-27","electronics","9361.06","sg","chip","gbp"
"2242","10671","16446","8626","2025-04-18","jewelry","849.08","br","manual_keyed","cad"
"2243","17311","12526","6204","2025-04-22","digital_services","7171.49","uk","wallet","gbp"
"2244","6204","19128","2039","2025-01-27","digital_services","8096.97","mx","wallet","cad"
"2245","17001","21343","11796","2025-10-12","electronics","5326.17","us","manual_keyed","gbp"
"2246","17672","18031","4264","2025-06-16","jewelry","5813.52","mx","chip","gbp"
"2247","3828","14271","10068","2025-05-14","gaming","1997.19","br","chip","usd"
"2248","5828","15481","10146","2025-10-25","electronics","3210.33","ae","manual_keyed","gbp"
"2249","12599","12815","13228","2025-08-08","digital_services","6902.45","de","ecommerce","eur"
"2250","8317","8228","7746","2025-07-08","grocery","3862.76","uk","ecommerce","usd"
"2251","9089","21810","13957","2025-03-19","cash_advance","6833.36","br","ecommerce","usd"
"2252","2914","17835","14430","2025-10-11","grocery","5159.67","fr","chip","eur"
"2253","17239","2820","5402","2025-07-24","jewelry","900.14","sg","manual_keyed","cad"
"2254","17923","20473","833","2025-05-26","gaming","3747.67","ae","ecommerce","eur"
"2255","7308","13503","7991","2025-10-22","electronics","2895.44","ae","manual_keyed","eur"
"2256","13179","7058","6155","2025-07-08","jewelry","1335.58","br","wallet","eur"
"2257","15565","13912","571","2025-05-19","travel","4916.03","ae","ecommerce","gbp"
"2258","7418","3357","6283","2025-08-26","cash_advance","2156.88","sg","wallet","usd"
"2259","882","110","12008","2025-07-06","grocery","2857.92","de","manual_keyed","usd"
"2260","5812","15268","5187","2025-03-13","electronics","7740.76","ae","contactless","gbp"
"2261","14306","1840","2959","2025-11-10","cash_advance","3725.59","br","wallet","eur"
"2262","12170","19377","11035","2025-01-19","travel","851.03","mx","manual_keyed","gbp"
"2263","16622","18202","6458","2025-02-19","travel","5255.28","de","chip","gbp"
"2264","3025","11809","2856","2025-07-08","electronics","8244.08","sg","manual_keyed","cad"
"2265","17087","3062","303","2025-08-17","travel","9275.36","us","contactless","eur"
"2266","14756","12391","13256","2025-04-15","cash_advance","4374.79","br","ecommerce","eur"
"2267","1548","10246","4225","2025-07-03","cash_advance","1986.8","ae","chip","gbp"
"2268","10566","15503","7756","2025-01-13","cash_advance","440.54","us","contactless","cad"
"2269","14593","4369","3784","2025-06-09","fuel","4554.01","us","chip","gbp"
"2270","10560","21413","14976","2025-07-03","fuel","6577.2","mx","manual_keyed","gbp"
"2271","1735","10700","769","2025-05-17","travel","590.66","mx","manual_keyed","eur"
"2272","8394","16821","14279","2025-03-04","gaming","4945.94","fr","wallet","cad"
"2273","15219","14744","8936","2025-03-13","cash_advance","4626.63","mx","manual_keyed","eur"
"2274","9327","19421","9985","2025-08-27","jewelry","6233.12","mx","ecommerce","cad"
"2275","15879","9838","12980","2025-04-22","gaming","9303.01","br","chip","eur"
"2276","5026","2574","12108","2025-06-26","grocery","3963.68","mx","wallet","usd"
"2277","13989","5104","9667","2025-06-29","gaming","3664.4","br","ecommerce","gbp"
"2278","5954","7357","3483","2025-07-25","electronics","9111.68","us","contactless","eur"
"2279","4786","13685","6428","2025-10-08","grocery","5223.48","sg","contactless","cad"
"2280","5330","20479","1653","2025-11-09","digital_services","8359.46","us","manual_keyed","usd"
"2281","7946","3156","2382","2025-05-05","jewelry","2897.12","br","ecommerce","eur"
"2282","10044","13715","3121","2025-06-12","fuel","2116.35","fr","wallet","cad"
"2283","13229","20162","6810","2025-06-05","fuel","2853.0","us","contactless","usd"
"2284","2915","21686","11152","2025-08-17","gaming","6462.18","ae","manual_keyed","eur"
"2285","4022","23863","3714","2025-09-09","travel","4925.76","mx","wallet","cad"
"2286","12563","20186","4136","2025-12-06","electronics","7893.36","mx","manual_keyed","usd"
"2287","10524","7557","5663","2025-12-12","cash_advance","4415.01","ae","contactless","cad"
"2288","12654","8544","11739","2025-11-28","jewelry","3802.72","ae","wallet","eur"
"2289","1008","12786","2110","2025-12-18","gaming","8961.37","br","ecommerce","usd"
"2290","1689","3403","11103","2025-08-18","grocery","1050.29","br","ecommerce","eur"
"2291","6739","18369","14485","2025-02-16","fuel","6983.33","us","ecommerce","cad"
"2292","3510","18559","13265","2025-01-26","gaming","2871.26","sg","ecommerce","gbp"
"2293","7296","3056","4397","2025-11-10","grocery","8686.43","us","manual_keyed","cad"
"2294","9277","11181","4010","2025-09-22","jewelry","6205.06","br","ecommerce","gbp"
"2295","9140","24013","6631","2025-04-05","digital_services","7902.68","ae","chip","cad"
"2296","13090","22873","1762","2025-02-11","jewelry","8302.74","mx","manual_keyed","cad"
"2297","3258","9198","12498","2025-02-28","jewelry","7679.02","sg","ecommerce","usd"
"2298","14594","8447","13164","2025-08-21","travel","5714.42","br","ecommerce","gbp"
"2299","13560","15317","14990","2025-07-15","electronics","5161.1","de","ecommerce","usd"
"2300","6812","2101","5235","2025-11-12","gaming","3608.53","br","wallet","cad"
"2301","8998","4210","1668","2025-08-17","electronics","7691.28","ae","wallet","gbp"
"2302","5530","2467","4781","2025-03-12","cash_advance","1930.98","us","ecommerce","eur"
"2303","2926","23154","4676","2025-10-01","travel","4585.0","uk","ecommerce","gbp"
"2304","10546","19719","3838","2025-03-30","digital_services","3885.88","br","contactless","usd"
"2305","4374","3210","4087","2025-04-29","travel","880.05","fr","ecommerce","gbp"
"2306","16334","2682","2387","2025-03-06","travel","6720.2","fr","manual_keyed","eur"
"2307","11428","10170","10402","2025-06-02","fuel","8053.06","uk","wallet","cad"
"2308","12976","16457","10616","2025-07-31","electronics","7210.11","us","chip","eur"
"2309","7755","9083","5749","2025-07-03","digital_services","2558.87","sg","contactless","gbp"
"2310","17533","4654","6563","2025-08-16","cash_advance","6351.23","de","ecommerce","cad"
"2311","13583","19583","13911","2025-11-23","gaming","7118.92","mx","chip","usd"
"2312","12796","1212","3825","2025-09-04","cash_advance","6992.88","de","manual_keyed","eur"
"2313","11724","13056","10536","2025-05-09","digital_services","6222.29","sg","chip","eur"
"2314","8823","10566","14161","2025-05-26","cash_advance","4007.0","us","manual_keyed","gbp"
"2315","4454","22466","12127","2025-08-16","digital_services","8202.34","us","manual_keyed","usd"
"2316","17593","23324","9653","2025-06-04","grocery","5816.44","us","manual_keyed","eur"
"2317","4007","16794","13929","2025-02-16","fuel","6594.0","br","manual_keyed","usd"
"2318","6965","22387","6025","2025-06-19","electronics","7369.73","ae","contactless","cad"
"2319","1843","915","7356","2025-09-10","digital_services","9060.4","de","chip","gbp"
"2320","1398","15947","5385","2025-08-31","travel","5439.71","sg","chip","cad"
"2321","1767","24020","380","2025-02-18","travel","196.95","mx","ecommerce","usd"
"2322","11201","19400","2611","2025-06-16","jewelry","7561.41","uk","contactless","eur"
"2323","745","11093","10231","2025-09-13","fuel","8526.97","mx","chip","usd"
"2324","16883","16469","12717","2025-09-12","grocery","1569.54","mx","wallet","eur"
"2325","2669","14870","12357","2025-07-10","gaming","2571.79","br","contactless","gbp"
"2326","11623","2553","7268","2025-08-05","cash_advance","5253.16","uk","wallet","eur"
"2327","5193","18396","11765","2025-08-08","grocery","9246.83","br","chip","eur"
"2328","13917","23404","7438","2025-07-22","electronics","5006.28","uk","manual_keyed","cad"
"2329","11834","23595","11403","2025-03-31","electronics","5071.47","uk","contactless","usd"
"2330","13266","18335","1201","2025-07-24","gaming","8136.48","sg","chip","usd"
"2331","9763","22548","12498","2025-12-26","cash_advance","7026.9","ae","ecommerce","eur"
"2332","9825","16568","12027","2025-07-10","jewelry","6660.07","fr","contactless","eur"
"2333","11417","3364","12246","2025-10-20","electronics","3255.22","us","wallet","cad"
"2334","17008","13242","3744","2025-08-27","fuel","954.12","us","ecommerce","eur"
"2335","6856","14487","11089","2025-01-12","grocery","427.43","ae","ecommerce","eur"
"2336","1064","3564","2037","2025-01-01","cash_advance","6132.7","fr","manual_keyed","eur"
"2337","15729","7409","2199","2025-03-24","cash_advance","738.48","ae","wallet","gbp"
"2338","9160","21633","3431","2025-04-09","gaming","3149.99","de","ecommerce","usd"
"2339","1344","20222","14385","2025-08-15","electronics","5258.39","us","wallet","gbp"
"2340","10822","22954","3094","2025-02-03","gaming","5044.0","br","chip","cad"
"2341","12057","22488","8504","2025-02-13","gaming","5818.69","uk","manual_keyed","usd"
"2342","7500","17943","13834","2025-05-26","gaming","6604.9","br","contactless","cad"
"2343","12318","7518","10264","2025-04-29","digital_services","2771.15","uk","wallet","gbp"
"2344","9656","22272","5401","2025-07-31","grocery","5042.12","mx","contactless","cad"
"2345","6745","2509","2061","2025-09-22","digital_services","158.35","fr","wallet","gbp"
"2346","4551","14171","1685","2025-12-01","electronics","6689.74","us","chip","usd"
"2347","16193","3364","1463","2025-09-19","cash_advance","5717.0","de","chip","usd"
"2348","5870","13992","3710","2025-09-17","digital_services","3763.39","fr","ecommerce","cad"
"2349","7837","14985","13286","2025-06-21","electronics","1184.01","ae","ecommerce","eur"
"2350","17258","966","9286","2025-07-06","cash_advance","8515.45","mx","manual_keyed","usd"
"2351","16982","12583","8752","2025-09-01","electronics","7706.17","de","ecommerce","usd"
"2352","2208","437","11544","2025-01-20","travel","660.98","br","contactless","eur"
"2353","16429","21378","411","2025-12-20","fuel","6761.93","us","contactless","cad"
"2354","472","3285","3248","2025-03-26","travel","1630.93","ae","chip","usd"
"2355","5429","12157","5903","2025-04-04","gaming","1402.73","de","chip","gbp"
"2356","1789","16844","923","2025-05-19","fuel","4665.73","mx","ecommerce","gbp"
"2357","8982","20190","4658","2025-09-08","electronics","5669.09","sg","contactless","eur"
"2358","1871","10098","3575","2025-03-13","digital_services","330.71","uk","wallet","cad"
"2359","251","20801","13631","2025-06-08","gaming","7184.08","fr","wallet","usd"
"2360","12205","23488","4545","2025-04-29","gaming","4990.63","uk","contactless","gbp"
"2361","1585","8881","4077","2025-10-19","grocery","8261.56","br","chip","cad"
"2362","8513","20637","6725","2025-02-01","travel","3624.64","us","contactless","gbp"
"2363","5596","3776","2716","2025-11-04","gaming","625.49","us","wallet","gbp"
"2364","11762","11312","4588","2025-02-03","gaming","6040.61","br","ecommerce","usd"
"2365","8055","1728","4428","2025-06-29","gaming","3188.08","uk","contactless","usd"
"2366","1952","17957","3808","2025-02-22","electronics","5402.15","mx","manual_keyed","gbp"
"2367","301","17036","10458","2025-08-29","grocery","9435.01","mx","wallet","usd"
"2368","15672","8867","5884","2025-02-23","jewelry","8688.53","de","contactless","gbp"
"2369","6956","10299","8772","2025-10-31","fuel","7503.29","sg","manual_keyed","cad"
"2370","8598","3775","7690","2025-03-24","gaming","8520.56","mx","chip","eur"
"2371","3479","23406","13825","2025-01-02","grocery","4319.79","br","contactless","cad"
"2372","11607","3081","10386","2025-02-06","electronics","9465.18","uk","contactless","usd"
"2373","10957","5274","13168","2025-11-24","cash_advance","3763.42","de","contactless","eur"
"2374","7150","6029","1763","2025-04-18","grocery","1255.63","de","ecommerce","usd"
"2375","6913","16125","8693","2025-03-05","grocery","8436.9","us","chip","usd"
"2376","15350","6530","2006","2025-09-27","fuel","2246.81","fr","contactless","gbp"
"2377","16662","2411","3989","2025-10-13","gaming","6731.09","de","manual_keyed","eur"
"2378","10873","21043","421","2025-05-21","jewelry","4152.4","us","manual_keyed","usd"
"2379","15054","9614","4421","2025-04-27","gaming","6067.99","mx","wallet","usd"
"2380","6706","4422","5079","2025-03-30","jewelry","6501.92","de","ecommerce","cad"
"2381","537","19057","7491","2025-09-01","travel","3937.2","ae","manual_keyed","gbp"
"2382","2581","5890","6079","2025-10-11","grocery","7911.59","de","chip","gbp"
"2383","14469","6575","11161","2025-06-22","travel","6486.06","br","contactless","cad"
"2384","12192","5407","1383","2025-02-20","gaming","2948.74","sg","contactless","gbp"
"2385","13349","23603","3452","2025-04-17","electronics","67.39","fr","ecommerce","cad"
"2386","10972","22666","13653","2025-12-13","fuel","1297.22","us","chip","usd"
"2387","12403","16238","11606","2025-10-18","gaming","9166.72","de","wallet","usd"
"2388","13729","2717","2197","2025-08-06","grocery","3317.94","us","contactless","eur"
"2389","3627","13540","2817","2025-09-07","digital_services","4926.26","sg","wallet","gbp"
"2390","8432","13307","2363","2025-01-06","grocery","8888.59","ae","contactless","eur"
"2391","15639","12689","7839","2025-09-08","travel","2332.32","mx","chip","eur"
"2392","3747","119","1213","2025-02-05","fuel","7731.88","br","manual_keyed","cad"
"2393","15312","249","2316","2025-05-21","cash_advance","8430.47","ae","wallet","cad"
"2394","8441","17662","9898","2025-02-16","electronics","3404.69","uk","ecommerce","gbp"
"2395","10509","14719","5271","2025-10-06","travel","9020.8","de","wallet","gbp"
"2396","17903","19331","9200","2025-07-17","fuel","6472.46","br","contactless","cad"
"2397","2785","23354","6484","2025-05-26","grocery","728.26","sg","chip","eur"
"2398","1967","18015","8262","2025-05-05","electronics","1385.59","ae","contactless","cad"
"2399","1470","14175","4940","2025-10-18","cash_advance","3519.32","de","chip","usd"
"2400","3779","17141","5431","2025-07-19","electronics","5027.63","fr","manual_keyed","cad"
"2401","15222","22866","11584","2025-03-27","jewelry","598.25","us","manual_keyed","cad"
"2402","7703","24231","1233","2025-11-30","cash_advance","9068.64","br","wallet","eur"
"2403","17469","4760","14646","2025-11-08","fuel","4447.06","de","chip","cad"
"2404","1584","8082","2070","2025-03-08","digital_services","7975.33","uk","ecommerce","gbp"
"2405","15643","12373","13510","2025-10-12","jewelry","4199.7","mx","chip","cad"
"2406","15651","9939","8340","2025-12-01","fuel","4861.11","uk","contactless","gbp"
"2407","497","10093","12962","2025-07-29","travel","6430.87","br","chip","cad"
"2408","12989","19380","14727","2025-06-12","gaming","321.78","mx","chip","eur"
"2409","11609","10227","1084","2025-04-25","fuel","3854.02","de","contactless","usd"
"2410","8744","16634","9718","2025-01-22","cash_advance","421.61","uk","manual_keyed","gbp"
"2411","7134","10669","7358","2025-06-26","cash_advance","2326.84","mx","chip","eur"
"2412","13360","14285","5227","2025-01-17","jewelry","3424.91","sg","chip","cad"
"2413","8563","3383","11947","2025-08-08","gaming","3052.96","de","manual_keyed","usd"
"2414","11615","16037","2861","2025-08-17","cash_advance","5534.99","mx","wallet","cad"
"2415","6740","14037","7962","2025-03-06","digital_services","8523.62","mx","chip","eur"
"2416","11203","12486","14910","2025-06-07","fuel","6277.14","sg","manual_keyed","gbp"
"2417","1245","10731","6420","2025-09-18","cash_advance","2998.65","us","ecommerce","cad"
"2418","12899","22431","1721","2025-06-27","fuel","8174.09","br","manual_keyed","gbp"
"2419","11312","6713","11567","2025-06-11","jewelry","7562.73","ae","wallet","gbp"
"2420","17961","16612","9947","2025-04-29","cash_advance","1192.02","uk","ecommerce","cad"
"2421","12869","10558","6875","2025-08-29","travel","3380.12","fr","wallet","eur"
"2422","14971","21631","14972","2025-02-21","electronics","3386.0","uk","wallet","usd"
"2423","656","16935","3961","2025-09-24","fuel","4609.79","de","contactless","eur"
"2424","17030","23752","2554","2025-12-08","electronics","8152.67","mx","contactless","eur"
"2425","2074","18534","107","2025-04-03","digital_services","2180.62","sg","chip","usd"
"2426","16965","9160","170","2025-11-12","fuel","17.39","uk","wallet","eur"
"2427","1960","14692","3633","2025-02-06","grocery","8353.32","ae","manual_keyed","cad"
"2428","14573","2910","386","2025-04-08","jewelry","4122.16","sg","contactless","cad"
"2429","13144","15053","13512","2025-03-04","gaming","4046.39","uk","manual_keyed","gbp"
"2430","13674","17481","10685","2025-07-04","grocery","7125.9","us","manual_keyed","usd"
"2431","14880","19891","1436","2025-10-01","electronics","7788.8","us","chip","cad"
"2432","4020","1690","3845","2025-03-27","jewelry","1759.28","fr","contactless","gbp"
"2433","15286","15867","11339","2025-12-13","gaming","3013.67","sg","manual_keyed","eur"
"2434","2829","20715","13167","2025-06-28","jewelry","7805.92","uk","chip","cad"
"2435","10019","8810","13943","2025-01-30","jewelry","5194.83","us","chip","gbp"
"2436","15036","21717","12457","2025-08-17","cash_advance","4711.55","de","manual_keyed","cad"
"2437","13465","16233","5149","2025-11-06","travel","817.95","br","chip","usd"
"2438","9479","10023","14866","2025-11-24","digital_services","8458.29","uk","manual_keyed","gbp"
"2439","15892","8528","3357","2025-09-27","gaming","6146.23","ae","contactless","eur"
"2440","10073","22133","8419","2025-05-12","grocery","9259.6","us","ecommerce","cad"
"2441","2216","18715","9717","2025-09-19","travel","531.89","uk","contactless","gbp"
"2442","8449","15468","2138","2025-08-15","electronics","584.26","uk","chip","gbp"
"2443","1184","10047","4953","2025-02-18","gaming","7881.86","uk","ecommerce","cad"
"2444","6147","21511","1532","2025-02-25","digital_services","6402.59","uk","ecommerce","gbp"
"2445","3636","20962","5099","2025-11-10","gaming","3518.85","sg","chip","usd"
"2446","15001","13399","11185","2025-02-08","fuel","6471.14","de","chip","cad"
"2447","5353","14361","3522","2025-07-19","jewelry","8887.8","uk","contactless","cad"
"2448","5095","19205","10189","2025-08-24","grocery","4401.56","sg","wallet","eur"
"2449","13329","7125","6257","2025-09-21","fuel","9351.04","mx","ecommerce","cad"
"2450","13199","13992","7357","2025-04-19","electronics","6952.44","br","chip","usd"
"2451","4961","4254","4554","2025-11-06","digital_services","1189.4","fr","manual_keyed","cad"
"2452","17288","4700","4302","2025-06-22","digital_services","6497.79","sg","manual_keyed","eur"
"2453","3473","3253","5001","2025-04-17","electronics","5982.87","fr","chip","gbp"
"2454","16178","24076","11073","2025-04-22","fuel","4233.19","sg","ecommerce","eur"
"2455","12712","2162","891","2025-11-10","digital_services","8591.33","br","wallet","usd"
"2456","13385","22989","2686","2025-06-25","gaming","377.4","uk","ecommerce","cad"
"2457","6592","3953","11222","2025-01-31","grocery","588.39","sg","ecommerce","gbp"
"2458","12564","16917","6048","2025-06-21","travel","6828.44","de","contactless","cad"
"2459","8729","14067","14284","2025-05-12","cash_advance","7594.68","us","contactless","cad"
"2460","14472","23461","10874","2025-07-03","travel","3332.44","mx","manual_keyed","usd"
"2461","7581","8393","5022","2025-04-01","jewelry","3344.93","br","manual_keyed","cad"
"2462","12849","41","12743","2025-08-11","fuel","2706.58","fr","contactless","gbp"
"2463","12733","22944","474","2025-12-12","fuel","6464.02","fr","chip","cad"
"2464","8522","10639","2988","2025-09-27","jewelry","5207.55","fr","wallet","cad"
"2465","588","9052","8766","2025-03-26","fuel","6271.81","sg","contactless","gbp"
"2466","15004","12426","10907","2025-12-15","cash_advance","4021.77","de","wallet","gbp"
"2467","13988","453","12440","2025-02-09","gaming","1462.44","ae","ecommerce","cad"
"2468","16728","21934","8103","2025-02-25","cash_advance","378.79","sg","ecommerce","usd"
"2469","13003","10002","8269","2025-08-20","gaming","1342.55","mx","chip","usd"
"2470","2580","16196","12821","2025-01-19","electronics","1947.98","fr","manual_keyed","usd"
"2471","1956","5535","11724","2025-12-11","grocery","504.03","fr","manual_keyed","gbp"
"2472","16748","3719","28","2025-01-26","electronics","8594.13","de","contactless","cad"
"2473","4567","8899","7135","2025-10-22","jewelry","1601.05","mx","ecommerce","gbp"
"2474","17003","17928","11082","2025-07-22","grocery","4083.52","ae","wallet","eur"
"2475","13231","801","6976","2025-12-11","fuel","5683.29","mx","wallet","cad"
"2476","15680","17110","1938","2025-03-10","gaming","8624.94","mx","contactless","cad"
"2477","13852","12022","13322","2025-06-29","gaming","7014.02","us","manual_keyed","usd"
"2478","9852","18264","10121","2025-04-06","gaming","278.14","us","manual_keyed","cad"
"2479","6461","9395","1926","2025-12-05","travel","9269.32","br","ecommerce","usd"
"2480","11451","14960","5751","2025-10-04","cash_advance","8836.04","sg","wallet","cad"
"2481","9282","6131","10059","2025-05-26","jewelry","9055.65","ae","manual_keyed","gbp"
"2482","5798","10097","12432","2025-05-17","digital_services","9389.66","sg","manual_keyed","usd"
"2483","875","1253","11283","2025-01-02","gaming","6231.02","fr","ecommerce","usd"
"2484","17340","647","10230","2025-06-10","fuel","1877.84","de","chip","cad"
"2485","6145","4602","10057","2025-03-10","cash_advance","4974.28","sg","contactless","usd"
"2486","106","428","7790","2025-08-20","fuel","4337.78","fr","contactless","usd"
"2487","15879","18991","11905","2025-04-05","fuel","1533.24","uk","manual_keyed","usd"
"2488","4456","12541","12489","2025-11-12","cash_advance","4461.44","ae","manual_keyed","gbp"
"2489","584","8891","13304","2025-05-31","fuel","2533.67","sg","ecommerce","usd"
"2490","3746","15061","11091","2025-07-16","digital_services","8541.9","de","ecommerce","gbp"
"2491","2110","22492","14499","2025-06-29","jewelry","7149.73","fr","contactless","cad"
"2492","3317","24005","10738","2025-07-04","electronics","3830.9","sg","chip","gbp"
"2493","16099","17544","6675","2025-08-08","travel","4832.18","ae","wallet","gbp"
"2494","9510","17585","361","2025-09-04","gaming","4211.71","ae","contactless","usd"
"2495","9972","10896","7968","2025-03-09","fuel","5671.83","ae","wallet","eur"
"2496","7927","3509","4106","2025-08-14","fuel","922.8","br","contactless","cad"
"2497","12204","20186","13201","2025-10-21","jewelry","7963.89","mx","chip","gbp"
"2498","15151","2415","5305","2025-01-31","cash_advance","5670.25","de","ecommerce","usd"
"2499","14588","1180","2311","2025-05-08","cash_advance","7739.03","uk","manual_keyed","cad"
"2500","5981","1226","11588","2025-10-30","jewelry","129.22","ae","contactless","eur"
"2501","10045","2982","13564","2025-11-03","digital_services","7083.63","br","ecommerce","gbp"
"2502","291","1432","13709","2025-06-29","cash_advance","4293.76","uk","manual_keyed","usd"
"2503","11465","10715","12070","2025-08-17","digital_services","5590.24","fr","contactless","usd"
"2504","9154","1070","14695","2025-04-08","electronics","8860.49","us","manual_keyed","eur"
"2505","17315","3515","4754","2025-10-29","jewelry","8083.49","sg","chip","gbp"
"2506","7184","13558","9607","2025-12-24","digital_services","8565.81","mx","manual_keyed","usd"
"2507","4617","20134","2625","2025-11-03","cash_advance","7501.41","br","wallet","eur"
"2508","15815","12006","3577","2025-09-24","electronics","659.58","sg","wallet","gbp"
"2509","16827","960","3055","2025-10-20","fuel","2997.28","us","ecommerce","eur"
"2510","7036","15580","10611","2025-12-23","cash_advance","8698.62","sg","contactless","gbp"
"2511","11330","3163","9395","2025-03-22","fuel","5518.72","sg","ecommerce","eur"
"2512","15545","1617","14240","2025-01-06","digital_services","8079.03","sg","wallet","eur"
"2513","12094","16363","4533","2025-02-14","cash_advance","8507.3","ae","ecommerce","gbp"
"2514","14655","13642","14224","2025-01-21","travel","4258.61","ae","manual_keyed","eur"
"2515","11562","12359","6506","2025-06-01","electronics","2702.06","sg","ecommerce","cad"
"2516","4341","17254","14251","2025-02-14","jewelry","8771.37","mx","chip","usd"
"2517","15822","18323","1924","2025-03-20","jewelry","2972.06","fr","wallet","usd"
"2518","3715","23020","868","2025-12-19","jewelry","2397.39","mx","ecommerce","usd"
"2519","1111","6620","591","2025-10-17","digital_services","1113.39","ae","contactless","eur"
"2520","12115","4656","14848","2025-09-12","jewelry","6767.86","de","chip","eur"
"2521","8190","18250","14613","2025-05-13","travel","589.46","ae","chip","cad"
"2522","8772","14208","5086","2025-08-18","digital_services","6974.79","fr","contactless","eur"
"2523","14148","24061","11176","2025-03-17","fuel","3858.07","uk","chip","usd"
"2524","5185","10568","9993","2025-10-10","digital_services","5707.35","fr","chip","usd"
"2525","13023","17050","12672","2025-09-01","grocery","7675.46","fr","manual_keyed","usd"
"2526","8905","7580","11446","2025-06-02","electronics","4310.51","mx","chip","usd"
"2527","13183","6867","2030","2025-11-03","digital_services","593.51","sg","wallet","gbp"
"2528","3172","19074","8020","2025-05-07","grocery","6331.86","sg","contactless","cad"
"2529","2633","2309","6619","2025-09-12","electronics","6093.96","de","wallet","eur"
"2530","12115","10124","14808","2025-11-02","cash_advance","2137.07","br","contactless","usd"
"2531","3752","8466","8406","2025-12-26","grocery","7360.07","de","contactless","gbp"
"2532","6459","20435","10558","2025-04-22","gaming","769.61","uk","manual_keyed","eur"
"2533","16072","10413","7670","2025-07-18","jewelry","3625.39","uk","chip","gbp"
"2534","16452","7568","8686","2025-01-26","jewelry","7991.98","br","chip","eur"
"2535","1926","16059","10621","2025-12-01","fuel","4409.37","br","contactless","eur"
"2536","14731","2214","362","2025-10-09","cash_advance","2548.65","de","manual_keyed","usd"
"2537","11667","6113","13727","2025-03-05","gaming","7673.81","uk","manual_keyed","cad"
"2538","10705","10368","11527","2025-09-30","cash_advance","7215.24","fr","manual_keyed","usd"
"2539","17457","22074","780","2025-04-15","fuel","7744.0","us","ecommerce","usd"
"2540","12799","20884","4975","2025-08-24","cash_advance","1439.88","mx","manual_keyed","eur"
"2541","6071","16343","1768","2025-05-03","jewelry","6568.38","us","wallet","gbp"
"2542","4298","18063","1391","2025-05-13","travel","8073.98","us","wallet","cad"
"2543","1052","9915","2762","2025-04-23","digital_services","6637.93","br","contactless","cad"
"2544","12048","16198","14852","2025-08-26","grocery","2198.73","de","ecommerce","gbp"
"2545","8251","9018","371","2025-01-07","cash_advance","381.7","ae","ecommerce","usd"
"2546","2823","13553","13093","2025-09-30","travel","6636.06","sg","ecommerce","eur"
"2547","3876","16526","9945","2025-11-21","gaming","7958.74","us","wallet","usd"
"2548","12525","11789","1003","2025-06-12","fuel","371.38","sg","wallet","cad"
"2549","13419","24041","6670","2025-06-02","cash_advance","60.96","mx","ecommerce","usd"
"2550","4193","3493","7571","2025-06-01","cash_advance","6792.23","ae","ecommerce","eur"
"2551","13425","3728","4979","2025-04-28","cash_advance","6597.11","uk","wallet","gbp"
"2552","6811","20294","931","2025-08-13","digital_services","7311.43","sg","ecommerce","cad"
"2553","6402","5173","9646","2025-10-20","electronics","5697.01","ae","manual_keyed","usd"
"2554","5380","21425","2815","2025-09-15","electronics","3041.6","us","chip","eur"
"2555","3460","13581","640","2025-05-06","grocery","1427.41","fr","contactless","eur"
"2556","6482","12964","9452","2025-12-15","travel","145.31","mx","manual_keyed","cad"
"2557","4768","5181","9006","2025-08-21","cash_advance","4899.67","fr","chip","gbp"
"2558","17414","24168","1608","2025-04-29","fuel","8509.49","ae","ecommerce","gbp"
"2559","13784","13950","11222","2025-10-25","electronics","2908.33","mx","ecommerce","cad"
"2560","11602","22477","12689","2025-05-09","jewelry","167.35","de","contactless","gbp"
"2561","983","14539","6768","2025-12-27","cash_advance","4112.36","br","wallet","gbp"
"2562","15046","1222","8019","2025-12-18","electronics","4570.43","mx","chip","eur"
"2563","106","21355","10323","2025-04-16","electronics","7344.2","uk","ecommerce","gbp"
"2564","14425","10831","2831","2025-12-30","gaming","4988.56","fr","contactless","usd"
"2565","422","7772","5203","2025-03-26","grocery","8990.0","uk","chip","cad"
"2566","5437","24269","14062","2025-06-18","electronics","8049.66","de","contactless","usd"
"2567","122","5532","13795","2025-06-22","cash_advance","2709.63","mx","chip","cad"
"2568","10132","10187","3568","2025-11-22","cash_advance","5667.74","br","wallet","cad"
"2569","4701","9664","7672","2025-03-19","travel","804.54","sg","chip","eur"
"2570","6222","15153","4075","2025-03-07","electronics","207.21","fr","wallet","usd"
"2571","5229","22360","10884","2025-09-18","grocery","3860.09","us","contactless","gbp"
"2572","15408","5019","6926","2025-05-10","digital_services","8727.26","uk","contactless","usd"
"2573","17148","23788","11950","2025-12-01","travel","916.6","ae","wallet","eur"
"2574","13082","14011","3112","2025-09-08","electronics","2739.83","uk","wallet","eur"
"2575","1293","21188","8912","2025-09-12","jewelry","5360.66","fr","manual_keyed","gbp"
"2576","1689","9161","11697","2025-10-14","grocery","2968.46","br","ecommerce","usd"
"2577","11740","1348","3493","2025-05-31","electronics","8138.18","us","contactless","eur"
"2578","12759","9269","5091","2025-06-07","jewelry","3197.97","sg","manual_keyed","gbp"
"2579","3225","3719","12260","2025-11-10","cash_advance","6325.3","mx","wallet","usd"
"2580","15910","6303","11268","2025-03-19","jewelry","4871.48","fr","chip","usd"
"2581","8619","4415","8191","2025-10-02","electronics","6724.05","de","ecommerce","usd"
"2582","8582","3832","12548","2025-08-19","grocery","2697.59","us","wallet","gbp"
"2583","8275","3785","7491","2025-10-13","gaming","9399.43","de","wallet","gbp"
"2584","1274","4967","3042","2025-04-14","fuel","4196.68","mx","manual_keyed","cad"
"2585","13407","6801","14889","2025-07-30","jewelry","7965.07","br","manual_keyed","cad"
"2586","16052","11828","13617","2025-10-25","jewelry","1091.02","br","ecommerce","eur"
"2587","1317","3413","4311","2025-12-19","electronics","7949.32","br","manual_keyed","cad"
"2588","4075","7245","4934","2025-01-14","grocery","2088.8","sg","contactless","eur"
"2589","3661","19600","12535","2025-09-05","electronics","7644.39","de","contactless","gbp"
"2590","10617","21176","7813","2025-10-15","digital_services","4968.6","fr","wallet","eur"
"2591","17297","14754","1919","2025-04-16","digital_services","5999.12","us","manual_keyed","eur"
"2592","13586","10477","89","2025-12-10","fuel","8965.07","us","manual_keyed","usd"
"2593","596","6987","6916","2025-08-24","fuel","6736.03","mx","manual_keyed","cad"
"2594","5743","18678","1600","2025-11-25","grocery","635.16","sg","chip","gbp"
"2595","13829","6350","10896","2025-11-07","electronics","6227.4","mx","manual_keyed","cad"
"2596","11748","8102","14158","2025-06-26","fuel","5523.81","uk","wallet","gbp"
"2597","15975","9022","7332","2025-07-04","jewelry","4088.19","us","contactless","eur"
"2598","12586","17479","4081","2025-03-11","jewelry","7028.6","us","ecommerce","cad"
"2599","3082","1266","5780","2025-08-01","cash_advance","5515.47","uk","chip","usd"
"2600","10935","6313","13153","2025-10-15","grocery","758.87","sg","chip","usd"
"2601","9733","22667","960","2025-01-20","jewelry","2041.35","fr","chip","usd"
"2602","9967","19542","13902","2025-06-22","grocery","7085.92","br","manual_keyed","gbp"
"2603","620","10038","7107","2025-12-04","fuel","5536.26","mx","wallet","gbp"
"2604","8613","8796","9686","2025-02-04","digital_services","2415.63","uk","wallet","cad"
"2605","1584","5081","10806","2025-12-26","gaming","2165.89","de","contactless","cad"
"2606","3987","6682","5169","2025-07-17","travel","7089.75","mx","ecommerce","eur"
"2607","6473","22377","7875","2025-06-09","fuel","7225.33","us","ecommerce","eur"
"2608","4121","19394","750","2025-02-23","cash_advance","4300.81","de","contactless","cad"
"2609","16244","5555","13341","2025-07-03","electronics","6291.5","de","manual_keyed","cad"
"2610","14501","17785","14787","2025-03-16","gaming","2761.79","fr","manual_keyed","cad"
"2611","3205","15823","2289","2025-02-13","grocery","3268.99","de","ecommerce","gbp"
"2612","17986","21436","11396","2025-02-16","jewelry","5026.23","sg","wallet","eur"
"2613","2820","3601","2757","2025-03-29","cash_advance","9113.78","fr","ecommerce","gbp"
"2614","487","9243","13187","2025-12-21","grocery","798.75","ae","manual_keyed","gbp"
"2615","16910","4715","13422","2025-08-19","digital_services","8958.76","us","wallet","cad"
"2616","16138","4320","1988","2025-06-21","gaming","8014.34","fr","chip","gbp"
"2617","6353","10983","9188","2025-05-25","digital_services","9366.38","de","contactless","cad"
"2618","7222","19214","10972","2025-04-21","gaming","1532.27","br","contactless","eur"
"2619","16365","11404","13094","2025-02-09","gaming","7663.08","sg","wallet","gbp"
"2620","13220","5446","13075","2025-11-18","fuel","1304.07","de","wallet","eur"
"2621","17078","20635","8665","2025-06-01","cash_advance","3915.82","uk","wallet","usd"
"2622","15545","23594","13647","2025-08-27","jewelry","4799.34","ae","contactless","cad"
"2623","14947","15212","5284","2025-05-11","digital_services","8167.21","br","chip","cad"
"2624","13372","4344","1921","2025-01-14","digital_services","5894.57","de","chip","eur"
"2625","12527","6411","8441","2025-11-05","jewelry","9305.69","us","wallet","eur"
"2626","12326","1043","5824","2025-01-19","jewelry","5040.25","sg","contactless","gbp"
"2627","3709","11181","11357","2025-01-29","fuel","6657.38","us","ecommerce","gbp"
"2628","1608","16253","9742","2025-09-20","gaming","9299.32","ae","contactless","gbp"
"2629","13412","12755","6087","2025-09-14","fuel","7054.72","sg","wallet","gbp"
"2630","9129","4175","6133","2025-04-04","grocery","5477.68","ae","contactless","eur"
"2631","596","370","2085","2025-09-25","travel","821.38","mx","manual_keyed","usd"
"2632","1574","768","379","2025-06-21","digital_services","5400.84","fr","chip","eur"
"2633","12362","5703","13164","2025-07-04","digital_services","1800.22","ae","wallet","cad"
"2634","157","24005","7817","2025-04-21","jewelry","4188.26","de","contactless","cad"
"2635","10631","24255","5456","2025-10-04","cash_advance","5136.84","uk","ecommerce","usd"
"2636","5651","4887","14752","2025-12-14","fuel","2104.46","sg","chip","usd"
"2637","16622","11199","3191","2025-01-28","cash_advance","6706.9","mx","manual_keyed","usd"
"2638","11706","22188","5584","2025-09-17","fuel","873.7","us","ecommerce","gbp"
"2639","9417","18553","5165","2025-03-14","grocery","669.95","uk","contactless","eur"
"2640","246","23859","14397","2025-05-23","grocery","5126.22","ae","contactless","eur"
"2641","17545","14208","4947","2025-07-09","jewelry","6016.51","de","chip","usd"
"2642","6724","12398","5589","2025-06-29","fuel","1682.35","br","ecommerce","gbp"
"2643","9836","19608","17","2025-01-25","grocery","1337.73","uk","manual_keyed","usd"
"2644","1455","16396","7294","2025-10-14","electronics","4053.2","ae","wallet","cad"
"2645","6440","14334","9139","2025-06-06","cash_advance","6847.47","uk","chip","cad"
"2646","13049","19885","6731","2025-03-27","fuel","2040.64","ae","chip","gbp"
"2647","17033","18467","7263","2025-05-06","gaming","4177.68","ae","chip","cad"
"2648","13075","1068","6616","2025-09-21","fuel","5094.93","fr","chip","gbp"
"2649","9377","10895","8094","2025-01-14","digital_services","8654.33","de","wallet","gbp"
"2650","6728","19541","13248","2025-07-23","jewelry","5951.25","br","contactless","eur"
"2651","10065","1041","497","2025-06-10","gaming","9260.13","ae","manual_keyed","eur"
"2652","5815","5521","7214","2025-01-26","fuel","4925.24","de","contactless","gbp"
"2653","8189","17526","5644","2025-05-27","cash_advance","511.1","br","chip","usd"
"2654","9872","14390","14754","2025-07-16","electronics","8027.35","ae","chip","eur"
"2655","12461","13292","5271","2025-12-07","cash_advance","7827.49","us","manual_keyed","eur"
"2656","15382","12485","2747","2025-09-24","gaming","8013.42","us","contactless","eur"
"2657","10615","21576","14209","2025-05-21","cash_advance","9233.09","de","ecommerce","usd"
"2658","4289","4006","5180","2025-06-22","fuel","7842.38","ae","contactless","cad"
"2659","14494","99","8333","2025-01-03","jewelry","3420.46","uk","contactless","usd"
"2660","15926","20525","13763","2025-01-05","gaming","5617.0","uk","manual_keyed","eur"
"2661","6607","15371","9647","2025-12-02","cash_advance","7789.76","us","chip","gbp"
"2662","13862","20977","2700","2025-01-09","grocery","6674.73","sg","manual_keyed","gbp"
"2663","10374","17993","8224","2025-02-19","digital_services","1773.49","sg","ecommerce","gbp"
"2664","11379","13424","5653","2025-01-13","grocery","8075.24","br","ecommerce","cad"
"2665","12956","8179","9494","2025-10-01","electronics","4900.69","ae","manual_keyed","gbp"
"2666","13395","4946","9836","2025-06-02","travel","1609.68","sg","contactless","gbp"
"2667","14070","13608","7506","2025-08-29","electronics","9160.67","sg","wallet","usd"
"2668","17571","7449","14008","2025-09-06","digital_services","7124.1","sg","wallet","eur"
"2669","6491","6046","1851","2025-06-04","digital_services","980.66","uk","ecommerce","eur"
"2670","14658","1190","1522","2025-12-28","digital_services","3070.02","us","chip","eur"
"2671","8705","9240","6657","2025-04-13","jewelry","5554.2","us","chip","gbp"
"2672","8265","2760","1700","2025-09-22","grocery","2685.88","us","contactless","cad"
"2673","9121","23266","1784","2025-07-12","travel","1837.64","uk","chip","eur"
"2674","579","16268","919","2025-12-07","travel","6149.34","sg","manual_keyed","eur"
"2675","1492","9941","292","2025-12-29","travel","7001.42","de","chip","cad"
"2676","12909","3271","4347","2025-08-10","gaming","142.01","ae","ecommerce","usd"
"2677","9989","13996","12555","2025-11-04","gaming","8086.65","mx","contactless","eur"
"2678","1650","23876","1233","2025-01-11","jewelry","2538.46","ae","wallet","gbp"
"2679","8129","1213","220","2025-04-20","electronics","8921.68","mx","chip","eur"
"2680","5086","11688","14710","2025-11-25","gaming","5885.88","uk","ecommerce","cad"
"2681","17254","14226","5531","2025-09-17","fuel","9021.12","sg","contactless","cad"
"2682","14110","5113","14372","2025-09-05","grocery","7810.22","br","manual_keyed","gbp"
"2683","8490","13039","12368","2025-04-17","grocery","3200.96","uk","ecommerce","eur"
"2684","7307","9664","3423","2025-12-29","grocery","3326.06","sg","manual_keyed","cad"
"2685","17275","13580","1106","2025-12-16","grocery","397.25","sg","contactless","eur"
"2686","4457","9615","5576","2025-11-15","cash_advance","2084.44","br","manual_keyed","cad"
"2687","14837","18664","9096","2025-12-20","electronics","679.36","de","contactless","cad"
"2688","3242","21036","10538","2025-02-03","fuel","8235.25","br","chip","gbp"
"2689","8155","11089","5103","2025-10-14","grocery","2296.33","fr","ecommerce","gbp"
"2690","2635","16938","1607","2025-12-05","electronics","1445.81","fr","wallet","gbp"
"2691","5008","11828","2972","2025-09-28","jewelry","5970.32","uk","contactless","gbp"
"2692","16353","23057","2240","2025-02-04","fuel","6877.03","br","contactless","gbp"
"2693","16967","21590","3079","2025-10-30","fuel","955.31","us","ecommerce","gbp"
"2694","229","16615","4710","2025-05-04","jewelry","4811.1","fr","wallet","cad"
"2695","13155","18674","5322","2025-08-24","gaming","1497.42","us","ecommerce","eur"
"2696","16353","19411","11225","2025-09-12","cash_advance","776.25","ae","contactless","eur"
"2697","17477","19646","7553","2025-04-21","grocery","3022.33","de","ecommerce","usd"
"2698","2837","4108","5698","2025-09-21","travel","1424.55","ae","contactless","eur"
"2699","6950","21738","2454","2025-05-16","travel","638.63","sg","chip","eur"
"2700","11685","13524","2569","2025-06-11","electronics","1313.76","mx","ecommerce","usd"
"2701","9024","17651","6534","2025-07-06","travel","8566.51","mx","chip","eur"
"2702","9754","21228","1586","2025-03-27","travel","7645.43","ae","contactless","gbp"
"2703","14734","3769","8921","2025-12-19","jewelry","1627.04","us","manual_keyed","eur"
"2704","8228","17149","14256","2025-03-28","digital_services","781.22","br","ecommerce","cad"
"2705","7771","24196","11394","2025-02-05","fuel","3417.72","sg","contactless","usd"
"2706","9349","7046","4524","2025-08-11","cash_advance","3972.66","br","contactless","eur"
"2707","11726","11097","14277","2025-11-13","electronics","7879.19","fr","chip","gbp"
"2708","13099","18120","14456","2025-08-27","fuel","1092.39","us","chip","gbp"
"2709","8305","4401","12719","2025-06-07","grocery","5018.33","de","manual_keyed","gbp"
"2710","1770","6959","12544","2025-05-20","travel","5937.98","mx","manual_keyed","usd"
"2711","16091","23883","13874","2025-06-15","travel","6631.6","ae","chip","cad"
"2712","7234","1231","9324","2025-08-20","fuel","938.53","fr","ecommerce","cad"
"2713","17038","23115","6317","2025-11-21","jewelry","1810.77","de","wallet","cad"
"2714","4684","12974","5149","2025-09-13","digital_services","136.22","uk","chip","gbp"
"2715","11835","9369","14777","2025-05-17","electronics","3439.54","fr","manual_keyed","eur"
"2716","9451","5858","13331","2025-03-05","fuel","1887.24","uk","manual_keyed","usd"
"2717","14468","4228","8118","2025-04-10","gaming","8474.25","uk","wallet","eur"
"2718","6111","6525","9019","2025-02-12","digital_services","8282.58","uk","ecommerce","usd"
"2719","6531","10125","4203","2025-06-26","grocery","4094.82","us","contactless","eur"
"2720","9510","16582","7716","2025-10-14","gaming","3303.23","us","manual_keyed","gbp"
"2721","8094","8510","12555","2025-10-06","digital_services","2045.97","de","wallet","usd"
"2722","6378","1142","10375","2025-07-15","travel","6916.27","mx","ecommerce","cad"
"2723","8148","4100","8547","2025-02-23","cash_advance","4253.4","mx","ecommerce","usd"
"2724","2290","12197","3290","2025-08-17","digital_services","5693.29","fr","chip","eur"
"2725","537","21236","3666","2025-02-27","cash_advance","3926.54","mx","manual_keyed","cad"
"2726","10607","19070","11535","2025-04-05","travel","9032.21","mx","wallet","cad"
"2727","7378","143","1518","2025-02-01","gaming","7068.24","ae","contactless","usd"
"2728","4206","12146","4234","2025-02-17","digital_services","1714.76","sg","ecommerce","eur"
"2729","3723","23714","10312","2025-07-08","grocery","8698.12","uk","chip","cad"
"2730","14759","13510","9301","2025-03-10","electronics","7739.23","fr","wallet","usd"
"2731","1581","21271","12067","2025-12-23","grocery","3980.93","mx","wallet","usd"
"2732","3762","5506","4221","2025-11-03","fuel","798.29","ae","manual_keyed","gbp"
"2733","518","4998","5367","2025-06-02","jewelry","592.05","br","contactless","gbp"
"2734","17014","4886","12539","2025-09-07","electronics","1940.74","sg","contactless","gbp"
"2735","13844","11507","4089","2025-03-30","electronics","8136.42","mx","chip","gbp"
"2736","5255","21988","13427","2025-08-12","digital_services","5390.75","br","manual_keyed","cad"
"2737","11936","8882","12793","2025-01-27","gaming","1276.98","de","contactless","eur"
"2738","17468","1333","1598","2025-06-09","fuel","3952.68","ae","chip","gbp"
"2739","1022","22938","2743","2025-05-07","digital_services","7144.75","us","chip","usd"
"2740","12166","3592","2357","2025-12-24","cash_advance","8747.55","sg","manual_keyed","gbp"
"2741","14406","10661","7358","2025-03-28","cash_advance","7963.44","sg","ecommerce","eur"
"2742","9415","23713","2220","2025-08-22","gaming","1033.0","fr","manual_keyed","eur"
"2743","17607","2905","7126","2025-02-21","cash_advance","6136.22","us","wallet","gbp"
"2744","10252","82","11304","2025-07-17","digital_services","3273.82","br","chip","cad"
"2745","4222","646","5079","2025-06-23","cash_advance","6075.36","ae","contactless","gbp"
"2746","14101","11353","14246","2025-07-12","fuel","4488.18","br","ecommerce","gbp"
"2747","15815","3185","14327","2025-04-03","electronics","242.66","us","ecommerce","usd"
"2748","4430","8616","2796","2025-07-20","jewelry","1390.95","de","wallet","eur"
"2749","8705","15832","6326","2025-11-08","jewelry","3647.19","br","chip","eur"
"2750","4692","5934","13197","2025-03-20","cash_advance","2259.78","ae","manual_keyed","usd"
"2751","8133","2380","6118","2025-09-09","digital_services","7581.44","fr","manual_keyed","cad"
"2752","17149","19786","9707","2025-03-07","fuel","9478.33","uk","manual_keyed","usd"
"2753","9149","8983","6035","2025-08-31","gaming","4575.32","mx","ecommerce","eur"
"2754","6889","16398","8746","2025-02-10","travel","7651.1","uk","ecommerce","eur"
"2755","5847","11775","10511","2025-05-26","travel","4049.6","br","contactless","gbp"
"2756","2851","7475","12738","2025-06-11","gaming","4781.35","sg","wallet","eur"
"2757","4591","18558","9025","2025-10-19","cash_advance","4056.62","de","chip","cad"
"2758","1028","7095","13775","2025-04-04","jewelry","6113.62","br","wallet","eur"
"2759","15494","21856","2471","2025-10-04","cash_advance","8441.19","sg","ecommerce","cad"
"2760","16792","23260","2922","2025-05-27","fuel","9379.97","br","wallet","usd"
"2761","4116","23538","11453","2025-08-29","electronics","1808.86","mx","wallet","gbp"
"2762","14080","19665","1036","2025-04-06","travel","44.44","de","manual_keyed","cad"
"2763","5772","9276","2429","2025-07-13","digital_services","7254.29","sg","contactless","usd"
"2764","4740","13015","4492","2025-03-31","cash_advance","2557.8","uk","manual_keyed","cad"
"2765","7637","3963","8798","2025-12-11","gaming","8151.54","us","ecommerce","eur"
"2766","8836","14126","929","2025-06-09","electronics","9222.73","de","contactless","eur"
"2767","10490","14472","907","2025-06-22","travel","8471.29","us","chip","gbp"
"2768","16154","24028","12351","2025-09-14","cash_advance","374.6","fr","ecommerce","cad"
"2769","7652","14715","7810","2025-11-04","cash_advance","5757.62","ae","manual_keyed","cad"
"2770","11022","1929","6974","2025-03-21","travel","8210.11","uk","contactless","usd"
"2771","7455","19503","5591","2025-02-23","travel","8788.16","fr","ecommerce","eur"
"2772","6643","16648","7396","2025-09-13","jewelry","3292.18","us","ecommerce","cad"
"2773","7038","4069","13567","2025-02-08","travel","3202.39","us","wallet","gbp"
"2774","15650","22178","540","2025-03-25","digital_services","998.83","uk","wallet","usd"
"2775","8421","3998","8930","2025-12-19","grocery","2614.37","fr","manual_keyed","eur"
"2776","6760","18656","3306","2025-08-10","cash_advance","2341.71","sg","contactless","eur"
"2777","14385","3951","11331","2025-01-22","cash_advance","1732.8","fr","contactless","cad"
"2778","13937","13148","6284","2025-10-22","digital_services","911.5","sg","chip","eur"
"2779","5348","12859","554","2025-10-29","digital_services","6673.6","us","wallet","eur"
"2780","3551","8798","10927","2025-04-17","gaming","7163.32","br","ecommerce","cad"
"2781","1510","16876","2515","2025-04-18","travel","5881.06","mx","manual_keyed","usd"
"2782","17218","20202","7839","2025-02-21","gaming","1019.15","de","contactless","usd"
"2783","17167","14501","5920","2025-01-20","fuel","644.09","de","chip","usd"
"2784","15796","14383","11823","2025-11-19","travel","4332.02","uk","ecommerce","cad"
"2785","9354","16060","7756","2025-10-26","gaming","8361.7","br","manual_keyed","usd"
"2786","12178","12462","6096","2025-09-25","jewelry","4205.39","uk","ecommerce","cad"
"2787","15258","8950","11890","2025-07-28","electronics","5133.65","mx","manual_keyed","gbp"
"2788","3641","4681","11686","2025-07-10","grocery","2436.32","fr","wallet","eur"
"2789","17879","10770","1537","2025-03-21","fuel","2682.13","ae","ecommerce","gbp"
"2790","14207","23488","3890","2025-10-23","jewelry","5452.5","fr","wallet","gbp"
"2791","14978","15693","2899","2025-04-08","travel","1745.94","ae","wallet","gbp"
"2792","15337","17313","1597","2025-06-18","electronics","4856.44","ae","wallet","eur"
"2793","8784","7319","4434","2025-11-23","cash_advance","8613.11","de","wallet","eur"
"2794","16540","16336","9135","2025-09-19","cash_advance","8205.69","ae","chip","usd"
"2795","14450","19198","5210","2025-11-13","digital_services","5843.42","us","wallet","usd"
"2796","9053","11234","4378","2025-07-14","fuel","6095.22","uk","chip","usd"
"2797","16632","19267","12581","2025-10-01","electronics","2286.99","sg","manual_keyed","gbp"
"2798","4216","3314","13474","2025-11-23","cash_advance","3170.36","de","ecommerce","eur"
"2799","9028","16849","5183","2025-02-10","gaming","2010.34","br","ecommerce","usd"
"2800","3504","20466","8370","2025-07-25","gaming","2889.8","us","wallet","cad"
"2801","5359","327","12554","2025-05-31","digital_services","6603.31","br","contactless","cad"
"2802","7114","15771","7195","2025-05-31","gaming","7237.54","us","contactless","gbp"
"2803","8397","10381","9180","2025-06-06","grocery","2291.31","ae","contactless","cad"
"2804","3284","4562","14684","2025-02-27","digital_services","2502.97","mx","wallet","gbp"
"2805","1395","4433","10165","2025-04-07","fuel","6829.09","uk","manual_keyed","cad"
"2806","637","1820","903","2025-01-26","grocery","7949.26","sg","manual_keyed","eur"
"2807","1978","5108","11620","2025-01-08","electronics","9436.31","uk","ecommerce","cad"
"2808","8350","912","12643","2025-08-29","fuel","4075.69","uk","ecommerce","cad"
"2809","16745","23660","8176","2025-11-04","grocery","5097.37","de","ecommerce","cad"
"2810","3221","19285","4339","2025-10-08","travel","7128.16","mx","contactless","eur"
"2811","16324","18687","4985","2025-12-08","digital_services","4935.28","sg","chip","usd"
"2812","9736","117","6118","2025-02-15","fuel","6597.2","br","contactless","cad"
"2813","11507","21143","12375","2025-09-22","grocery","368.55","fr","chip","eur"
"2814","15513","16285","1601","2025-09-03","grocery","2065.11","br","ecommerce","eur"
"2815","17591","14912","8165","2025-03-01","electronics","5934.65","fr","contactless","cad"
"2816","8325","9267","10263","2025-07-06","fuel","7517.17","mx","wallet","cad"
"2817","10031","22619","769","2025-11-27","digital_services","6739.76","us","chip","cad"
"2818","4228","15196","8957","2025-10-01","gaming","9076.65","us","chip","cad"
"2819","10162","18965","9298","2025-11-29","gaming","2447.86","fr","chip","eur"
"2820","13977","450","8421","2025-09-19","fuel","7166.45","sg","manual_keyed","cad"
"2821","15322","12820","8639","2025-09-01","travel","4809.43","mx","contactless","cad"
"2822","6386","17372","6609","2025-03-02","fuel","2843.95","uk","ecommerce","usd"
"2823","4097","14109","3050","2025-03-26","electronics","8736.01","us","manual_keyed","cad"
"2824","229","12812","10550","2025-11-17","grocery","2448.92","mx","wallet","cad"
"2825","16104","14847","3474","2025-08-25","grocery","5416.18","us","wallet","usd"
"2826","16604","23868","3803","2025-05-28","fuel","8353.24","mx","manual_keyed","usd"
"2827","8371","6425","9655","2025-08-02","travel","2407.99","mx","wallet","cad"
"2828","2302","7287","3960","2025-08-01","digital_services","5677.21","sg","wallet","cad"
"2829","8135","4483","4158","2025-11-05","travel","3517.12","de","ecommerce","eur"
"2830","4915","1269","7055","2025-04-04","cash_advance","9054.79","uk","contactless","gbp"
"2831","15019","3863","4645","2025-12-15","electronics","5337.24","ae","chip","eur"
"2832","9333","13922","11163","2025-01-09","jewelry","5019.11","br","wallet","eur"
"2833","2298","18485","4398","2025-01-16","gaming","8428.01","us","ecommerce","gbp"
"2834","7981","7578","9214","2025-07-03","fuel","7868.77","us","contactless","eur"
"2835","5348","15157","5133","2025-11-19","fuel","2683.03","ae","chip","usd"
"2836","15989","7831","10559","2025-10-29","fuel","6465.55","ae","wallet","gbp"
"2837","3916","17154","13554","2025-12-26","grocery","6084.76","ae","chip","cad"
"2838","8767","5867","7431","2025-06-07","digital_services","2938.24","br","ecommerce","cad"
"2839","12710","17443","5027","2025-08-20","grocery","9120.65","sg","wallet","cad"
"2840","2691","14891","534","2025-05-10","fuel","1383.11","uk","ecommerce","eur"
"2841","13870","3370","1439","2025-05-25","fuel","5432.51","mx","ecommerce","gbp"
"2842","4453","989","305","2025-01-22","grocery","7703.09","sg","manual_keyed","usd"
"2843","8526","7514","14545","2025-11-06","gaming","7176.46","sg","contactless","gbp"
"2844","2363","20269","8058","2025-02-03","gaming","3830.52","br","chip","gbp"
"2845","11098","13194","8763","2025-09-09","travel","5703.55","sg","manual_keyed","gbp"
"2846","6387","16916","10182","2025-04-24","grocery","9402.69","fr","contactless","usd"
"2847","13500","16165","13656","2025-10-08","grocery","5421.58","de","contactless","gbp"
"2848","259","2220","2007","2025-09-22","jewelry","6872.39","fr","ecommerce","usd"
"2849","6394","15950","7336","2025-01-19","grocery","8597.79","br","chip","cad"
"2850","5753","8067","5450","2025-01-22","cash_advance","7399.23","mx","chip","gbp"
"2851","5138","6443","9727","2025-01-07","jewelry","6109.09","us","ecommerce","gbp"
"2852","3735","20245","5666","2025-07-21","digital_services","9142.66","fr","manual_keyed","gbp"
"2853","12086","18170","2934","2025-07-11","travel","6706.12","us","manual_keyed","usd"
"2854","5494","4441","7437","2025-07-10","fuel","578.68","ae","ecommerce","cad"
"2855","2578","18867","12918","2025-02-19","fuel","1702.15","ae","chip","usd"
"2856","9876","14230","1530","2025-01-31","gaming","8632.82","uk","ecommerce","usd"
"2857","11941","8973","2112","2025-06-21","grocery","4729.14","sg","contactless","cad"
"2858","1782","6209","12720","2025-06-23","grocery","25.99","uk","ecommerce","gbp"
"2859","15776","254","7182","2025-07-15","fuel","5055.45","sg","wallet","cad"
"2860","4822","16362","12921","2025-06-19","fuel","8577.62","sg","wallet","eur"
"2861","14236","11306","10973","2025-12-26","jewelry","5377.87","uk","wallet","eur"
"2862","12232","22272","12858","2025-02-14","gaming","2707.69","de","ecommerce","eur"
"2863","4870","5828","5083","2025-10-09","digital_services","5266.75","ae","contactless","cad"
"2864","9656","18883","4120","2025-07-01","cash_advance","214.24","sg","wallet","usd"
"2865","6030","16868","6053","2025-07-19","cash_advance","6174.55","br","ecommerce","eur"
"2866","16992","13988","4074","2025-09-07","grocery","6738.71","sg","manual_keyed","cad"
"2867","15849","5142","5704","2025-04-26","fuel","697.62","mx","wallet","gbp"
"2868","3524","6900","8330","2025-11-14","jewelry","91.35","fr","chip","usd"
"2869","2435","13975","12019","2025-03-01","digital_services","5845.79","ae","ecommerce","usd"
"2870","2697","6121","3858","2025-10-26","electronics","1562.82","uk","ecommerce","usd"
"2871","9900","12925","13151","2025-05-04","grocery","7073.28","sg","contactless","cad"
"2872","9313","651","9707","2025-06-10","jewelry","129.53","us","chip","usd"
"2873","13987","7026","9090","2025-06-26","electronics","256.74","br","chip","gbp"
"2874","1785","9683","12311","2025-06-29","gaming","4173.75","mx","manual_keyed","cad"
"2875","3305","2503","9348","2025-04-19","electronics","7154.97","mx","contactless","eur"
"2876","14805","15110","1954","2025-08-18","digital_services","615.71","us","contactless","cad"
"2877","17890","2961","7695","2025-12-15","fuel","9308.25","ae","ecommerce","usd"
"2878","12609","11031","5839","2025-10-23","fuel","1417.09","fr","ecommerce","eur"
"2879","13075","1163","11486","2025-09-10","digital_services","3131.92","us","contactless","eur"
"2880","15397","5758","11707","2025-04-05","jewelry","6215.92","br","contactless","gbp"
"2881","10375","4537","3101","2025-09-09","jewelry","6548.68","br","ecommerce","usd"
"2882","14055","21590","3450","2025-01-21","electronics","6164.21","us","contactless","gbp"
"2883","555","10945","14297","2025-03-13","jewelry","6409.85","fr","contactless","eur"
"2884","7465","3379","2295","2025-12-27","fuel","6001.16","mx","ecommerce","usd"
"2885","7461","559","14978","2025-02-03","travel","2984.8","sg","contactless","usd"
"2886","13828","20272","1889","2025-05-29","jewelry","5402.39","br","wallet","gbp"
"2887","2032","610","9869","2025-08-31","travel","5702.65","mx","manual_keyed","eur"
"2888","6635","5855","9953","2025-05-27","cash_advance","1033.41","sg","ecommerce","usd"
"2889","1823","23781","11292","2025-10-29","gaming","1955.99","us","contactless","eur"
"2890","40","11081","1374","2025-01-06","electronics","2277.25","ae","contactless","gbp"
"2891","8107","12049","11714","2025-03-23","gaming","6220.4","ae","chip","cad"
"2892","9994","19120","1898","2025-04-22","digital_services","609.94","uk","ecommerce","usd"
"2893","13045","12759","8471","2025-06-15","digital_services","3070.74","br","chip","cad"
"2894","11995","20194","12764","2025-03-19","fuel","7498.17","de","manual_keyed","gbp"
"2895","4090","23636","6513","2025-12-03","gaming","4586.88","de","chip","usd"
"2896","4504","10062","13083","2025-12-26","travel","1254.79","us","chip","gbp"
"2897","2500","4967","13509","2025-05-30","fuel","7238.12","ae","manual_keyed","eur"
"2898","2381","17215","11824","2025-08-24","digital_services","9004.58","uk","manual_keyed","usd"
"2899","15803","9313","13717","2025-12-17","electronics","6501.5","us","chip","gbp"
"2900","937","22237","14739","2025-07-03","digital_services","1310.41","mx","chip","usd"
"2901","16411","2846","723","2025-04-16","travel","6451.36","mx","chip","gbp"
"2902","13833","20661","11204","2025-02-19","gaming","2422.87","br","contactless","cad"
"2903","2281","14852","7118","2025-08-21","fuel","8745.87","ae","contactless","eur"
"2904","14746","1364","1725","2025-11-06","jewelry","2259.37","br","ecommerce","cad"
"2905","14849","16922","12070","2025-08-07","fuel","2773.64","de","wallet","cad"
"2906","4867","3659","8143","2025-05-29","cash_advance","7617.82","de","ecommerce","gbp"
"2907","15383","11305","10132","2025-04-30","gaming","2882.45","mx","contactless","cad"
"2908","3132","5175","3772","2025-12-29","fuel","6449.43","sg","chip","gbp"
"2909","9964","4644","8316","2025-05-05","grocery","2157.89","uk","wallet","usd"
"2910","5688","8637","10250","2025-11-15","electronics","2021.57","us","chip","eur"
"2911","15939","5497","7307","2025-08-31","jewelry","1369.56","br","chip","cad"
"2912","11133","5191","5329","2025-12-18","grocery","124.55","fr","ecommerce","gbp"
"2913","10310","3224","6458","2025-11-23","grocery","8462.15","de","ecommerce","eur"
"2914","10748","21454","5108","2025-05-11","travel","8907.32","ae","wallet","gbp"
"2915","4977","19841","11591","2025-06-17","cash_advance","365.66","uk","ecommerce","gbp"
"2916","14899","10024","7077","2025-06-04","jewelry","7406.37","sg","ecommerce","usd"
"2917","3519","3139","12131","2025-05-27","gaming","4362.65","de","ecommerce","cad"
"2918","10367","10633","11337","2025-03-20","grocery","7040.01","uk","contactless","usd"
"2919","10900","6108","4709","2025-01-18","electronics","5869.68","mx","ecommerce","eur"
"2920","2369","4795","1379","2025-08-22","digital_services","3883.02","ae","manual_keyed","gbp"
"2921","638","7982","13430","2025-08-20","travel","8877.68","fr","contactless","gbp"
"2922","2685","22259","2541","2025-11-21","electronics","2678.54","br","wallet","usd"
"2923","16948","3384","13373","2025-10-17","travel","5607.63","sg","manual_keyed","eur"
"2924","31","19545","6219","2025-09-03","cash_advance","8036.83","br","ecommerce","usd"
"2925","9357","9695","13837","2025-10-14","travel","2157.81","mx","manual_keyed","cad"
"2926","17627","6905","12517","2025-03-06","fuel","529.6","ae","chip","gbp"
"2927","1071","6312","7013","2025-07-04","cash_advance","6248.63","ae","ecommerce","eur"
"2928","854","13003","6458","2025-01-14","fuel","2762.36","fr","contactless","usd"
"2929","912","4886","4746","2025-07-04","digital_services","2155.85","de","manual_keyed","gbp"
"2930","16190","9136","2671","2025-07-25","fuel","1217.61","sg","wallet","cad"
"2931","7376","18328","6134","2025-09-12","cash_advance","2788.36","sg","wallet","cad"
"2932","5425","8597","5970","2025-02-17","cash_advance","1182.51","ae","wallet","cad"
"2933","1858","22103","4088","2025-11-03","travel","6785.84","de","manual_keyed","eur"
"2934","6303","8955","13798","2025-05-02","fuel","5936.35","uk","wallet","usd"
"2935","15237","3243","2498","2025-01-03","gaming","601.3","de","wallet","eur"
"2936","8765","18374","2143","2025-04-24","grocery","5899.81","mx","contactless","eur"
"2937","2879","17630","1568","2025-06-15","electronics","7208.01","us","ecommerce","cad"
"2938","12252","4559","14066","2025-10-12","cash_advance","4501.67","mx","wallet","gbp"
"2939","2911","3118","2208","2025-10-27","travel","980.61","sg","chip","cad"
"2940","6657","3914","6854","2025-12-08","jewelry","6905.56","us","ecommerce","cad"
"2941","1934","3492","5177","2025-02-17","jewelry","7505.09","fr","manual_keyed","usd"
"2942","16599","17510","1528","2025-09-20","digital_services","3964.39","ae","contactless","usd"
"2943","11096","16799","3067","2025-07-14","gaming","1971.68","mx","contactless","usd"
"2944","2652","7032","12060","2025-02-11","gaming","2554.15","sg","chip","gbp"
"2945","8212","8060","14211","2025-01-10","digital_services","4724.57","ae","contactless","cad"
"2946","17482","8492","3931","2025-02-18","travel","869.42","br","chip","gbp"
"2947","12611","17302","7475","2025-03-28","grocery","5864.2","sg","wallet","cad"
"2948","14732","24208","13307","2025-10-30","electronics","5925.6","uk","contactless","eur"
"2949","6366","14537","12761","2025-11-22","cash_advance","6936.73","de","manual_keyed","usd"
"2950","15569","8794","14670","2025-07-31","jewelry","6150.79","ae","ecommerce","cad"
"2951","13303","19865","5208","2025-11-09","jewelry","1796.6","uk","ecommerce","eur"
"2952","5292","13561","1849","2025-10-26","gaming","2957.04","sg","wallet","gbp"
"2953","8250","12711","2324","2025-12-15","travel","1036.02","mx","wallet","usd"
"2954","13569","400","5253","2025-08-17","fuel","7607.41","mx","wallet","gbp"
"2955","1173","6149","3473","2025-01-07","fuel","858.53","mx","wallet","eur"
"2956","14142","59","10247","2025-12-24","cash_advance","7818.49","de","wallet","eur"
"2957","13719","10482","3134","2025-06-17","electronics","2403.74","ae","manual_keyed","cad"
"2958","5880","823","5765","2025-06-02","grocery","3320.52","us","ecommerce","eur"
"2959","14651","7293","4029","2025-06-10","digital_services","3559.2","us","manual_keyed","eur"
"2960","15737","22741","12122","2025-06-02","digital_services","4692.22","us","ecommerce","gbp"
"2961","5333","23247","134","2025-05-31","digital_services","7444.46","uk","ecommerce","usd"
"2962","4490","14617","6702","2025-05-06","electronics","7368.87","sg","chip","usd"
"2963","12549","7696","7231","2025-09-20","digital_services","373.58","br","manual_keyed","usd"
"2964","14393","16864","1488","2025-07-22","travel","8148.79","uk","wallet","eur"
"2965","4144","16519","13169","2025-01-07","electronics","3898.25","sg","manual_keyed","usd"
"2966","7805","23871","5427","2025-08-18","digital_services","3098.94","us","manual_keyed","cad"
"2967","11338","3111","13269","2025-05-15","electronics","4631.97","us","manual_keyed","usd"
"2968","6557","20638","1410","2025-04-26","fuel","6984.34","mx","ecommerce","gbp"
"2969","9203","389","10311","2025-01-21","electronics","2466.05","de","contactless","gbp"
"2970","128","5208","4814","2025-03-11","grocery","8703.04","uk","manual_keyed","usd"
"2971","7781","12975","11497","2025-03-03","digital_services","4659.56","fr","contactless","usd"
"2972","3941","5595","5621","2025-08-30","jewelry","3005.86","fr","ecommerce","cad"
"2973","8254","21369","10589","2025-08-13","travel","3216.54","de","manual_keyed","gbp"
"2974","1629","5733","1978","2025-03-12","cash_advance","7942.04","mx","ecommerce","usd"
"2975","3997","19455","4298","2025-10-22","electronics","6386.94","us","chip","cad"
"2976","7484","2376","9304","2025-04-23","gaming","559.76","fr","contactless","eur"
"2977","14972","9919","2042","2025-06-16","digital_services","485.9","fr","ecommerce","gbp"
"2978","1485","19030","14855","2025-12-31","gaming","4157.58","mx","contactless","eur"
"2979","1772","23079","7192","2025-01-02","gaming","6511.86","mx","contactless","cad"
"2980","129","20354","1480","2025-03-07","jewelry","951.73","mx","ecommerce","cad"
"2981","7869","22152","14767","2025-02-21","travel","5225.31","sg","manual_keyed","eur"
"2982","14368","1895","12159","2025-05-29","travel","6949.12","br","chip","usd"
"2983","16688","4153","11","2025-03-23","travel","4416.27","br","ecommerce","gbp"
"2984","6020","8550","9933","2025-07-24","cash_advance","1396.89","uk","manual_keyed","usd"
"2985","15467","18875","10433","2025-03-30","travel","5645.54","br","chip","usd"
"2986","11026","12528","4496","2025-12-16","travel","3721.12","sg","manual_keyed","usd"
"2987","14006","6659","13197","2025-01-09","digital_services","1214.62","uk","manual_keyed","usd"
"2988","3070","20272","7300","2025-09-28","travel","4737.77","uk","wallet","cad"
"2989","16228","8344","12837","2025-06-06","travel","1892.77","br","ecommerce","gbp"
"2990","413","12959","10289","2025-01-08","gaming","7659.3","mx","wallet","eur"
"2991","9359","13320","4814","2025-03-02","fuel","267.07","ae","wallet","usd"
"2992","8655","13640","12393","2025-07-08","electronics","3431.82","mx","wallet","eur"
"2993","17779","23142","12251","2025-05-24","cash_advance","2319.6","fr","manual_keyed","gbp"
"2994","16071","9968","5623","2025-08-28","jewelry","6834.85","sg","wallet","eur"
"2995","15212","13640","4977","2025-11-18","electronics","4339.54","mx","ecommerce","eur"
"2996","6876","17555","10029","2025-02-15","travel","7948.86","mx","manual_keyed","usd"
"2997","406","12717","4689","2025-05-03","fuel","2342.97","ae","ecommerce","cad"
"2998","15923","130","9914","2025-06-07","grocery","7487.99","us","manual_keyed","usd"
"2999","14383","23747","9572","2025-01-26","electronics","434.96","de","manual_keyed","eur"
"3000","6750","3648","6504","2025-01-19","jewelry","5945.31","de","manual_keyed","cad"
"3001","17828","13048","9404","2025-06-06","grocery","3751.29","us","chip","cad"
"3002","15609","11581","13346","2025-11-13","gaming","8183.78","br","manual_keyed","usd"
"3003","16132","7781","7301","2025-02-26","travel","3188.74","br","manual_keyed","cad"
"3004","9031","15267","617","2025-09-24","gaming","1970.93","br","chip","gbp"
"3005","3340","1522","13144","2025-09-24","fuel","6966.81","ae","chip","gbp"
"3006","10273","19242","9249","2025-02-07","grocery","6876.94","sg","contactless","cad"
"3007","14446","7677","4436","2025-09-01","fuel","1490.79","ae","chip","eur"
"3008","11738","18032","5599","2025-12-12","fuel","2453.31","fr","ecommerce","usd"
"3009","6793","26","2775","2025-05-22","digital_services","1460.16","de","ecommerce","eur"
"3010","9020","5867","11708","2025-05-12","electronics","3880.97","fr","ecommerce","gbp"
"3011","8382","13197","13653","2025-04-11","fuel","5238.04","uk","manual_keyed","usd"
"3012","14727","2573","13108","2025-09-24","fuel","5578.51","ae","chip","cad"
"3013","17709","14169","4997","2025-02-24","grocery","2955.95","de","contactless","eur"
"3014","3910","15751","12790","2025-08-24","electronics","5835.63","mx","wallet","usd"
"3015","2342","1294","317","2025-06-02","grocery","9254.22","us","wallet","eur"
"3016","2138","23645","2298","2025-10-27","grocery","6575.11","fr","chip","gbp"
"3017","12253","13625","3576","2025-05-29","travel","1545.34","br","chip","usd"
"3018","11143","44","840","2025-03-19","gaming","5581.42","br","contactless","eur"
"3019","14047","15570","2371","2025-09-20","digital_services","3362.79","de","chip","usd"
"3020","3415","6189","5083","2025-05-19","travel","8174.61","de","manual_keyed","cad"
"3021","12263","8889","600","2025-12-15","digital_services","5291.55","mx","wallet","cad"
"3022","15280","22453","8109","2025-10-26","cash_advance","6310.93","uk","manual_keyed","usd"
"3023","10571","18314","12674","2025-11-09","cash_advance","7547.05","sg","contactless","gbp"
"3024","15451","18197","1813","2025-12-23","fuel","2990.35","ae","ecommerce","usd"
"3025","9105","21999","14164","2025-07-18","grocery","30.65","sg","manual_keyed","gbp"
"3026","202","20820","13909","2025-12-07","digital_services","4766.72","uk","chip","cad"
"3027","15097","17093","12548","2025-12-20","jewelry","1065.97","uk","contactless","eur"
"3028","16586","535","933","2025-04-17","jewelry","4155.99","uk","manual_keyed","cad"
"3029","10206","10899","12421","2025-10-28","cash_advance","3030.46","us","contactless","cad"
"3030","14616","15587","12002","2025-11-18","gaming","8135.84","fr","chip","cad"
"3031","17968","14214","982","2025-07-23","gaming","3785.61","de","chip","cad"
"3032","5612","22182","2327","2025-03-21","digital_services","6768.96","us","manual_keyed","cad"
"3033","756","15919","8476","2025-01-02","grocery","999.17","uk","wallet","gbp"
"3034","293","23876","11646","2025-10-22","electronics","1396.72","us","wallet","gbp"
"3035","15422","12200","13612","2025-05-20","digital_services","5629.76","ae","ecommerce","usd"
"3036","15420","22675","4644","2025-12-26","digital_services","5366.46","uk","chip","gbp"
"3037","10093","8325","14705","2025-06-18","jewelry","3673.13","sg","chip","gbp"
"3038","14658","14177","9300","2025-11-16","jewelry","3425.33","us","wallet","usd"
"3039","2848","2917","7176","2025-09-27","electronics","1364.94","ae","ecommerce","eur"
"3040","10880","21948","2852","2025-12-17","fuel","8411.69","fr","manual_keyed","usd"
"3041","5388","13264","5284","2025-07-14","cash_advance","4724.14","ae","ecommerce","cad"
"3042","17218","8774","32","2025-04-17","electronics","7575.73","ae","manual_keyed","gbp"
"3043","2002","9090","12890","2025-08-23","jewelry","7078.61","fr","chip","cad"
"3044","14018","9282","12762","2025-07-02","digital_services","149.22","us","ecommerce","eur"
"3045","9301","1298","2391","2025-07-13","grocery","1932.84","us","wallet","usd"
"3046","16239","4726","2663","2025-01-15","digital_services","1773.03","mx","ecommerce","eur"
"3047","6037","20581","7533","2025-11-06","travel","8620.95","us","wallet","usd"
"3048","325","1986","4194","2025-03-01","digital_services","3953.69","br","chip","usd"
"3049","4051","7856","11750","2025-07-16","electronics","7465.44","sg","ecommerce","usd"
"3050","9955","5975","14522","2025-01-07","electronics","4058.8","ae","manual_keyed","cad"
"3051","967","15265","7324","2025-11-05","fuel","3946.21","mx","ecommerce","usd"
"3052","9261","19243","6358","2025-04-15","fuel","7006.32","us","manual_keyed","eur"
"3053","2692","22330","12821","2025-04-18","electronics","4982.65","uk","wallet","cad"
"3054","4969","4653","1150","2025-03-11","gaming","7254.96","uk","ecommerce","usd"
"3055","14176","24033","13269","2025-12-12","grocery","1892.93","br","ecommerce","gbp"
"3056","248","15037","13405","2025-07-11","gaming","4526.36","fr","manual_keyed","usd"
"3057","10283","15092","4127","2025-01-03","grocery","627.99","ae","ecommerce","gbp"
"3058","6970","23485","4266","2025-01-11","cash_advance","4341.11","us","manual_keyed","usd"
"3059","9302","20028","6678","2025-03-04","travel","1891.95","br","chip","usd"
"3060","6677","7674","10532","2025-11-05","fuel","2210.61","de","ecommerce","usd"
"3061","12857","1235","1228","2025-02-27","grocery","2265.11","sg","contactless","gbp"
"3062","12005","23802","6769","2025-09-16","grocery","3777.32","sg","contactless","usd"
"3063","13421","12731","5811","2025-08-17","fuel","8579.33","mx","contactless","gbp"
"3064","16553","6875","10005","2025-01-21","gaming","7731.68","mx","ecommerce","gbp"
"3065","4506","16190","5720","2025-03-02","grocery","1195.98","fr","wallet","gbp"
"3066","7942","21221","11852","2025-03-26","digital_services","7317.28","br","wallet","gbp"
"3067","17312","7826","12569","2025-01-20","fuel","3579.46","sg","manual_keyed","gbp"
"3068","752","6522","5033","2025-11-25","fuel","6709.7","mx","manual_keyed","cad"
"3069","12627","13435","2924","2025-06-03","jewelry","7459.6","us","wallet","cad"
"3070","4185","15138","8376","2025-03-16","grocery","3893.1","uk","manual_keyed","cad"
"3071","5793","9155","3333","2025-09-30","travel","6998.54","us","chip","gbp"
"3072","12057","15782","327","2025-04-22","grocery","951.95","fr","chip","gbp"
"3073","10338","7481","7605","2025-03-19","digital_services","3361.87","uk","chip","gbp"
"3074","15794","18348","7756","2025-01-02","cash_advance","5889.09","ae","chip","gbp"
"3075","363","6158","9151","2025-08-10","gaming","29.05","sg","contactless","cad"
"3076","7198","731","12588","2025-04-08","gaming","4711.0","uk","ecommerce","eur"
"3077","2100","22126","3933","2025-01-05","electronics","2606.49","sg","ecommerce","usd"
"3078","16835","2039","7395","2025-08-18","fuel","467.64","ae","chip","usd"
"3079","13466","7700","10040","2025-02-04","digital_services","5172.51","fr","ecommerce","cad"
"3080","3933","7006","13229","2025-01-21","travel","5974.87","sg","manual_keyed","eur"
"3081","13312","8125","1244","2025-07-08","digital_services","8816.2","us","chip","gbp"
"3082","6030","10053","11424","2025-03-05","digital_services","7259.92","us","wallet","cad"
"3083","7798","11650","12599","2025-12-17","cash_advance","2963.04","sg","chip","eur"
"3084","12075","22253","13197","2025-05-04","jewelry","9143.56","de","chip","eur"
"3085","11337","18086","7476","2025-12-04","electronics","5176.12","ae","manual_keyed","gbp"
"3086","4469","17806","1010","2025-03-26","jewelry","1865.51","ae","ecommerce","cad"
"3087","4021","23008","13623","2025-10-13","cash_advance","243.08","fr","wallet","eur"
"3088","15199","12656","8297","2025-08-18","fuel","8807.23","sg","manual_keyed","eur"
"3089","8072","14763","4132","2025-09-13","cash_advance","3028.04","uk","contactless","cad"
"3090","17984","17588","14224","2025-08-17","digital_services","7986.41","fr","chip","usd"
"3091","16813","21726","9866","2025-04-16","cash_advance","5767.19","uk","manual_keyed","gbp"
"3092","13288","6874","13174","2025-07-19","digital_services","971.33","de","manual_keyed","gbp"
"3093","6010","19919","499","2025-10-26","cash_advance","7766.2","de","contactless","cad"
"3094","12311","15361","11742","2025-02-14","fuel","6070.52","br","contactless","usd"
"3095","16552","2239","13924","2025-07-08","grocery","5511.67","mx","ecommerce","gbp"
"3096","6498","18331","5723","2025-07-30","gaming","7450.49","de","ecommerce","gbp"
"3097","9313","24122","14518","2025-09-24","cash_advance","3554.53","fr","manual_keyed","gbp"
"3098","8568","4642","6467","2025-09-26","grocery","907.44","ae","manual_keyed","eur"
"3099","1216","5622","4060","2025-06-02","gaming","2217.92","us","ecommerce","cad"
"3100","1727","17350","10382","2025-12-06","cash_advance","872.32","sg","wallet","gbp"
"3101","12366","23687","6126","2025-08-24","cash_advance","509.26","mx","chip","eur"
"3102","7013","19649","14490","2025-12-27","gaming","6144.8","sg","wallet","eur"
"3103","61","196","7342","2025-09-01","gaming","3489.7","us","manual_keyed","gbp"
"3104","5251","23058","14732","2025-03-17","cash_advance","8061.31","mx","manual_keyed","cad"
"3105","4509","809","14161","2025-04-18","grocery","3254.86","fr","wallet","usd"
"3106","8587","16280","11914","2025-04-12","digital_services","6252.99","fr","wallet","usd"
"3107","11048","7866","9880","2025-05-21","travel","4271.47","sg","wallet","cad"
"3108","11962","22024","2801","2025-11-04","electronics","2704.29","br","manual_keyed","gbp"
"3109","66","17029","3673","2025-03-29","fuel","1908.09","mx","contactless","cad"
"3110","5738","4006","12977","2025-01-16","grocery","3724.07","ae","chip","cad"
"3111","6075","11519","14658","2025-02-16","fuel","2360.29","mx","manual_keyed","eur"
"3112","9243","18475","11964","2025-11-28","gaming","3218.88","br","ecommerce","usd"
"3113","3559","12416","5171","2025-12-27","grocery","3245.66","mx","contactless","eur"
"3114","11009","21320","12517","2025-10-04","travel","373.68","de","ecommerce","cad"
"3115","9011","5607","5256","2025-08-19","fuel","2362.27","br","wallet","cad"
"3116","15251","11708","8701","2025-06-03","jewelry","4908.37","us","manual_keyed","gbp"
"3117","11429","7963","7766","2025-11-27","gaming","5467.9","us","chip","usd"
"3118","15581","4194","10008","2025-06-06","gaming","892.28","br","chip","eur"
"3119","11943","20705","11192","2025-05-23","grocery","3935.08","de","contactless","eur"
"3120","11409","2539","10989","2025-04-20","travel","8837.3","mx","contactless","eur"
"3121","7472","13323","13123","2025-12-03","jewelry","6667.36","us","chip","usd"
"3122","13717","24076","2459","2025-04-27","digital_services","6860.18","uk","contactless","eur"
"3123","158","4607","3517","2025-04-09","travel","6421.55","us","chip","cad"
"3124","15809","10305","4643","2025-01-03","jewelry","488.76","uk","ecommerce","gbp"
"3125","10687","8024","6736","2025-05-26","jewelry","3001.16","uk","contactless","eur"
"3126","15504","4625","1003","2025-04-03","fuel","9062.12","br","ecommerce","eur"
"3127","195","9161","4870","2025-08-15","digital_services","8759.22","mx","manual_keyed","gbp"
"3128","17614","11835","5522","2025-12-03","gaming","7777.57","sg","contactless","cad"
"3129","10771","8499","5973","2025-06-28","jewelry","2132.02","sg","chip","cad"
"3130","4937","5811","5723","2025-08-22","digital_services","4429.71","sg","ecommerce","cad"
"3131","10986","11304","6444","2025-05-08","electronics","8005.77","sg","ecommerce","cad"
"3132","1649","19581","11340","2025-07-05","digital_services","223.02","br","chip","cad"
"3133","1552","8646","14377","2025-02-24","travel","736.71","mx","ecommerce","gbp"
"3134","3011","24159","2630","2025-01-06","electronics","1324.41","mx","manual_keyed","cad"
"3135","6200","19936","12155","2025-10-28","grocery","693.01","ae","manual_keyed","cad"
"3136","17776","20479","7628","2025-05-02","cash_advance","5883.71","mx","chip","gbp"
"3137","14569","7240","13049","2025-04-04","electronics","8223.92","de","contactless","eur"
"3138","11497","22088","7020","2025-06-30","digital_services","5493.46","sg","contactless","eur"
"3139","16046","1153","9338","2025-04-19","fuel","614.62","mx","contactless","gbp"
"3140","8214","9154","11979","2025-07-29","travel","6928.56","br","wallet","eur"
"3141","13158","8611","9211","2025-01-05","grocery","7827.89","us","contactless","cad"
"3142","16489","23379","7817","2025-05-05","gaming","7783.57","de","contactless","usd"
"3143","157","1673","14054","2025-03-17","electronics","6276.62","uk","wallet","eur"
"3144","4106","15850","2696","2025-06-29","jewelry","2299.91","mx","chip","cad"
"3145","1471","11852","13017","2025-06-03","fuel","8235.24","us","wallet","gbp"
"3146","10185","17004","3776","2025-09-01","jewelry","2726.93","de","wallet","eur"
"3147","3433","16953","12944","2025-01-24","travel","6442.12","ae","chip","gbp"
"3148","2377","11920","4944","2025-05-18","fuel","4056.61","de","contactless","usd"
"3149","15102","5925","13993","2025-11-09","travel","3944.84","de","wallet","usd"
"3150","14494","15614","13755","2025-06-27","cash_advance","2099.35","mx","contactless","eur"
"3151","8951","14145","2098","2025-11-13","cash_advance","5275.42","de","wallet","gbp"
"3152","4960","4784","1369","2025-07-18","grocery","8336.24","fr","manual_keyed","cad"
"3153","8222","1895","13980","2025-06-14","digital_services","1165.37","mx","ecommerce","cad"
"3154","12822","9804","3523","2025-08-04","cash_advance","8041.1","fr","contactless","usd"
"3155","457","13395","7634","2025-03-02","cash_advance","1992.96","ae","manual_keyed","eur"
"3156","15387","5114","128","2025-06-09","digital_services","7785.74","fr","chip","eur"
"3157","7936","15307","13439","2025-10-25","cash_advance","3739.87","ae","manual_keyed","eur"
"3158","5737","791","3347","2025-04-11","grocery","3264.0","br","manual_keyed","cad"
"3159","4174","22427","6702","2025-07-22","cash_advance","614.07","us","wallet","usd"
"3160","9332","23680","8537","2025-02-07","digital_services","980.07","uk","wallet","cad"
"3161","4384","18201","758","2025-03-19","gaming","8976.54","uk","contactless","eur"
"3162","6155","23749","9417","2025-03-10","gaming","5298.02","us","chip","gbp"
"3163","12822","10033","7518","2025-04-09","electronics","8329.03","us","manual_keyed","usd"
"3164","10195","15965","3380","2025-10-09","electronics","5974.54","ae","manual_keyed","gbp"
"3165","14479","14049","1705","2025-07-14","gaming","2140.69","fr","wallet","gbp"
"3166","14924","12998","8099","2025-07-22","grocery","68.81","de","manual_keyed","cad"
"3167","16821","19957","124","2025-11-07","grocery","4125.14","mx","contactless","usd"
"3168","568","15082","6814","2025-05-15","cash_advance","1926.8","us","chip","usd"
"3169","9766","4472","3150","2025-01-02","fuel","508.06","uk","manual_keyed","gbp"
"3170","17294","23058","13305","2025-07-15","fuel","9079.39","fr","manual_keyed","cad"
"3171","11234","15120","780","2025-04-18","digital_services","227.34","mx","wallet","eur"
"3172","9258","22381","5770","2025-12-20","jewelry","1689.6","uk","wallet","usd"
"3173","12276","20166","7078","2025-10-06","electronics","8350.25","us","ecommerce","usd"
"3174","8029","2738","12809","2025-11-03","gaming","6945.26","ae","ecommerce","usd"
"3175","3751","14596","11090","2025-02-14","cash_advance","8273.34","ae","ecommerce","gbp"
"3176","5003","20997","6867","2025-11-18","travel","4202.49","ae","ecommerce","eur"
"3177","3267","16033","8645","2025-05-02","travel","8917.85","uk","wallet","eur"
"3178","16678","4027","12121","2025-12-24","cash_advance","7238.95","ae","chip","eur"
"3179","837","7828","11698","2025-01-13","jewelry","9486.55","ae","contactless","eur"
"3180","11538","11316","5697","2025-08-23","electronics","8683.89","fr","manual_keyed","usd"
"3181","15197","16143","4285","2025-12-19","gaming","5476.59","sg","wallet","gbp"
"3182","11744","13530","3613","2025-07-19","grocery","2780.47","fr","ecommerce","eur"
"3183","9459","3269","5334","2025-07-28","travel","1587.67","fr","wallet","usd"
"3184","13828","20499","1914","2025-05-26","cash_advance","8332.94","sg","chip","usd"
"3185","1854","4089","5488","2025-05-25","travel","586.41","ae","ecommerce","eur"
"3186","13796","21473","13049","2025-04-17","digital_services","1026.17","us","chip","usd"
"3187","6002","10767","8142","2025-02-07","cash_advance","5730.2","uk","wallet","gbp"
"3188","10927","1604","6187","2025-11-07","travel","5981.35","sg","manual_keyed","usd"
"3189","15806","13325","13082","2025-11-05","cash_advance","2317.25","de","contactless","gbp"
"3190","16352","13640","2583","2025-05-14","fuel","6670.61","sg","manual_keyed","eur"
"3191","4360","7158","2281","2025-07-04","electronics","747.37","de","chip","cad"
"3192","1998","8909","5205","2025-01-07","jewelry","2491.32","us","manual_keyed","gbp"
"3193","15804","3035","10263","2025-02-19","gaming","5984.26","de","contactless","eur"
"3194","7594","1504","8965","2025-09-16","grocery","7423.0","sg","wallet","usd"
"3195","9166","12971","10064","2025-10-09","grocery","8980.6","fr","wallet","eur"
"3196","12014","11574","4810","2025-02-11","travel","4348.12","uk","chip","eur"
"3197","15812","8494","5383","2025-05-13","grocery","5570.38","us","wallet","gbp"
"3198","12600","19828","10117","2025-11-30","fuel","6290.7","de","wallet","gbp"
"3199","15058","1753","1096","2025-11-09","electronics","7037.84","mx","contactless","cad"
"3200","10607","3404","2766","2025-09-09","gaming","5994.26","sg","contactless","cad"
"3201","7447","16861","9293","2025-05-07","cash_advance","7455.88","br","wallet","eur"
"3202","13686","22064","10329","2025-04-07","jewelry","2354.47","de","manual_keyed","eur"
"3203","5657","14355","8783","2025-08-28","grocery","8493.62","sg","contactless","gbp"
"3204","13259","12845","11737","2025-03-10","cash_advance","3264.29","uk","manual_keyed","gbp"
"3205","2553","13902","3021","2025-11-12","grocery","6249.25","sg","wallet","gbp"
"3206","3853","20586","4982","2025-04-29","digital_services","2278.74","fr","ecommerce","eur"
"3207","14200","8043","13515","2025-03-30","digital_services","6936.02","uk","chip","gbp"
"3208","11066","9176","2643","2025-06-11","electronics","5825.89","de","manual_keyed","usd"
"3209","406","10092","13730","2025-10-18","jewelry","2503.56","us","chip","cad"
"3210","10552","12837","8919","2025-06-24","digital_services","339.31","us","manual_keyed","cad"
"3211","3050","16373","12896","2025-03-27","grocery","3694.71","br","wallet","eur"
"3212","11659","1160","2135","2025-10-16","gaming","7186.34","mx","contactless","usd"
"3213","17017","12960","10832","2025-09-06","grocery","5479.51","fr","contactless","gbp"
"3214","4590","9346","12158","2025-08-26","grocery","327.39","ae","wallet","usd"
"3215","7068","16978","4635","2025-11-01","cash_advance","5253.42","us","contactless","usd"
"3216","2165","15717","11739","2025-02-17","travel","1285.21","uk","manual_keyed","eur"
"3217","13823","14041","2572","2025-08-07","digital_services","1219.37","us","chip","usd"
"3218","4007","2768","7822","2025-02-14","electronics","3111.15","sg","contactless","usd"
"3219","13572","6576","6024","2025-01-13","gaming","4976.39","mx","wallet","gbp"
"3220","373","13469","13285","2025-05-24","electronics","8640.31","us","wallet","gbp"
"3221","3734","15977","10382","2025-12-19","travel","2367.5","us","wallet","usd"
"3222","6167","10103","4463","2025-11-21","cash_advance","2970.72","sg","chip","usd"
"3223","4950","11841","10989","2025-05-24","grocery","1902.52","de","contactless","cad"
"3224","17837","10922","6337","2025-09-21","grocery","6021.96","us","wallet","cad"
"3225","3538","6972","14822","2025-07-04","grocery","1694.44","mx","ecommerce","gbp"
"3226","4956","22778","4780","2025-11-16","travel","7116.67","us","wallet","usd"
"3227","13632","11143","2800","2025-06-27","fuel","1736.26","br","chip","usd"
"3228","1193","4820","6821","2025-05-03","cash_advance","1288.11","us","contactless","eur"
"3229","14276","1935","9620","2025-09-24","fuel","2008.4","uk","manual_keyed","usd"
"3230","4312","4350","6809","2025-10-30","digital_services","8020.45","mx","ecommerce","cad"
"3231","4903","3835","3290","2025-02-12","electronics","4692.14","sg","manual_keyed","cad"
"3232","7301","19811","807","2025-05-13","electronics","6113.54","ae","wallet","cad"
"3233","3597","19897","14687","2025-03-01","grocery","6942.35","fr","ecommerce","eur"
"3234","16589","2055","13976","2025-10-22","cash_advance","8401.1","br","chip","eur"
"3235","8802","12266","5995","2025-02-14","travel","6279.48","mx","chip","gbp"
"3236","3862","8768","14896","2025-01-26","electronics","144.09","de","ecommerce","usd"
"3237","14707","1819","11764","2025-12-29","fuel","5202.21","fr","wallet","gbp"
"3238","13242","18812","972","2025-07-20","travel","1745.99","ae","manual_keyed","cad"
"3239","3232","12960","1585","2025-03-21","gaming","464.29","de","contactless","cad"
"3240","1699","5686","2506","2025-06-13","jewelry","9317.22","de","contactless","eur"
"3241","2997","703","5621","2025-11-26","fuel","1664.7","br","ecommerce","gbp"
"3242","17823","10752","12029","2025-07-10","grocery","1925.33","de","manual_keyed","cad"
"3243","16789","18744","8640","2025-03-17","digital_services","7504.93","us","manual_keyed","eur"
"3244","6108","15400","9665","2025-02-24","jewelry","7799.55","sg","manual_keyed","usd"
"3245","193","12721","9129","2025-02-23","digital_services","310.82","sg","contactless","cad"
"3246","6971","4240","8928","2025-04-13","digital_services","2353.14","us","manual_keyed","eur"
"3247","16628","20579","1817","2025-05-07","gaming","2086.43","us","ecommerce","usd"
"3248","3131","14916","1117","2025-10-25","jewelry","4036.35","fr","chip","cad"
"3249","6100","13687","2394","2025-10-29","grocery","3206.01","ae","manual_keyed","gbp"
"3250","14672","9295","172","2025-03-22","grocery","6408.22","uk","manual_keyed","cad"
"3251","9375","10155","6175","2025-11-24","jewelry","4754.73","mx","wallet","eur"
"3252","12103","16074","594","2025-10-13","travel","2896.44","us","chip","eur"
"3253","4630","7431","14818","2025-04-22","gaming","5719.26","uk","contactless","cad"
"3254","6951","4465","2221","2025-10-19","gaming","4191.87","us","manual_keyed","eur"
"3255","2371","16505","6179","2025-10-17","grocery","2324.34","br","chip","gbp"
"3256","5103","7253","14720","2025-12-20","jewelry","2252.3","fr","manual_keyed","eur"
"3257","10745","3807","146","2025-07-06","cash_advance","8613.03","de","ecommerce","gbp"
"3258","11051","15525","13129","2025-04-16","travel","2529.33","ae","chip","cad"
"3259","10458","9693","14084","2025-03-31","cash_advance","2861.74","fr","wallet","usd"
"3260","8881","18364","6399","2025-07-01","cash_advance","657.65","ae","ecommerce","usd"
"3261","15338","11058","429","2025-04-20","jewelry","5442.23","br","ecommerce","eur"
"3262","17770","16945","2401","2025-03-22","electronics","649.16","de","ecommerce","cad"
"3263","8920","10056","9580","2025-06-05","digital_services","8006.63","fr","wallet","cad"
"3264","4260","9330","10644","2025-07-11","electronics","1291.05","br","contactless","gbp"
"3265","11117","13336","9130","2025-03-22","electronics","2612.46","de","ecommerce","eur"
"3266","7261","14499","2004","2025-12-14","gaming","2395.42","br","manual_keyed","gbp"
"3267","12058","66","385","2025-01-30","fuel","2728.81","br","wallet","cad"
"3268","1704","5062","11043","2025-10-06","fuel","9160.83","us","contactless","usd"
"3269","11235","11597","6705","2025-08-06","electronics","8765.9","sg","contactless","eur"
"3270","1191","3449","3616","2025-05-07","grocery","6212.93","de","wallet","eur"
"3271","16026","7858","11678","2025-05-16","grocery","232.0","br","ecommerce","usd"
"3272","11934","4839","2589","2025-10-28","grocery","3193.73","ae","contactless","eur"
"3273","5468","21785","2160","2025-07-19","gaming","8250.16","sg","contactless","cad"
"3274","12295","22811","9119","2025-09-22","digital_services","1038.84","fr","manual_keyed","cad"
"3275","4985","1066","10768","2025-12-26","cash_advance","1777.72","us","ecommerce","usd"
"3276","5009","4016","4302","2025-11-28","digital_services","6503.62","us","manual_keyed","usd"
"3277","5477","2130","10138","2025-10-12","electronics","465.94","de","ecommerce","usd"
"3278","2732","21197","3948","2025-03-03","gaming","6781.02","br","contactless","usd"
"3279","14850","1018","9919","2025-06-19","travel","3443.01","sg","manual_keyed","eur"
"3280","5460","7913","9571","2025-05-25","gaming","4649.03","sg","wallet","usd"
"3281","878","4195","10523","2025-07-03","fuel","1323.38","de","contactless","gbp"
"3282","6310","1592","5653","2025-02-05","grocery","822.38","ae","wallet","gbp"
"3283","12968","12338","1123","2025-04-13","jewelry","5707.95","de","wallet","gbp"
"3284","10065","21556","9336","2025-11-10","electronics","9093.67","de","contactless","usd"
"3285","5847","24021","4750","2025-03-06","fuel","5754.05","ae","ecommerce","usd"
"3286","9355","15260","13856","2025-03-29","electronics","8020.52","fr","manual_keyed","usd"
"3287","17836","11447","1790","2025-09-04","grocery","2648.28","fr","ecommerce","cad"
"3288","9791","21263","6774","2025-10-22","digital_services","1721.59","mx","chip","cad"
"3289","1411","19400","12134","2025-08-27","fuel","3941.69","uk","manual_keyed","gbp"
"3290","9624","6317","14673","2025-05-31","digital_services","3932.15","us","ecommerce","eur"
"3291","7873","9970","7155","2025-10-27","gaming","1279.95","fr","contactless","cad"
"3292","3959","15388","2577","2025-06-30","grocery","9031.31","br","manual_keyed","usd"
"3293","17449","23740","1907","2025-06-13","grocery","1263.33","ae","contactless","cad"
"3294","8297","947","11008","2025-01-13","gaming","4374.89","fr","contactless","cad"
"3295","901","11963","11321","2025-06-07","electronics","4442.83","mx","ecommerce","gbp"
"3296","17092","22004","11460","2025-01-18","gaming","5240.49","de","manual_keyed","usd"
"3297","9202","3212","9602","2025-05-31","grocery","5000.59","sg","ecommerce","gbp"
"3298","13446","21005","14692","2025-02-07","fuel","6310.34","us","ecommerce","cad"
"3299","7323","16622","9839","2025-12-31","electronics","3330.78","uk","wallet","cad"
"3300","10222","4897","11568","2025-07-16","digital_services","3304.44","uk","chip","eur"
"3301","1928","10065","11344","2025-04-09","gaming","8667.53","sg","chip","usd"
"3302","4550","19774","12309","2025-02-05","gaming","7463.68","mx","ecommerce","gbp"
"3303","16086","21289","3802","2025-04-10","gaming","5536.68","de","contactless","gbp"
"3304","10845","22913","3383","2025-06-27","grocery","4743.19","ae","contactless","eur"
"3305","396","19470","11220","2025-08-10","travel","5204.85","br","wallet","gbp"
"3306","15739","22834","12249","2025-08-21","gaming","1514.65","us","wallet","usd"
"3307","3637","11735","4388","2025-09-03","fuel","7351.0","br","wallet","cad"
"3308","15009","1044","11939","2025-01-24","jewelry","1289.66","us","ecommerce","cad"
"3309","14626","21504","4679","2025-05-22","gaming","7480.36","br","ecommerce","eur"
"3310","9530","15496","8192","2025-09-23","gaming","8103.66","br","contactless","usd"
"3311","2160","14225","11521","2025-05-08","jewelry","1833.25","de","manual_keyed","cad"
"3312","340","8227","3685","2025-05-02","grocery","5059.03","br","chip","cad"
"3313","8240","12881","14309","2025-08-15","travel","6235.98","sg","ecommerce","usd"
"3314","13635","16996","10934","2025-06-11","digital_services","506.09","de","chip","cad"
"3315","508","2007","11359","2025-10-02","gaming","2847.13","sg","chip","gbp"
"3316","7418","22621","9752","2025-10-19","jewelry","2296.89","fr","ecommerce","cad"
"3317","11156","11421","5785","2025-06-08","fuel","1661.21","us","contactless","gbp"
"3318","15847","7593","2518","2025-09-28","travel","1677.4","uk","ecommerce","cad"
"3319","10882","11647","13686","2025-06-08","electronics","4079.78","uk","ecommerce","eur"
"3320","14722","13876","13666","2025-08-23","cash_advance","8231.29","br","contactless","usd"
"3321","8153","12055","7896","2025-01-26","gaming","359.29","us","contactless","gbp"
"3322","11077","2070","5448","2025-09-21","electronics","2497.97","ae","wallet","gbp"
"3323","105","14993","8190","2025-10-09","jewelry","2309.53","mx","ecommerce","usd"
"3324","17678","4974","14435","2025-05-17","digital_services","8450.44","de","ecommerce","usd"
"3325","3852","16668","9594","2025-03-16","jewelry","539.42","sg","manual_keyed","cad"
"3326","10004","6307","4138","2025-05-01","gaming","3307.2","us","wallet","usd"
"3327","7242","13396","6254","2025-11-29","fuel","2488.9","de","wallet","eur"
"3328","2378","2388","8013","2025-05-25","jewelry","5628.92","us","ecommerce","usd"
"3329","410","18602","10430","2025-03-21","digital_services","4174.38","mx","wallet","cad"
"3330","11581","14238","13716","2025-06-26","electronics","7612.38","br","wallet","cad"
"3331","13232","14152","14280","2025-03-15","digital_services","2703.62","de","contactless","gbp"
"3332","15687","733","4614","2025-06-16","digital_services","947.81","br","ecommerce","gbp"
"3333","1077","20393","9990","2025-01-18","digital_services","1521.29","us","wallet","usd"
"3334","1017","11706","5209","2025-09-09","travel","5454.85","us","contactless","usd"
"3335","7490","4472","5573","2025-12-17","gaming","393.52","br","contactless","usd"
"3336","10054","8595","14331","2025-07-11","gaming","6019.68","uk","ecommerce","usd"
"3337","7768","22430","4017","2025-03-10","jewelry","1996.29","mx","chip","eur"
"3338","6138","16889","5728","2025-12-13","electronics","4576.47","fr","chip","usd"
"3339","17879","13246","3293","2025-06-18","cash_advance","6067.36","uk","chip","gbp"
"3340","5332","11634","489","2025-11-06","digital_services","5054.2","sg","ecommerce","eur"
"3341","8617","18645","4474","2025-03-07","digital_services","9254.55","de","manual_keyed","eur"
"3342","13378","261","395","2025-10-14","gaming","2991.33","mx","chip","eur"
"3343","8055","1814","5442","2025-10-23","cash_advance","8445.26","br","wallet","cad"
"3344","10571","6415","7306","2025-06-19","fuel","1057.13","br","chip","eur"
"3345","4096","12996","13838","2025-04-15","jewelry","8764.5","fr","chip","eur"
"3346","5150","16366","11468","2025-06-30","travel","5014.88","fr","ecommerce","eur"
"3347","3871","5213","13796","2025-04-24","travel","6735.73","us","manual_keyed","gbp"
"3348","10702","4031","6107","2025-10-10","electronics","6798.29","mx","chip","cad"
"3349","17888","12016","1379","2025-04-15","travel","846.52","us","manual_keyed","usd"
"3350","1460","9424","11973","2025-11-11","electronics","7181.08","uk","contactless","cad"
"3351","2640","1982","7034","2025-03-28","travel","3982.83","fr","chip","gbp"
"3352","15333","19086","3378","2025-04-15","cash_advance","5431.73","ae","contactless","cad"
"3353","14441","20299","8070","2025-08-12","cash_advance","8499.92","de","ecommerce","cad"
"3354","17388","5155","2985","2025-12-03","grocery","9232.42","mx","contactless","usd"
"3355","12699","962","14937","2025-02-18","electronics","1262.04","ae","contactless","cad"
"3356","7401","9205","5788","2025-05-30","travel","7749.75","mx","ecommerce","gbp"
"3357","2543","12686","2586","2025-03-04","gaming","8896.02","uk","chip","usd"
"3358","7867","13243","14971","2025-04-26","jewelry","4050.17","us","ecommerce","gbp"
"3359","11867","18268","2686","2025-12-05","grocery","8761.38","de","ecommerce","eur"
"3360","4369","12244","4103","2025-11-12","fuel","2602.98","br","wallet","gbp"
"3361","12022","16714","4811","2025-01-04","gaming","2143.48","ae","contactless","usd"
"3362","16509","24198","12499","2025-04-18","digital_services","4423.39","br","contactless","eur"
"3363","6843","5186","11791","2025-02-25","fuel","8242.09","mx","chip","gbp"
"3364","1340","7938","12954","2025-04-13","digital_services","5384.55","mx","manual_keyed","gbp"
"3365","14327","15127","9923","2025-06-18","gaming","3568.6","ae","wallet","gbp"
"3366","5521","7192","13359","2025-05-29","travel","6248.47","mx","manual_keyed","gbp"
"3367","16010","2406","7291","2025-09-18","digital_services","7072.34","ae","wallet","cad"
"3368","17403","19444","14757","2025-12-24","digital_services","915.31","de","contactless","eur"
"3369","7022","5011","3291","2025-06-10","travel","6370.88","fr","ecommerce","eur"
"3370","11123","13634","10969","2025-09-18","travel","2082.3","fr","wallet","cad"
"3371","7019","402","5600","2025-09-19","jewelry","603.96","ae","contactless","eur"
"3372","1428","15751","2459","2025-09-23","gaming","7999.85","mx","chip","gbp"
"3373","15299","23684","7930","2025-03-13","digital_services","7472.7","br","chip","usd"
"3374","14490","11995","9299","2025-03-26","cash_advance","8821.09","sg","wallet","gbp"
"3375","16873","16736","13521","2025-07-28","gaming","7990.03","sg","chip","cad"
"3376","2416","11113","13988","2025-12-26","electronics","3956.22","br","ecommerce","cad"
"3377","16058","15240","12293","2025-10-17","jewelry","2767.22","fr","wallet","cad"
"3378","1304","6365","13413","2025-11-09","travel","6703.55","sg","wallet","gbp"
"3379","8276","1976","11616","2025-05-31","fuel","6558.79","fr","wallet","cad"
"3380","16522","15067","11038","2025-01-20","cash_advance","6111.23","ae","chip","gbp"
"3381","7929","513","7262","2025-06-13","electronics","3746.43","fr","manual_keyed","usd"
"3382","10490","7150","1350","2025-03-22","fuel","1431.87","br","wallet","eur"
"3383","17269","12532","13757","2025-09-04","travel","8200.26","fr","ecommerce","eur"
"3384","4484","487","11834","2025-06-26","cash_advance","3635.45","uk","wallet","usd"
"3385","1386","13470","9139","2025-06-08","digital_services","445.13","fr","chip","eur"
"3386","17556","17371","5877","2025-06-08","gaming","9369.37","uk","contactless","usd"
"3387","6834","24276","940","2025-12-19","digital_services","4761.19","fr","chip","eur"
"3388","12226","20395","4558","2025-09-23","grocery","6803.42","ae","manual_keyed","usd"
"3389","13405","13515","12067","2025-11-07","digital_services","942.17","de","chip","cad"
"3390","9211","15848","8688","2025-01-29","electronics","8864.28","de","contactless","gbp"
"3391","1178","17890","11078","2025-11-01","travel","7772.06","us","wallet","eur"
"3392","12603","23771","9703","2025-07-15","electronics","7738.24","uk","chip","usd"
"3393","1236","61","9976","2025-03-23","jewelry","5558.07","mx","manual_keyed","gbp"
"3394","15831","7957","486","2025-01-05","travel","1161.61","sg","chip","eur"
"3395","2936","1544","3095","2025-10-12","grocery","3774.73","mx","wallet","gbp"
"3396","14163","2808","14737","2025-07-09","jewelry","7485.89","sg","manual_keyed","usd"
"3397","6624","5641","12049","2025-10-16","electronics","2169.43","us","contactless","gbp"
"3398","16659","8879","5969","2025-01-08","cash_advance","7506.18","uk","contactless","cad"
"3399","2763","8374","10113","2025-02-21","travel","4071.35","de","chip","cad"
"3400","1245","152","2111","2025-04-07","jewelry","8590.51","de","manual_keyed","gbp"
"3401","2975","823","940","2025-03-16","fuel","7163.72","us","wallet","cad"
"3402","9614","1463","1581","2025-09-19","travel","613.96","fr","chip","usd"
"3403","17066","10567","11987","2025-10-08","cash_advance","7518.11","fr","contactless","usd"
"3404","9945","1312","10784","2025-02-10","electronics","1237.39","ae","contactless","eur"
"3405","4007","24235","14211","2025-02-16","electronics","2589.72","uk","ecommerce","eur"
"3406","3396","19863","14791","2025-09-08","fuel","1439.66","sg","manual_keyed","cad"
"3407","8958","18759","12260","2025-09-02","digital_services","2389.16","us","manual_keyed","cad"
"3408","9234","14273","13221","2025-02-20","electronics","4281.79","uk","chip","eur"
"3409","1717","17563","3977","2025-06-03","fuel","5686.66","mx","contactless","eur"
"3410","6941","10291","698","2025-07-09","fuel","3735.93","sg","wallet","cad"
"3411","165","3393","470","2025-04-28","digital_services","7924.91","de","contactless","eur"
"3412","6620","4832","9667","2025-02-01","grocery","6123.29","de","ecommerce","cad"
"3413","8774","5778","12538","2025-12-31","cash_advance","2621.9","sg","chip","eur"
"3414","16016","10228","11292","2025-09-24","cash_advance","6048.42","sg","ecommerce","gbp"
"3415","12845","18265","2620","2025-03-26","digital_services","8963.76","us","ecommerce","usd"
"3416","8288","18452","6591","2025-09-20","travel","1237.47","fr","ecommerce","cad"
"3417","2995","3569","11258","2025-08-01","digital_services","7779.92","sg","contactless","eur"
"3418","1005","11597","1668","2025-02-24","fuel","3857.66","de","manual_keyed","cad"
"3419","9973","4911","1373","2025-08-09","jewelry","7693.34","fr","contactless","gbp"
"3420","3279","5456","6108","2025-06-17","fuel","6283.85","ae","contactless","usd"
"3421","2721","6331","10036","2025-12-21","jewelry","1658.64","ae","chip","usd"
"3422","518","189","11016","2025-08-12","grocery","7877.07","de","chip","gbp"
"3423","1522","9995","541","2025-11-23","cash_advance","4562.9","ae","chip","gbp"
"3424","29","22271","7643","2025-09-06","travel","7245.07","uk","ecommerce","eur"
"3425","10195","3047","9509","2025-06-14","travel","4658.31","mx","chip","eur"
"3426","2253","5897","4416","2025-10-11","digital_services","3133.49","br","wallet","gbp"
"3427","15062","1959","12186","2025-03-08","travel","6507.09","fr","ecommerce","cad"
"3428","7322","16937","10306","2025-02-16","digital_services","5818.36","mx","chip","eur"
"3429","15952","9406","11600","2025-07-08","electronics","9210.17","mx","contactless","cad"
"3430","15184","3631","7671","2025-01-16","jewelry","3991.88","sg","contactless","gbp"
"3431","12551","11141","12525","2025-03-18","jewelry","3129.91","sg","wallet","eur"
"3432","5171","13099","8190","2025-10-10","cash_advance","5537.71","de","wallet","cad"
"3433","3345","13765","8511","2025-03-15","travel","4333.56","us","chip","usd"
"3434","13357","12057","14930","2025-04-18","digital_services","5570.65","sg","ecommerce","usd"
"3435","10656","5477","12290","2025-03-06","travel","1141.68","sg","ecommerce","cad"
"3436","12069","23922","14674","2025-03-28","electronics","5268.24","de","contactless","eur"
"3437","17451","20436","11953","2025-03-27","electronics","1574.93","us","ecommerce","eur"
"3438","15466","6921","9888","2025-01-05","cash_advance","6657.24","us","chip","cad"
"3439","15002","10715","4175","2025-10-26","fuel","5835.47","fr","manual_keyed","gbp"
"3440","3522","532","4753","2025-01-06","grocery","6755.4","us","chip","cad"
"3441","12931","14001","8783","2025-06-20","electronics","6059.81","fr","wallet","cad"
"3442","1384","1395","2488","2025-10-15","cash_advance","213.08","sg","chip","eur"
"3443","12399","7997","8432","2025-11-08","gaming","1701.42","uk","wallet","usd"
"3444","10267","1841","13513","2025-10-02","electronics","224.89","fr","manual_keyed","eur"
"3445","17226","6308","7048","2025-02-19","electronics","5694.5","de","wallet","cad"
"3446","1329","7466","9845","2025-04-29","digital_services","4023.23","de","wallet","eur"
"3447","1971","7209","10968","2025-03-03","electronics","5187.27","mx","ecommerce","eur"
"3448","13724","17057","8540","2025-11-16","jewelry","3939.22","fr","wallet","cad"
"3449","17765","10026","2933","2025-04-19","cash_advance","5583.86","mx","contactless","gbp"
"3450","4783","24144","150","2025-07-07","cash_advance","9178.34","ae","wallet","cad"
"3451","5376","7057","13252","2025-07-23","digital_services","5835.24","ae","ecommerce","gbp"
"3452","16261","9869","6306","2025-10-10","travel","7509.97","ae","contactless","usd"
"3453","2930","1","1067","2025-07-06","fuel","2632.44","us","contactless","eur"
"3454","17685","985","386","2025-11-23","jewelry","6223.21","br","manual_keyed","eur"
"3455","6756","12830","5085","2025-10-05","gaming","4168.21","br","contactless","cad"
"3456","11993","1058","1659","2025-02-13","fuel","4702.12","uk","ecommerce","eur"
"3457","12644","13928","702","2025-03-28","gaming","1718.19","br","chip","eur"
"3458","10632","17508","839","2025-03-13","electronics","1242.4","fr","ecommerce","usd"
"3459","9664","23046","14246","2025-11-13","cash_advance","3696.13","us","manual_keyed","cad"
"3460","17756","17156","11327","2025-01-28","digital_services","6003.82","de","ecommerce","cad"
"3461","5146","6525","7822","2025-03-27","fuel","8445.68","ae","wallet","cad"
"3462","14649","9021","13618","2025-09-01","electronics","283.11","sg","chip","cad"
"3463","16114","18968","7869","2025-11-01","gaming","1515.1","fr","contactless","eur"
"3464","11997","4851","2","2025-06-14","grocery","2156.31","sg","wallet","usd"
"3465","15670","1865","4669","2025-05-26","cash_advance","8917.74","br","contactless","gbp"
"3466","15655","9679","5221","2025-09-02","digital_services","4785.6","us","ecommerce","usd"
"3467","6661","19308","13252","2025-12-01","jewelry","7577.93","de","ecommerce","eur"
"3468","6491","15990","3363","2025-02-27","grocery","962.95","uk","ecommerce","cad"
"3469","12109","906","5052","2025-04-29","fuel","2642.07","mx","contactless","eur"
"3470","8214","6825","7993","2025-06-22","jewelry","190.66","de","wallet","gbp"
"3471","15321","16234","12118","2025-04-11","electronics","4576.44","de","ecommerce","gbp"
"3472","7272","4073","209","2025-03-19","electronics","9350.0","br","ecommerce","usd"
"3473","1734","23370","7178","2025-06-08","digital_services","2336.14","us","wallet","usd"
"3474","7953","12518","2718","2025-01-03","jewelry","2382.88","mx","ecommerce","gbp"
"3475","6806","4231","12945","2025-12-14","electronics","5833.49","de","manual_keyed","usd"
"3476","5046","18332","8488","2025-12-19","electronics","4192.57","mx","manual_keyed","gbp"
"3477","11379","3653","10541","2025-12-31","fuel","947.87","mx","wallet","usd"
"3478","2344","3990","3642","2025-10-20","jewelry","1226.02","fr","ecommerce","gbp"
"3479","5391","2892","11728","2025-04-16","travel","6722.85","ae","manual_keyed","cad"
"3480","2287","3852","12371","2025-02-18","jewelry","7192.36","sg","contactless","usd"
"3481","3285","3582","866","2025-08-30","digital_services","2162.62","fr","chip","eur"
"3482","1216","2645","12934","2025-02-16","grocery","4550.21","ae","wallet","cad"
"3483","2590","16115","8771","2025-09-12","gaming","7255.67","us","ecommerce","usd"
"3484","17830","10280","13222","2025-02-27","electronics","6643.29","us","manual_keyed","cad"
"3485","5572","2216","12936","2025-02-23","grocery","5304.55","mx","ecommerce","cad"
"3486","5513","9465","13582","2025-09-25","grocery","7630.75","fr","manual_keyed","gbp"
"3487","8924","18793","11368","2025-12-09","digital_services","8823.3","mx","contactless","usd"
"3488","12883","10162","10915","2025-08-11","digital_services","8438.28","br","chip","gbp"
"3489","1468","624","12654","2025-05-28","travel","402.78","mx","contactless","eur"
"3490","4868","12426","14173","2025-06-16","digital_services","3271.8","us","manual_keyed","eur"
"3491","13428","17300","2417","2025-03-08","gaming","4484.09","mx","manual_keyed","gbp"
"3492","15268","19437","12953","2025-11-14","fuel","9433.8","fr","contactless","cad"
"3493","17243","18563","2889","2025-03-22","digital_services","2859.53","fr","ecommerce","gbp"
"3494","16698","4637","7334","2025-04-21","gaming","3850.39","de","contactless","usd"
"3495","9085","22208","14514","2025-06-25","travel","8547.6","ae","wallet","gbp"
"3496","14149","12654","8322","2025-10-20","grocery","3773.44","ae","ecommerce","gbp"
"3497","16004","3137","8615","2025-02-06","travel","6757.98","de","manual_keyed","eur"
"3498","3352","4879","2805","2025-02-07","travel","8216.78","ae","manual_keyed","eur"
"3499","7513","13952","14881","2025-01-08","digital_services","834.86","ae","manual_keyed","cad"
"3500","16587","23363","3797","2025-09-05","electronics","6305.16","us","wallet","usd"
"3501","8231","19019","7265","2025-11-18","jewelry","8825.24","de","ecommerce","cad"
"3502","2224","16144","6383","2025-01-19","cash_advance","4582.75","us","contactless","usd"
"3503","13172","9005","4204","2025-10-30","digital_services","8812.72","uk","ecommerce","gbp"
"3504","9183","12617","5002","2025-09-09","travel","6325.15","sg","chip","gbp"
"3505","11632","7099","13806","2025-07-07","fuel","3949.65","br","manual_keyed","eur"
"3506","8170","2345","46","2025-08-23","cash_advance","2218.99","sg","ecommerce","usd"
"3507","11884","15362","13037","2025-07-20","travel","7915.74","ae","contactless","gbp"
"3508","16033","2686","8022","2025-03-20","travel","1972.61","br","wallet","eur"
"3509","16848","1931","10543","2025-02-03","fuel","4189.21","sg","wallet","cad"
"3510","4944","1943","8842","2025-01-07","cash_advance","5360.29","mx","chip","usd"
"3511","9664","5716","9381","2025-12-08","fuel","1492.76","uk","ecommerce","gbp"
"3512","3079","12238","694","2025-06-10","fuel","5167.07","us","contactless","eur"
"3513","274","1216","258","2025-03-07","jewelry","1428.72","br","contactless","usd"
"3514","3397","6455","381","2025-10-26","gaming","7621.46","fr","ecommerce","eur"
"3515","3743","16617","1542","2025-06-09","fuel","6491.89","uk","chip","usd"
"3516","1070","14866","723","2025-10-14","travel","7083.33","sg","contactless","usd"
"3517","3916","4892","1414","2025-05-13","cash_advance","9292.92","fr","ecommerce","gbp"
"3518","1814","13525","5866","2025-10-24","cash_advance","6326.49","ae","chip","gbp"
"3519","17121","6157","2955","2025-11-22","travel","8568.85","de","contactless","gbp"
"3520","4751","3762","2850","2025-02-03","digital_services","7919.75","uk","contactless","usd"
"3521","9799","15994","7305","2025-07-20","digital_services","9317.72","uk","ecommerce","cad"
"3522","4166","18893","5314","2025-09-27","digital_services","9438.94","us","ecommerce","usd"
"3523","540","13385","5286","2025-05-31","digital_services","5507.94","uk","wallet","gbp"
"3524","13405","14053","12054","2025-03-02","fuel","4778.32","sg","contactless","gbp"
"3525","10904","6796","13517","2025-07-18","jewelry","7390.58","sg","wallet","gbp"
"3526","15931","18005","9303","2025-01-06","travel","6627.28","us","contactless","eur"
"3527","9164","3202","14377","2025-03-06","fuel","325.29","uk","ecommerce","gbp"
"3528","16786","16552","3269","2025-08-25","electronics","9112.41","ae","manual_keyed","gbp"
"3529","7053","14096","8548","2025-09-21","fuel","2289.4","sg","manual_keyed","cad"
"3530","12207","17013","6180","2025-06-25","grocery","1731.67","mx","chip","usd"
"3531","13714","8778","4956","2025-10-19","digital_services","5014.79","mx","ecommerce","cad"
"3532","17733","9902","2357","2025-04-16","cash_advance","4441.08","ae","ecommerce","usd"
"3533","2137","16176","8995","2025-03-19","cash_advance","2525.97","ae","manual_keyed","usd"
"3534","5868","17794","10341","2025-02-12","electronics","2880.41","ae","ecommerce","gbp"
"3535","5835","16248","13008","2025-06-23","fuel","7601.64","sg","manual_keyed","usd"
"3536","17217","11687","11956","2025-11-24","fuel","6655.74","uk","ecommerce","eur"
"3537","230","21156","1216","2025-06-11","jewelry","190.45","br","contactless","usd"
"3538","9625","22478","7090","2025-04-19","fuel","3794.85","uk","contactless","usd"
"3539","3704","8208","6685","2025-12-20","electronics","2523.35","mx","manual_keyed","eur"
"3540","7153","20529","10577","2025-04-08","cash_advance","2620.88","us","manual_keyed","gbp"
"3541","7677","7066","13757","2025-12-20","electronics","4037.65","br","contactless","eur"
"3542","12972","311","12699","2025-05-22","gaming","4066.14","de","chip","gbp"
"3543","3700","19632","6433","2025-03-24","digital_services","5825.05","uk","ecommerce","eur"
"3544","8579","14765","6241","2025-12-24","electronics","5991.56","sg","wallet","gbp"
"3545","4227","15196","1693","2025-12-31","jewelry","559.82","sg","chip","usd"
"3546","10299","4651","1484","2025-04-15","fuel","4328.91","us","contactless","usd"
"3547","15921","10080","3458","2025-03-03","cash_advance","523.94","ae","manual_keyed","gbp"
"3548","11967","4289","8674","2025-06-14","travel","4926.37","ae","manual_keyed","usd"
"3549","6209","14528","8265","2025-12-31","grocery","7409.71","sg","chip","gbp"
"3550","1513","18952","2438","2025-06-13","cash_advance","6485.72","sg","chip","gbp"
"3551","17755","3566","14572","2025-07-06","gaming","149.38","fr","ecommerce","gbp"
"3552","2378","4967","10348","2025-05-17","cash_advance","7325.87","br","contactless","cad"
"3553","4156","5674","4442","2025-08-16","travel","7894.78","br","chip","gbp"
"3554","6167","10303","10678","2025-02-27","electronics","89.45","us","wallet","cad"
"3555","17548","12197","8484","2025-09-14","grocery","6740.05","ae","wallet","cad"
"3556","1971","2681","9532","2025-07-03","fuel","9464.65","fr","contactless","eur"
"3557","3507","11944","11073","2025-12-21","digital_services","8821.93","de","wallet","usd"
"3558","10062","22968","7100","2025-06-30","cash_advance","6.9","br","manual_keyed","eur"
"3559","6929","4203","8804","2025-01-11","jewelry","268.44","sg","chip","cad"
"3560","10930","3655","3311","2025-02-01","cash_advance","846.54","sg","chip","eur"
"3561","5799","10106","8389","2025-01-15","fuel","7158.39","de","wallet","gbp"
"3562","17678","5535","1002","2025-07-11","cash_advance","213.29","mx","manual_keyed","cad"
"3563","682","10389","5041","2025-05-10","grocery","2896.04","uk","wallet","gbp"
"3564","15664","13737","1684","2025-07-26","travel","8001.09","mx","chip","usd"
"3565","5744","18325","10278","2025-11-30","grocery","806.33","mx","chip","eur"
"3566","5027","21753","7225","2025-10-07","grocery","9100.53","fr","wallet","usd"
"3567","16998","21570","8753","2025-08-12","travel","2165.5","uk","chip","eur"
"3568","1918","4446","3278","2025-12-12","jewelry","1838.26","us","manual_keyed","cad"
"3569","13190","18714","13145","2025-01-30","jewelry","1694.51","uk","wallet","eur"
"3570","2645","4783","4315","2025-07-03","digital_services","7795.74","de","ecommerce","gbp"
"3571","7037","20778","6749","2025-12-17","grocery","3692.97","de","chip","eur"
"3572","3215","4601","2769","2025-04-25","grocery","2018.26","uk","manual_keyed","cad"
"3573","3271","16017","8962","2025-04-08","cash_advance","7764.13","de","wallet","gbp"
"3574","3041","17315","12335","2025-09-30","travel","2440.57","mx","contactless","usd"
"3575","11129","22744","14619","2025-05-05","jewelry","4799.12","fr","chip","usd"
"3576","12695","21155","3575","2025-11-27","jewelry","7277.79","fr","chip","gbp"
"3577","2984","14754","4625","2025-05-08","travel","2349.41","br","chip","eur"
"3578","2222","6460","6631","2025-11-13","grocery","1647.64","sg","chip","eur"
"3579","4719","8456","13916","2025-11-28","jewelry","5229.65","ae","contactless","eur"
"3580","7413","10679","6380","2025-04-01","cash_advance","7177.33","sg","wallet","eur"
"3581","13722","14310","7722","2025-10-08","electronics","1356.0","ae","wallet","cad"
"3582","11703","20871","5830","2025-12-03","gaming","4738.96","fr","ecommerce","cad"
"3583","14907","15685","4994","2025-08-05","travel","8435.52","br","chip","eur"
"3584","9842","17876","10862","2025-02-08","digital_services","4824.94","fr","contactless","eur"
"3585","5697","24118","7978","2025-09-19","digital_services","3143.0","mx","chip","cad"
"3586","5630","12061","12330","2025-10-13","grocery","6386.35","de","ecommerce","gbp"
"3587","8644","7836","9967","2025-09-10","digital_services","5959.42","mx","contactless","eur"
"3588","8384","23880","9418","2025-06-15","digital_services","2236.99","de","wallet","gbp"
"3589","4953","21479","11465","2025-06-30","electronics","6207.74","fr","chip","cad"
"3590","8897","22326","8411","2025-10-19","electronics","6434.54","de","ecommerce","usd"
"3591","7146","1212","3971","2025-12-27","digital_services","3451.07","ae","contactless","cad"
"3592","8357","20098","3540","2025-11-26","jewelry","1445.82","mx","ecommerce","cad"
"3593","10018","2102","9681","2025-03-12","travel","7915.56","uk","wallet","usd"
"3594","1821","2168","10878","2025-10-07","gaming","1789.69","fr","wallet","usd"
"3595","498","16308","10637","2025-12-26","gaming","6209.63","uk","ecommerce","usd"
"3596","775","14560","13030","2025-11-18","electronics","8688.73","ae","chip","eur"
"3597","12273","11965","3662","2025-12-20","cash_advance","5139.48","de","contactless","cad"
"3598","14614","3880","7142","2025-12-18","electronics","7827.87","ae","ecommerce","usd"
"3599","10852","6642","14149","2025-07-17","jewelry","440.8","uk","contactless","cad"
"3600","7118","8189","5423","2025-06-30","gaming","2295.13","uk","chip","usd"
"3601","8879","18500","9739","2025-07-04","travel","1996.46","us","wallet","usd"
"3602","17386","13299","9529","2025-09-18","cash_advance","5528.39","uk","manual_keyed","gbp"
"3603","1840","1945","7511","2025-09-24","gaming","7550.61","us","chip","usd"
"3604","14748","4744","65","2025-04-10","cash_advance","5052.42","ae","chip","usd"
"3605","4333","11129","7077","2025-12-14","fuel","4394.7","sg","ecommerce","usd"
"3606","6990","10176","7612","2025-11-18","digital_services","764.48","us","wallet","cad"
"3607","13893","23589","8994","2025-09-30","digital_services","4832.47","fr","chip","cad"
"3608","8885","6179","4291","2025-04-18","cash_advance","1131.08","mx","wallet","cad"
"3609","6820","18047","7963","2025-01-29","digital_services","1331.63","mx","wallet","usd"
"3610","4743","15398","10925","2025-11-12","fuel","2407.32","de","manual_keyed","gbp"
"3611","1709","6813","8909","2025-01-01","travel","3229.85","ae","contactless","cad"
"3612","7258","9688","6662","2025-05-14","cash_advance","966.11","ae","chip","cad"
"3613","12615","23015","11075","2025-02-27","grocery","2182.79","mx","wallet","usd"
"3614","2350","9479","14026","2025-10-02","jewelry","7419.5","uk","ecommerce","gbp"
"3615","16665","2363","9786","2025-12-19","jewelry","6028.97","fr","manual_keyed","eur"
"3616","15798","9857","2752","2025-10-27","grocery","4254.32","fr","contactless","eur"
"3617","7802","12701","679","2025-03-10","electronics","2937.69","fr","manual_keyed","cad"
"3618","3232","3527","14896","2025-02-20","electronics","2663.43","uk","manual_keyed","cad"
"3619","12168","15412","3020","2025-08-31","digital_services","4558.87","br","contactless","cad"
"3620","589","8727","9055","2025-12-13","cash_advance","6080.31","uk","contactless","cad"
"3621","17806","23176","5046","2025-09-13","grocery","3780.54","us","manual_keyed","eur"
"3622","13870","21714","12122","2025-11-05","cash_advance","3925.86","br","ecommerce","gbp"
"3623","177","20335","2980","2025-12-16","cash_advance","1551.97","de","contactless","gbp"
"3624","13287","11755","7881","2025-04-24","electronics","8318.29","mx","wallet","usd"
"3625","5121","23814","4369","2025-07-02","jewelry","2889.17","us","manual_keyed","eur"
"3626","8165","9703","12902","2025-12-01","jewelry","1275.93","de","manual_keyed","eur"
"3627","12043","15547","11019","2025-03-15","digital_services","6284.46","us","ecommerce","usd"
"3628","4924","5477","3346","2025-08-01","digital_services","2136.9","sg","chip","eur"
"3629","10539","4172","14392","2025-06-16","cash_advance","8629.54","uk","chip","gbp"
"3630","8341","8207","4440","2025-08-25","cash_advance","8405.92","sg","contactless","gbp"
"3631","3408","3569","2231","2025-09-20","digital_services","2946.41","us","chip","usd"
"3632","14581","9277","12539","2025-08-18","electronics","3787.48","br","chip","usd"
"3633","6710","7951","10682","2025-05-23","fuel","9121.56","mx","chip","cad"
"3634","2722","21417","10430","2025-03-31","travel","3247.95","sg","contactless","eur"
"3635","10997","10121","10630","2025-10-29","jewelry","8366.61","ae","manual_keyed","eur"
"3636","283","5021","161","2025-02-09","jewelry","8668.95","fr","contactless","cad"
"3637","14652","23931","12486","2025-10-24","cash_advance","7351.78","ae","chip","gbp"
"3638","12338","12743","3316","2025-01-06","cash_advance","5201.34","br","wallet","eur"
"3639","114","948","8844","2025-11-23","gaming","3695.89","br","ecommerce","cad"
"3640","6229","22396","5934","2025-10-16","digital_services","3552.04","sg","contactless","eur"
"3641","14102","12042","14582","2025-07-01","travel","8899.5","us","chip","eur"
"3642","17390","691","12756","2025-03-24","digital_services","6509.89","sg","wallet","eur"
"3643","8474","11762","745","2025-03-22","electronics","1505.07","br","chip","eur"
"3644","13793","9519","10153","2025-05-08","jewelry","7392.23","uk","wallet","eur"
"3645","11126","13787","14069","2025-10-22","travel","1509.08","fr","wallet","cad"
"3646","14359","15197","11482","2025-03-16","electronics","8354.14","ae","contactless","cad"
"3647","6760","21722","4838","2025-09-02","cash_advance","7134.03","fr","manual_keyed","cad"
"3648","8737","2451","7662","2025-11-28","electronics","1660.73","br","ecommerce","cad"
"3649","10516","8474","8586","2025-03-22","fuel","4322.69","ae","manual_keyed","usd"
"3650","6684","14384","4070","2025-01-06","grocery","2446.24","ae","wallet","cad"
"3651","5512","13726","861","2025-03-21","fuel","8495.77","sg","wallet","gbp"
"3652","2058","1620","3232","2025-10-27","digital_services","5954.65","br","manual_keyed","usd"
"3653","10020","6803","1734","2025-10-22","travel","4532.45","uk","wallet","usd"
"3654","11344","2176","5707","2025-10-17","gaming","803.01","ae","manual_keyed","gbp"
"3655","6334","23713","13654","2025-03-23","digital_services","6047.53","de","manual_keyed","usd"
"3656","17200","23414","9056","2025-07-21","electronics","1505.88","br","contactless","cad"
"3657","16444","20969","8636","2025-11-16","cash_advance","2584.54","us","ecommerce","eur"
"3658","4709","20099","5623","2025-12-11","fuel","4155.46","us","chip","gbp"
"3659","2099","9390","5865","2025-10-10","cash_advance","6976.36","fr","chip","usd"
"3660","6398","8149","2028","2025-06-22","jewelry","1281.09","ae","wallet","cad"
"3661","10950","22512","9846","2025-02-23","grocery","1855.37","us","chip","cad"
"3662","13096","6235","11336","2025-09-06","digital_services","7751.69","de","ecommerce","gbp"
"3663","80","15903","14085","2025-04-09","digital_services","1652.12","de","chip","gbp"
"3664","2442","13525","1476","2025-05-30","gaming","1381.99","br","wallet","usd"
"3665","10796","4696","3149","2025-07-09","digital_services","1067.77","uk","ecommerce","usd"
"3666","7097","23933","13337","2025-05-16","fuel","2732.64","mx","wallet","cad"
"3667","13153","13549","8514","2025-11-07","electronics","8123.99","us","chip","gbp"
"3668","15584","21262","4651","2025-08-15","gaming","2713.35","uk","chip","usd"
"3669","6139","21982","10942","2025-08-05","electronics","107.92","de","chip","eur"
"3670","1907","20706","11139","2025-07-21","digital_services","8112.53","br","contactless","gbp"
"3671","9498","8230","9816","2025-07-07","fuel","2058.95","sg","ecommerce","cad"
"3672","3153","22730","9827","2025-09-20","electronics","7906.28","sg","wallet","usd"
"3673","2779","5899","5469","2025-10-06","jewelry","4174.19","uk","contactless","eur"
"3674","16283","23989","1969","2025-03-08","fuel","970.05","de","wallet","usd"
"3675","9136","6446","4390","2025-07-08","cash_advance","3966.76","mx","manual_keyed","cad"
"3676","11105","19942","7014","2025-12-14","jewelry","6465.78","sg","wallet","gbp"
"3677","3969","5934","13103","2025-08-04","gaming","712.88","uk","ecommerce","cad"
"3678","2369","21299","13716","2025-09-19","jewelry","1765.11","mx","ecommerce","cad"
"3679","7495","280","10410","2025-09-03","electronics","9208.49","us","ecommerce","cad"
"3680","6868","18889","5734","2025-05-18","grocery","1882.09","sg","manual_keyed","usd"
"3681","7192","12862","1458","2025-09-01","electronics","8520.59","fr","ecommerce","cad"
"3682","15226","16780","10225","2025-05-09","digital_services","4018.77","uk","chip","eur"
"3683","10149","15413","9260","2025-08-18","digital_services","8977.46","fr","chip","usd"
"3684","11113","6343","13759","2025-07-05","jewelry","662.15","sg","chip","eur"
"3685","13370","17760","11119","2025-06-23","electronics","5714.02","ae","chip","usd"
"3686","3150","6652","11439","2025-07-06","cash_advance","1887.85","ae","ecommerce","gbp"
"3687","13777","11075","704","2025-09-26","grocery","2095.22","ae","ecommerce","usd"
"3688","8051","14061","6597","2025-03-02","gaming","4637.16","sg","manual_keyed","cad"
"3689","3199","5459","13372","2025-08-31","cash_advance","5250.48","sg","contactless","eur"
"3690","10184","1416","11239","2025-04-05","fuel","4606.89","us","ecommerce","usd"
"3691","15356","12032","5543","2025-04-02","grocery","3101.6","us","contactless","eur"
"3692","8949","17956","1640","2025-05-24","gaming","4309.57","sg","chip","cad"
"3693","16353","15985","14403","2025-12-20","cash_advance","587.69","sg","chip","usd"
"3694","3986","10802","8990","2025-07-12","jewelry","4123.62","us","contactless","cad"
"3695","15091","20331","7850","2025-06-18","fuel","3970.14","br","wallet","usd"
"3696","10182","11468","4994","2025-11-26","electronics","4748.45","sg","manual_keyed","eur"
"3697","4209","12207","1744","2025-07-25","cash_advance","9409.08","ae","chip","eur"
"3698","13395","5407","12983","2025-05-15","grocery","3132.9","mx","chip","cad"
"3699","10639","13956","9706","2025-02-13","travel","896.56","ae","chip","cad"
"3700","9643","542","2080","2025-04-10","fuel","169.66","uk","ecommerce","gbp"
"3701","7638","8127","6553","2025-03-31","fuel","1964.94","ae","ecommerce","cad"
"3702","10200","15776","4480","2025-11-11","grocery","367.65","us","wallet","eur"
"3703","7194","7779","3605","2025-06-02","gaming","3130.3","mx","ecommerce","gbp"
"3704","11392","10451","13786","2025-06-10","digital_services","591.0","fr","ecommerce","cad"
"3705","9846","16238","11366","2025-08-10","travel","8856.05","de","wallet","usd"
"3706","13391","14555","11092","2025-03-08","jewelry","5266.71","sg","ecommerce","cad"
"3707","550","12918","3208","2025-10-04","electronics","7926.44","uk","manual_keyed","gbp"
"3708","2457","16390","848","2025-05-19","electronics","7942.49","ae","wallet","eur"
"3709","9355","21526","3266","2025-01-20","gaming","8303.01","br","contactless","gbp"
"3710","13519","15538","12696","2025-10-29","digital_services","9429.46","uk","ecommerce","gbp"
"3711","7251","8880","1517","2025-03-10","cash_advance","5448.1","uk","ecommerce","eur"
"3712","13901","22028","1978","2025-05-25","travel","85.67","us","ecommerce","gbp"
"3713","11077","18319","9505","2025-04-10","cash_advance","3893.81","sg","chip","usd"
"3714","16461","2704","13203","2025-07-08","fuel","5775.89","mx","chip","gbp"
"3715","101","10363","4575","2025-05-05","electronics","550.5","de","ecommerce","gbp"
"3716","1487","7991","10551","2025-06-05","electronics","3766.53","sg","chip","eur"
"3717","9637","13390","6604","2025-07-22","fuel","6390.9","br","wallet","cad"
"3718","15951","8667","13039","2025-07-30","fuel","1857.5","us","manual_keyed","eur"
"3719","11251","16755","6524","2025-12-15","grocery","4894.68","uk","chip","eur"
"3720","1668","4552","7684","2025-06-20","digital_services","5443.05","mx","ecommerce","eur"
"3721","2051","18783","102","2025-08-08","fuel","2895.25","sg","manual_keyed","eur"
"3722","8522","19948","9409","2025-09-26","electronics","924.37","uk","manual_keyed","cad"
"3723","325","6898","12790","2025-07-13","cash_advance","7024.8","us","chip","eur"
"3724","9541","15540","3346","2025-07-20","cash_advance","1868.0","mx","manual_keyed","usd"
"3725","16942","5310","2350","2025-12-20","jewelry","7292.89","mx","contactless","cad"
"3726","6391","17794","14598","2025-05-18","digital_services","4005.54","sg","wallet","usd"
"3727","6959","20461","11390","2025-01-30","jewelry","2701.01","ae","manual_keyed","usd"
"3728","11628","4610","8775","2025-07-14","gaming","7509.53","fr","contactless","eur"
"3729","7767","2512","10609","2025-07-10","jewelry","4658.14","fr","ecommerce","gbp"
"3730","11946","16666","14220","2025-09-23","jewelry","9270.87","us","chip","gbp"
"3731","16588","3017","13819","2025-02-23","fuel","5842.04","br","chip","cad"
"3732","293","14435","2392","2025-06-19","fuel","6239.42","sg","wallet","eur"
"3733","12888","16298","14136","2025-01-03","electronics","6297.09","us","contactless","gbp"
"3734","10468","13608","972","2025-03-03","jewelry","7701.77","sg","wallet","cad"
"3735","11657","5406","3431","2025-08-23","jewelry","3102.22","de","contactless","eur"
"3736","5018","14196","492","2025-09-19","jewelry","796.62","br","contactless","cad"
"3737","15822","9947","13897","2025-04-15","fuel","3033.85","ae","contactless","cad"
"3738","17791","17574","6222","2025-10-07","grocery","546.26","fr","chip","eur"
"3739","7170","22979","10980","2025-01-06","travel","7421.03","br","wallet","cad"
"3740","5855","22956","7875","2025-08-23","electronics","5623.09","de","ecommerce","cad"
"3741","10641","12830","14494","2025-09-25","grocery","2907.66","de","chip","usd"
"3742","17659","18177","3407","2025-05-20","digital_services","7655.62","sg","manual_keyed","gbp"
"3743","12772","11997","14389","2025-01-03","gaming","5107.15","uk","wallet","cad"
"3744","4485","4409","12550","2025-10-14","cash_advance","309.95","us","chip","gbp"
"3745","9023","21928","6156","2025-04-02","jewelry","2356.01","sg","manual_keyed","cad"
"3746","16571","12758","10267","2025-01-22","fuel","975.83","de","manual_keyed","eur"
"3747","5959","16391","2746","2025-09-25","electronics","3385.09","uk","manual_keyed","gbp"
"3748","13223","10481","4218","2025-08-18","electronics","3833.95","br","chip","gbp"
"3749","6012","11602","9506","2025-12-21","electronics","3041.61","ae","wallet","eur"
"3750","1687","7039","7813","2025-06-02","gaming","7470.81","fr","wallet","gbp"
"3751","2012","5941","9680","2025-06-09","digital_services","2732.47","de","chip","usd"
"3752","16774","21036","8364","2025-05-15","jewelry","5547.86","sg","ecommerce","cad"
"3753","11776","2209","7938","2025-01-13","fuel","8003.85","ae","contactless","gbp"
"3754","14590","11098","3983","2025-07-22","travel","4377.29","de","wallet","cad"
"3755","16115","15132","13909","2025-12-17","cash_advance","3027.56","br","contactless","cad"
"3756","10893","902","10637","2025-07-06","fuel","8309.58","sg","ecommerce","usd"
"3757","15968","15762","9706","2025-11-06","jewelry","3681.95","us","chip","cad"
"3758","9275","2072","4292","2025-09-03","fuel","4046.61","de","contactless","cad"
"3759","12059","2127","352","2025-11-29","grocery","6209.38","fr","wallet","eur"
"3760","1521","22260","10223","2025-07-12","travel","5805.09","us","chip","usd"
"3761","7617","10902","9030","2025-12-09","jewelry","8089.77","fr","contactless","gbp"
"3762","7517","7612","7183","2025-04-26","travel","5824.83","us","chip","eur"
"3763","15908","4385","5946","2025-03-30","jewelry","7268.67","mx","contactless","usd"
"3764","17361","22711","11070","2025-06-13","fuel","2273.4","uk","ecommerce","cad"
"3765","15665","12706","3243","2025-04-19","electronics","3369.25","us","contactless","cad"
"3766","15532","14113","12082","2025-09-17","grocery","5910.84","uk","contactless","cad"
"3767","14812","1829","7461","2025-11-19","digital_services","9178.03","mx","wallet","cad"
"3768","5737","2283","10206","2025-01-07","cash_advance","5738.74","mx","ecommerce","gbp"
"3769","1422","13069","2853","2025-01-17","cash_advance","1177.23","uk","ecommerce","gbp"
"3770","5982","3549","10575","2025-01-23","electronics","891.57","de","contactless","gbp"
"3771","17045","16401","2010","2025-04-28","grocery","695.79","fr","chip","gbp"
"3772","8255","19390","4038","2025-11-02","travel","6537.66","us","wallet","cad"
"3773","15108","19140","12219","2025-11-20","electronics","6956.5","br","wallet","cad"
"3774","14444","21785","8927","2025-07-08","gaming","427.0","sg","wallet","cad"
"3775","3908","11392","4002","2025-12-01","gaming","4331.83","de","wallet","eur"
"3776","7340","4295","7130","2025-09-20","jewelry","3760.01","mx","contactless","cad"
"3777","3672","10334","6114","2025-06-03","jewelry","480.29","de","wallet","usd"
"3778","2133","24272","66","2025-08-16","cash_advance","1558.22","de","manual_keyed","usd"
"3779","5815","5952","1800","2025-04-11","travel","8465.61","fr","contactless","gbp"
"3780","7016","6169","700","2025-08-08","digital_services","754.3","ae","chip","eur"
"3781","12289","172","14365","2025-02-01","cash_advance","8910.5","de","wallet","gbp"
"3782","13834","6429","823","2025-07-11","travel","7057.53","de","wallet","gbp"
"3783","12578","9513","14975","2025-11-07","jewelry","6974.66","fr","manual_keyed","usd"
"3784","16794","22439","4584","2025-12-03","cash_advance","757.83","sg","contactless","usd"
"3785","3706","14676","14282","2025-03-14","cash_advance","5144.8","sg","chip","eur"
"3786","16591","21755","6302","2025-12-20","electronics","2407.98","ae","wallet","eur"
"3787","15144","1620","12089","2025-11-13","jewelry","1993.84","us","contactless","cad"
"3788","14850","17169","587","2025-03-11","fuel","832.39","fr","wallet","gbp"
"3789","3210","18223","7668","2025-09-08","jewelry","890.62","uk","manual_keyed","eur"
"3790","17143","18498","7404","2025-02-17","fuel","5749.61","mx","contactless","eur"
"3791","1668","6115","12877","2025-08-31","fuel","6942.85","uk","contactless","gbp"
"3792","4470","4625","8877","2025-02-01","travel","7275.01","ae","chip","usd"
"3793","17187","4743","5008","2025-05-10","travel","3949.17","de","ecommerce","gbp"
"3794","17487","15856","3267","2025-12-12","jewelry","7287.3","us","manual_keyed","eur"
"3795","9174","7183","6036","2025-01-29","digital_services","6215.18","us","contactless","usd"
"3796","1727","21772","1339","2025-02-05","gaming","1809.04","us","wallet","gbp"
"3797","4120","18225","14762","2025-04-25","cash_advance","6.55","fr","ecommerce","cad"
"3798","14646","8596","1425","2025-12-08","grocery","4732.07","br","contactless","eur"
"3799","1260","12264","6104","2025-08-21","jewelry","7266.96","mx","wallet","usd"
"3800","15172","17725","4603","2025-06-10","fuel","1237.58","fr","ecommerce","eur"
"3801","9071","14446","3011","2025-02-02","grocery","7273.56","uk","ecommerce","eur"
"3802","11086","11538","7468","2025-08-04","jewelry","5688.16","fr","contactless","cad"
"3803","13336","14254","140","2025-05-27","travel","6844.84","uk","manual_keyed","gbp"
"3804","16847","18643","11603","2025-12-15","fuel","3889.28","fr","wallet","eur"
"3805","6502","23502","330","2025-12-14","jewelry","3434.54","de","contactless","gbp"
"3806","16040","15406","11217","2025-06-13","gaming","1168.15","uk","wallet","usd"
"3807","14345","18708","8930","2025-08-06","cash_advance","3355.65","us","contactless","gbp"
"3808","8321","20650","11374","2025-09-21","fuel","180.59","uk","contactless","gbp"
"3809","16831","3652","2123","2025-10-19","cash_advance","9448.74","mx","wallet","eur"
"3810","3127","13571","7854","2025-06-06","fuel","7515.91","mx","wallet","cad"
"3811","17425","3384","12124","2025-06-05","travel","4280.75","mx","manual_keyed","eur"
"3812","17845","5405","12443","2025-02-22","cash_advance","5322.32","ae","contactless","cad"
"3813","7247","21895","13413","2025-08-03","travel","8171.21","sg","contactless","eur"
"3814","9747","23796","10538","2025-04-06","jewelry","7249.38","ae","contactless","eur"
"3815","5272","14236","13841","2025-02-07","travel","8070.07","mx","chip","cad"
"3816","4326","12976","2619","2025-05-11","cash_advance","247.35","us","manual_keyed","usd"
"3817","11893","22843","669","2025-06-12","gaming","8008.48","us","ecommerce","gbp"
"3818","12408","8196","7860","2025-02-16","grocery","9276.14","mx","contactless","usd"
"3819","16797","21223","13320","2025-09-06","cash_advance","7112.58","us","manual_keyed","usd"
"3820","349","438","4187","2025-04-16","cash_advance","950.46","mx","wallet","eur"
"3821","9101","15369","3785","2025-09-10","cash_advance","8362.28","ae","ecommerce","usd"
"3822","7006","1458","7310","2025-05-22","jewelry","5936.62","br","manual_keyed","cad"
"3823","7393","5380","2720","2025-04-05","electronics","2004.23","uk","manual_keyed","eur"
"3824","12161","3758","985","2025-03-07","travel","8574.27","fr","ecommerce","gbp"
"3825","3359","7634","1831","2025-11-06","travel","5897.78","us","ecommerce","gbp"
"3826","16684","16961","4314","2025-07-28","grocery","1033.52","us","chip","cad"
"3827","2571","1264","1654","2025-03-22","electronics","1781.78","ae","ecommerce","eur"
"3828","13828","695","5798","2025-12-10","fuel","827.4","fr","manual_keyed","eur"
"3829","10693","17787","10190","2025-10-26","jewelry","5323.2","fr","contactless","gbp"
"3830","16041","5499","3473","2025-10-09","fuel","7839.65","br","manual_keyed","cad"
"3831","465","12418","4960","2025-02-20","travel","6758.17","uk","contactless","usd"
"3832","6087","3393","2848","2025-10-04","electronics","5182.22","uk","contactless","usd"
"3833","2238","2633","2325","2025-03-01","digital_services","4316.73","de","wallet","gbp"
"3834","6167","8882","13448","2025-06-02","gaming","1880.99","de","manual_keyed","eur"
"3835","11484","10297","9256","2025-05-29","jewelry","6730.04","ae","chip","eur"
"3836","681","12191","8283","2025-01-25","grocery","8029.86","mx","wallet","usd"
"3837","5690","1486","8066","2025-05-28","travel","8934.3","de","manual_keyed","eur"
"3838","5103","15134","13115","2025-05-20","electronics","8729.4","sg","contactless","cad"
"3839","13006","12743","10952","2025-09-18","digital_services","8871.41","fr","ecommerce","cad"
"3840","15083","22915","2905","2025-03-15","gaming","5557.7","sg","ecommerce","usd"
"3841","17806","868","3482","2025-11-12","digital_services","580.81","sg","wallet","usd"
"3842","9931","2401","14034","2025-08-25","cash_advance","9368.64","us","wallet","cad"
"3843","10219","14121","11598","2025-08-12","digital_services","2483.94","sg","ecommerce","usd"
"3844","13804","5928","10568","2025-07-07","travel","1801.66","de","manual_keyed","cad"
"3845","12046","6494","7591","2025-04-02","travel","4717.17","mx","contactless","cad"
"3846","12841","4472","12661","2025-05-27","electronics","7090.13","de","ecommerce","cad"
"3847","5028","9635","3263","2025-01-03","electronics","3659.71","br","manual_keyed","eur"
"3848","16529","16557","5814","2025-02-11","cash_advance","2963.66","sg","wallet","gbp"
"3849","16289","10973","4218","2025-05-31","jewelry","6341.19","br","wallet","eur"
"3850","8998","17180","12773","2025-10-04","jewelry","5042.24","sg","ecommerce","cad"
"3851","15908","2649","11577","2025-09-11","gaming","7365.95","mx","ecommerce","gbp"
"3852","1197","7284","14544","2025-05-21","grocery","651.36","sg","wallet","cad"
"3853","17521","17500","3018","2025-01-15","fuel","3459.02","br","manual_keyed","cad"
"3854","2382","26","3348","2025-02-25","gaming","970.91","fr","manual_keyed","eur"
"3855","13544","22100","5275","2025-05-21","gaming","756.82","uk","manual_keyed","usd"
"3856","16907","14421","2422","2025-05-18","digital_services","1518.35","uk","wallet","eur"
"3857","6866","11566","3461","2025-01-03","jewelry","5456.54","ae","ecommerce","usd"
"3858","8158","20123","11478","2025-11-12","gaming","1725.34","fr","chip","cad"
"3859","12255","20368","7990","2025-03-24","electronics","2697.62","br","wallet","cad"
"3860","14990","2178","614","2025-12-06","jewelry","1212.64","mx","contactless","gbp"
"3861","14891","6502","10221","2025-01-30","cash_advance","716.04","mx","chip","usd"
"3862","16796","3228","2096","2025-05-03","fuel","5977.22","us","chip","usd"
"3863","563","7650","2113","2025-12-16","gaming","3294.02","mx","chip","gbp"
"3864","10321","19433","8766","2025-03-26","travel","7232.87","br","chip","cad"
"3865","16489","18944","9562","2025-06-17","grocery","8919.63","us","chip","eur"
"3866","11422","21719","12285","2025-07-10","cash_advance","8283.13","us","contactless","gbp"
"3867","4308","10396","4989","2025-01-30","fuel","5979.57","us","ecommerce","cad"
"3868","5570","13313","5473","2025-07-09","electronics","3607.6","sg","wallet","eur"
"3869","2972","17313","14335","2025-10-13","cash_advance","7149.2","ae","ecommerce","eur"
"3870","8445","22613","3568","2025-01-20","fuel","2730.78","fr","contactless","gbp"
"3871","15016","21656","3829","2025-10-09","grocery","1025.18","mx","chip","usd"
"3872","8096","4353","11614","2025-11-18","gaming","1324.3","fr","contactless","eur"
"3873","13050","4061","3856","2025-01-17","jewelry","7230.43","us","chip","eur"
"3874","16795","18401","2533","2025-12-22","jewelry","927.85","ae","ecommerce","usd"
"3875","747","10699","2875","2025-07-30","grocery","3132.42","br","ecommerce","cad"
"3876","356","7627","14620","2025-10-21","jewelry","1066.94","uk","ecommerce","usd"
"3877","6933","19808","14655","2025-07-25","gaming","8897.43","sg","chip","cad"
"3878","1500","16854","14793","2025-05-25","fuel","9253.01","fr","manual_keyed","usd"
"3879","335","11749","9473","2025-12-31","travel","6976.86","de","ecommerce","cad"
"3880","701","19504","7337","2025-05-12","digital_services","2726.49","br","chip","eur"
"3881","9203","12988","260","2025-06-03","electronics","5399.76","ae","ecommerce","usd"
"3882","8783","23924","5427","2025-09-02","electronics","3445.9","ae","chip","gbp"
"3883","17660","2482","4725","2025-03-16","travel","6310.15","de","manual_keyed","cad"
"3884","4952","12050","3156","2025-01-24","electronics","4891.73","ae","contactless","cad"
"3885","15803","12639","11762","2025-05-14","fuel","1553.78","mx","ecommerce","eur"
"3886","11041","892","6967","2025-10-13","gaming","7325.37","mx","chip","cad"
"3887","1965","8607","10589","2025-09-22","grocery","2143.4","fr","ecommerce","cad"
"3888","12647","3717","1553","2025-08-25","cash_advance","6802.87","sg","wallet","cad"
"3889","7968","18612","9783","2025-01-04","jewelry","1245.28","ae","manual_keyed","gbp"
"3890","511","11148","4794","2025-11-02","cash_advance","2483.56","br","manual_keyed","gbp"
"3891","9404","2851","6107","2025-07-27","gaming","2029.7","us","ecommerce","usd"
"3892","8087","22642","5799","2025-12-12","digital_services","162.22","mx","chip","gbp"
"3893","15233","12113","11963","2025-04-08","gaming","1413.1","de","manual_keyed","gbp"
"3894","12010","23759","3320","2025-12-18","electronics","6912.44","br","contactless","eur"
"3895","2152","12136","10784","2025-08-08","electronics","5326.72","fr","wallet","cad"
"3896","10885","7504","4758","2025-12-27","fuel","8574.11","mx","chip","usd"
"3897","13173","5973","8956","2025-02-27","gaming","4247.55","us","manual_keyed","gbp"
"3898","5213","13466","11082","2025-09-11","fuel","8637.74","ae","wallet","eur"
"3899","8554","9424","8576","2025-07-29","grocery","6028.96","us","chip","usd"
"3900","16601","22495","4098","2025-11-21","digital_services","1223.25","de","ecommerce","gbp"
"3901","9723","6222","12791","2025-12-29","gaming","6077.89","fr","contactless","cad"
"3902","2184","9465","3547","2025-12-26","cash_advance","4061.61","us","manual_keyed","cad"
"3903","5262","12076","6977","2025-05-04","grocery","1467.22","uk","manual_keyed","eur"
"3904","787","12784","12526","2025-04-19","cash_advance","8479.32","ae","wallet","usd"
"3905","8115","13389","7295","2025-09-24","grocery","3236.1","mx","chip","eur"
"3906","1064","4781","8663","2025-06-13","fuel","9299.43","mx","ecommerce","usd"
"3907","12289","19149","13383","2025-09-29","digital_services","2675.95","fr","chip","usd"
"3908","17092","14899","14640","2025-02-18","gaming","8741.98","mx","wallet","eur"
"3909","16115","11285","10251","2025-03-12","cash_advance","3661.19","ae","chip","gbp"
"3910","8793","16093","8810","2025-04-24","gaming","6206.53","de","chip","eur"
"3911","4621","21198","14073","2025-08-05","jewelry","1058.99","us","wallet","usd"
"3912","4743","16429","14210","2025-01-29","digital_services","3699.52","de","contactless","eur"
"3913","10644","23522","4807","2025-03-25","fuel","7306.17","br","wallet","cad"
"3914","8647","2911","1168","2025-03-07","fuel","1431.25","sg","wallet","gbp"
"3915","1180","10793","8395","2025-02-17","travel","7653.89","sg","wallet","cad"
"3916","17352","3146","7557","2025-12-28","cash_advance","3235.29","uk","ecommerce","gbp"
"3917","11628","12929","7555","2025-05-21","gaming","254.11","sg","contactless","cad"
"3918","4866","9969","5495","2025-04-11","electronics","3853.47","mx","contactless","usd"
"3919","11253","20139","13820","2025-02-09","gaming","8495.6","mx","contactless","cad"
"3920","1187","14540","750","2025-09-22","digital_services","7381.65","br","contactless","gbp"
"3921","3773","11314","5820","2025-05-17","cash_advance","7161.85","sg","manual_keyed","gbp"
"3922","1570","15923","7746","2025-01-24","electronics","8884.27","de","contactless","eur"
"3923","14036","14208","3179","2025-02-09","digital_services","4171.36","sg","ecommerce","eur"
"3924","14493","24085","14248","2025-04-08","gaming","2767.23","uk","ecommerce","eur"
"3925","5045","8004","4463","2025-10-13","grocery","7015.63","de","contactless","eur"
"3926","8315","9640","1611","2025-01-22","cash_advance","2284.49","fr","wallet","eur"
"3927","3347","1989","6597","2025-05-01","travel","793.97","de","contactless","cad"
"3928","408","16098","6698","2025-05-18","fuel","8949.37","us","manual_keyed","usd"
"3929","11097","9419","11546","2025-06-30","gaming","7503.67","sg","chip","usd"
"3930","3780","16505","9932","2025-03-22","gaming","1047.33","ae","wallet","usd"
"3931","13324","4375","13961","2025-11-26","travel","9068.43","br","contactless","cad"
"3932","6499","1013","1721","2025-06-15","travel","8787.94","br","wallet","gbp"
"3933","13825","14799","13638","2025-02-27","jewelry","1019.72","us","manual_keyed","gbp"
"3934","4041","7959","13429","2025-08-11","fuel","5075.28","mx","wallet","eur"
"3935","15062","20913","3514","2025-01-17","travel","6433.26","us","wallet","eur"
"3936","11635","15416","4722","2025-12-21","digital_services","3514.88","mx","chip","usd"
"3937","10545","372","12240","2025-11-17","grocery","2756.12","sg","manual_keyed","usd"
"3938","16736","18259","2564","2025-10-27","cash_advance","266.34","ae","chip","cad"
"3939","17621","14488","5940","2025-08-30","fuel","4170.35","sg","ecommerce","gbp"
"3940","7223","19654","10718","2025-05-27","gaming","6508.13","us","manual_keyed","usd"
"3941","3032","7980","13785","2025-03-06","gaming","8216.77","mx","wallet","gbp"
"3942","17887","5993","11780","2025-05-08","travel","9331.85","mx","manual_keyed","gbp"
"3943","7458","10840","5631","2025-06-03","grocery","2695.95","de","wallet","cad"
"3944","2158","2265","14422","2025-12-16","digital_services","7026.57","sg","manual_keyed","usd"
"3945","8136","14848","886","2025-07-28","gaming","8313.27","uk","chip","usd"
"3946","1746","12023","12157","2025-09-25","jewelry","8422.04","ae","wallet","gbp"
"3947","11053","14979","14811","2025-04-11","cash_advance","1146.59","us","chip","cad"
"3948","3336","446","6116","2025-06-17","cash_advance","5947.3","fr","wallet","eur"
"3949","14857","11777","2374","2025-11-18","cash_advance","4990.61","mx","manual_keyed","cad"
"3950","9843","21519","237","2025-11-27","electronics","468.05","br","ecommerce","eur"
"3951","10586","7219","12624","2025-05-13","digital_services","8686.33","uk","chip","gbp"
"3952","2939","7997","9090","2025-05-08","electronics","8363.54","de","wallet","eur"
"3953","2692","17149","3524","2025-02-20","cash_advance","8271.79","de","contactless","usd"
"3954","16551","9095","6630","2025-09-05","jewelry","2896.23","de","chip","eur"
"3955","7690","22699","11039","2025-10-03","fuel","2879.28","ae","manual_keyed","eur"
"3956","11862","2528","4663","2025-08-16","digital_services","6047.25","br","contactless","usd"
"3957","16284","13668","10367","2025-08-04","fuel","1862.38","mx","manual_keyed","gbp"
"3958","4204","10363","5075","2025-01-11","fuel","6255.94","br","ecommerce","eur"
"3959","15701","4952","12611","2025-07-12","jewelry","4971.4","mx","wallet","gbp"
"3960","325","20068","3370","2025-07-21","travel","2573.87","us","contactless","usd"
"3961","12355","7157","13872","2025-04-15","fuel","7552.15","ae","manual_keyed","gbp"
"3962","9314","19782","222","2025-03-14","electronics","5471.66","sg","manual_keyed","gbp"
"3963","10302","12802","5531","2025-12-30","travel","1520.28","sg","wallet","cad"
"3964","4833","12046","491","2025-02-09","cash_advance","999.16","ae","wallet","gbp"
"3965","14429","24010","660","2025-02-20","grocery","5575.97","uk","chip","eur"
"3966","6446","17877","13868","2025-07-21","travel","4857.32","mx","manual_keyed","gbp"
"3967","255","8764","8419","2025-10-08","travel","1229.36","br","wallet","usd"
"3968","6285","20650","5489","2025-11-23","fuel","5733.98","sg","ecommerce","gbp"
"3969","10954","11870","4306","2025-04-18","fuel","4144.42","us","manual_keyed","eur"
"3970","8551","2339","6091","2025-09-10","electronics","2637.35","us","manual_keyed","eur"
"3971","4273","18831","373","2025-08-10","electronics","1722.17","ae","contactless","eur"
"3972","15192","21736","9449","2025-12-23","fuel","4326.45","br","wallet","usd"
"3973","5132","10049","6509","2025-01-16","jewelry","5154.24","br","chip","cad"
"3974","17913","9257","2373","2025-08-24","cash_advance","4729.89","uk","contactless","eur"
"3975","8764","17976","11232","2025-07-30","digital_services","3877.18","de","ecommerce","usd"
"3976","8966","16239","9486","2025-08-24","travel","6356.91","us","wallet","cad"
"3977","15335","6481","5821","2025-05-16","electronics","6393.67","de","ecommerce","cad"
"3978","13571","9580","6852","2025-11-13","gaming","905.88","ae","ecommerce","cad"
"3979","11364","15013","4510","2025-07-21","digital_services","6671.91","us","manual_keyed","gbp"
"3980","14197","5814","8606","2025-05-24","travel","8281.25","mx","wallet","cad"
"3981","2077","6919","10625","2025-11-26","electronics","247.29","de","contactless","cad"
"3982","9044","17925","10975","2025-02-17","electronics","2952.68","fr","chip","cad"
"3983","12050","3675","1955","2025-09-29","fuel","4632.69","de","manual_keyed","usd"
"3984","16215","16482","713","2025-09-06","gaming","4235.03","br","ecommerce","usd"
"3985","603","8359","5516","2025-11-12","gaming","2880.12","fr","contactless","usd"
"3986","16993","994","11250","2025-04-10","electronics","4368.84","br","wallet","cad"
"3987","15111","22601","847","2025-04-18","electronics","3563.7","sg","manual_keyed","eur"
"3988","14049","7854","2259","2025-07-21","jewelry","2807.58","fr","contactless","eur"
"3989","17568","18115","9257","2025-12-17","jewelry","2149.29","uk","contactless","eur"
"3990","16366","21310","4550","2025-03-05","gaming","1390.17","ae","chip","eur"
"3991","4464","23408","9798","2025-06-28","grocery","5610.1","ae","wallet","cad"
"3992","9836","19724","11672","2025-04-01","jewelry","6078.1","br","ecommerce","cad"
"3993","8188","19420","3848","2025-12-01","electronics","5350.85","us","manual_keyed","cad"
"3994","962","18234","5724","2025-11-16","cash_advance","5454.77","uk","manual_keyed","eur"
"3995","17521","13009","9720","2025-12-06","electronics","1443.61","ae","contactless","gbp"
"3996","13058","14896","1138","2025-04-29","electronics","8048.66","fr","wallet","gbp"
"3997","8111","16979","10659","2025-12-07","gaming","324.21","de","ecommerce","gbp"
"3998","9911","4729","14620","2025-06-11","cash_advance","8125.0","mx","ecommerce","usd"
"3999","4716","19270","6483","2025-07-02","fuel","9289.9","de","chip","usd"
"4000","2729","8763","12596","2025-03-15","gaming","7733.15","br","wallet","usd"
"4001","17338","24143","12083","2025-06-27","grocery","3337.65","ae","chip","eur"
"4002","4650","2377","6463","2025-04-04","jewelry","5229.54","fr","ecommerce","usd"
"4003","11550","1106","11989","2025-04-07","travel","4833.75","us","chip","cad"
"4004","7626","12243","9471","2025-08-14","travel","5653.76","sg","ecommerce","gbp"
"4005","9485","22357","9542","2025-11-08","grocery","3924.32","sg","chip","cad"
"4006","11170","14769","8541","2025-06-22","electronics","5891.02","ae","ecommerce","gbp"
"4007","8349","5421","4724","2025-09-29","gaming","6335.75","br","manual_keyed","gbp"
"4008","14700","22902","8675","2025-08-29","fuel","1245.47","uk","ecommerce","eur"
"4009","4706","24073","8295","2025-10-08","fuel","6435.13","br","ecommerce","gbp"
"4010","10187","19149","587","2025-01-02","cash_advance","2100.79","uk","chip","cad"
"4011","13366","3224","8938","2025-06-17","travel","4156.14","mx","ecommerce","gbp"
"4012","11577","22100","9160","2025-05-10","grocery","4314.33","mx","ecommerce","usd"
"4013","13621","12710","1996","2025-06-29","fuel","1393.52","fr","wallet","usd"
"4014","10920","12706","12578","2025-09-27","gaming","6026.1","fr","manual_keyed","cad"
"4015","729","5758","448","2025-07-20","grocery","7010.74","de","ecommerce","eur"
"4016","9588","11549","11003","2025-03-26","fuel","6698.12","mx","manual_keyed","gbp"
"4017","2512","21697","10436","2025-12-16","gaming","1322.76","ae","ecommerce","cad"
"4018","5299","5472","4319","2025-09-23","gaming","7996.95","fr","ecommerce","eur"
"4019","1634","806","5039","2025-08-05","gaming","2076.71","us","wallet","cad"
"4020","12643","8528","3034","2025-06-20","grocery","2230.54","uk","manual_keyed","cad"
"4021","11032","13663","3472","2025-03-30","jewelry","935.1","us","chip","cad"
"4022","10583","17684","8260","2025-04-30","fuel","2221.17","ae","ecommerce","usd"
"4023","10922","1251","11091","2025-12-02","electronics","5669.37","fr","contactless","usd"
"4024","14790","17521","1203","2025-01-07","grocery","5673.54","br","manual_keyed","cad"
"4025","8533","12043","6284","2025-10-12","digital_services","4142.38","mx","contactless","eur"
"4026","14823","1873","1397","2025-08-10","digital_services","2038.96","br","ecommerce","usd"
"4027","2017","19669","4569","2025-04-25","gaming","5342.62","mx","contactless","gbp"
"4028","5906","4878","3308","2025-09-20","travel","8396.85","ae","chip","gbp"
"4029","17358","22659","11494","2025-09-21","digital_services","7119.26","us","contactless","cad"
"4030","1033","18948","11030","2025-01-31","jewelry","2927.43","fr","wallet","eur"
"4031","4229","12847","8980","2025-01-08","jewelry","279.31","ae","ecommerce","usd"
"4032","386","5131","11148","2025-02-16","jewelry","3871.44","br","wallet","cad"
"4033","17755","20485","9421","2025-08-26","jewelry","5952.48","ae","ecommerce","gbp"
"4034","13458","10507","11967","2025-07-02","jewelry","8273.66","us","contactless","usd"
"4035","17664","10564","175","2025-11-09","jewelry","3154.0","mx","wallet","cad"
"4036","2021","6686","4152","2025-03-21","jewelry","3805.1","sg","wallet","usd"
"4037","9611","1621","14427","2025-12-05","travel","5878.96","fr","chip","eur"
"4038","5784","10344","12460","2025-06-19","gaming","2927.02","uk","chip","cad"
"4039","2568","6032","5686","2025-01-05","fuel","2635.74","uk","manual_keyed","eur"
"4040","14523","5572","1697","2025-05-22","grocery","6305.19","br","contactless","usd"
"4041","11233","4483","2637","2025-06-26","travel","3060.77","uk","contactless","cad"
"4042","2354","16780","3709","2025-07-01","fuel","2146.55","fr","wallet","cad"
"4043","15482","11950","2903","2025-08-01","gaming","2715.36","fr","ecommerce","eur"
"4044","9367","5604","896","2025-11-03","electronics","7101.0","fr","manual_keyed","cad"
"4045","14310","18314","3645","2025-09-18","cash_advance","6607.58","mx","manual_keyed","usd"
"4046","15353","13521","188","2025-03-25","fuel","5178.36","mx","ecommerce","usd"
"4047","2938","23848","14549","2025-04-03","fuel","3529.06","ae","contactless","gbp"
"4048","14299","12170","13765","2025-03-06","electronics","4440.95","de","chip","usd"
"4049","8792","2524","13057","2025-03-29","electronics","3045.18","mx","ecommerce","usd"
"4050","6161","7952","12686","2025-10-02","fuel","6861.31","de","manual_keyed","usd"
"4051","4484","19293","9159","2025-03-16","fuel","7521.18","ae","wallet","gbp"
"4052","4788","12325","1206","2025-03-28","grocery","9105.74","mx","manual_keyed","eur"
"4053","10696","8550","11214","2025-05-10","cash_advance","9420.43","br","wallet","eur"
"4054","6461","11974","4207","2025-03-02","jewelry","2895.86","mx","wallet","usd"
"4055","4544","24245","448","2025-11-21","fuel","7540.97","br","manual_keyed","cad"
"4056","17503","6360","4130","2025-08-17","gaming","9123.04","de","wallet","cad"
"4057","17326","7104","8248","2025-09-03","fuel","2076.48","us","contactless","gbp"
"4058","12289","23263","3051","2025-03-04","electronics","2184.14","uk","ecommerce","usd"
"4059","9538","15649","1475","2025-08-19","jewelry","1939.94","us","ecommerce","usd"
"4060","16194","20504","652","2025-04-22","cash_advance","2557.63","de","ecommerce","cad"
"4061","2319","10570","8083","2025-07-13","jewelry","2458.88","sg","ecommerce","usd"
"4062","16087","21759","4554","2025-06-07","jewelry","3604.12","ae","chip","eur"
"4063","16582","4149","5250","2025-07-22","fuel","8344.62","de","ecommerce","usd"
"4064","12903","6400","3551","2025-09-26","cash_advance","8554.11","br","manual_keyed","gbp"
"4065","6678","21037","494","2025-09-25","travel","9498.41","fr","manual_keyed","eur"
"4066","2569","17567","6452","2025-07-25","cash_advance","4502.95","br","manual_keyed","eur"
"4067","2194","9194","4236","2025-09-25","cash_advance","3508.26","mx","manual_keyed","usd"
"4068","8664","1221","9762","2025-11-07","gaming","9199.79","ae","manual_keyed","gbp"
"4069","11833","19543","847","2025-07-10","jewelry","7797.53","fr","contactless","usd"
"4070","7011","22424","12480","2025-12-01","travel","2007.65","br","chip","usd"
"4071","13502","6091","4199","2025-08-10","grocery","5920.79","mx","manual_keyed","usd"
"4072","8758","3710","10507","2025-08-20","digital_services","8004.87","us","chip","usd"
"4073","6369","15269","14528","2025-02-06","digital_services","1844.21","fr","ecommerce","usd"
"4074","17284","15426","8559","2025-09-14","grocery","4038.35","mx","chip","gbp"
"4075","16787","18035","8796","2025-05-27","electronics","2305.48","mx","wallet","eur"
"4076","1247","16848","8028","2025-12-18","grocery","8186.67","sg","ecommerce","eur"
"4077","14261","11224","4067","2025-09-04","cash_advance","181.79","fr","contactless","gbp"
"4078","6424","11618","11032","2025-12-18","digital_services","7145.54","mx","ecommerce","usd"
"4079","12492","21165","13487","2025-09-14","digital_services","4171.37","de","wallet","eur"
"4080","12411","17917","11166","2025-10-17","digital_services","4231.43","de","manual_keyed","eur"
"4081","9223","3158","1245","2025-10-03","travel","4172.7","de","manual_keyed","cad"
"4082","12726","23422","13224","2025-12-01","travel","5582.07","sg","wallet","gbp"
"4083","17453","3443","8655","2025-02-18","digital_services","2075.71","ae","ecommerce","eur"
"4084","3262","5977","670","2025-04-19","travel","3525.33","mx","manual_keyed","cad"
"4085","12807","1675","11243","2025-05-20","grocery","2945.94","de","wallet","cad"
"4086","14781","17219","3874","2025-02-07","electronics","4771.51","de","contactless","eur"
"4087","5520","1529","8432","2025-03-08","jewelry","5488.18","fr","ecommerce","usd"
"4088","11808","15787","12021","2025-08-27","fuel","8869.75","mx","manual_keyed","eur"
"4089","319","11217","8481","2025-05-05","cash_advance","6440.61","mx","chip","cad"
"4090","13307","21281","2012","2025-05-30","digital_services","7756.24","fr","chip","usd"
"4091","14559","8265","13602","2025-12-08","gaming","8703.7","ae","manual_keyed","cad"
"4092","17051","6153","3664","2025-05-05","digital_services","3994.56","de","wallet","gbp"
"4093","634","12169","14606","2025-06-13","grocery","2878.43","br","contactless","gbp"
"4094","4501","5907","1498","2025-02-08","electronics","3492.22","ae","contactless","usd"
"4095","11829","8268","3496","2025-03-26","electronics","1410.94","fr","ecommerce","eur"
"4096","5340","15455","1928","2025-11-08","electronics","9203.62","fr","manual_keyed","eur"
"4097","6148","4663","7005","2025-05-15","travel","7156.21","sg","wallet","eur"
"4098","926","20215","12572","2025-01-10","travel","7814.06","uk","ecommerce","usd"
"4099","5275","21323","91","2025-06-10","grocery","790.85","ae","manual_keyed","usd"
"4100","8335","23294","12059","2025-05-19","travel","3434.79","mx","contactless","usd"
"4101","4234","453","6458","2025-11-16","cash_advance","7949.52","mx","manual_keyed","gbp"
"4102","4013","19956","4489","2025-08-15","cash_advance","8850.66","ae","ecommerce","gbp"
"4103","7446","21689","3246","2025-02-05","fuel","832.6","ae","chip","usd"
"4104","2194","2222","7249","2025-04-23","digital_services","2309.59","br","manual_keyed","gbp"
"4105","10154","7020","5508","2025-11-18","grocery","2939.98","sg","ecommerce","gbp"
"4106","7269","9799","3228","2025-02-10","cash_advance","8650.72","mx","contactless","gbp"
"4107","550","20809","9097","2025-06-04","cash_advance","6184.86","de","ecommerce","usd"
"4108","11694","15112","337","2025-03-30","cash_advance","7355.35","sg","manual_keyed","eur"
"4109","994","697","4534","2025-05-03","fuel","1654.37","mx","ecommerce","gbp"
"4110","6257","12704","9571","2025-01-17","jewelry","109.41","fr","manual_keyed","eur"
"4111","1263","17126","9354","2025-11-02","gaming","6620.9","ae","contactless","gbp"
"4112","14067","4103","3751","2025-05-26","electronics","6284.05","sg","chip","gbp"
"4113","10831","9986","9176","2025-01-21","jewelry","6263.03","br","wallet","eur"
"4114","14797","10673","3350","2025-10-13","jewelry","3208.86","ae","contactless","usd"
"4115","16251","7825","12156","2025-10-17","electronics","6242.65","fr","chip","gbp"
"4116","9534","14543","3317","2025-12-18","gaming","1373.37","mx","contactless","eur"
"4117","15983","13379","13497","2025-10-10","travel","8093.55","sg","manual_keyed","eur"
"4118","5706","15119","10479","2025-06-28","electronics","1775.78","br","wallet","usd"
"4119","17171","18061","8088","2025-06-19","jewelry","6041.5","sg","ecommerce","gbp"
"4120","3144","19519","7494","2025-11-21","gaming","4338.6","ae","ecommerce","gbp"
"4121","7114","12910","8018","2025-01-26","gaming","3108.0","de","wallet","eur"
"4122","17468","21290","9105","2025-08-23","fuel","630.85","ae","wallet","usd"
"4123","10690","23646","1789","2025-05-01","grocery","1056.24","ae","manual_keyed","usd"
"4124","10680","23194","6310","2025-07-11","electronics","5963.31","uk","chip","gbp"
"4125","7035","18248","12729","2025-11-30","grocery","8698.97","us","contactless","usd"
"4126","7505","10055","2290","2025-10-22","electronics","5001.97","de","chip","eur"
"4127","8039","6809","3611","2025-04-10","travel","5097.0","us","wallet","eur"
"4128","17221","8223","9582","2025-06-10","jewelry","5693.67","sg","chip","gbp"
"4129","5984","15766","2545","2025-09-14","travel","4282.3","br","wallet","eur"
"4130","10658","17724","1984","2025-12-10","electronics","4404.17","sg","chip","usd"
"4131","13852","21077","2442","2025-11-12","cash_advance","463.32","uk","contactless","gbp"
"4132","1721","22659","1231","2025-12-04","cash_advance","5170.66","uk","contactless","usd"
"4133","16088","1241","3319","2025-02-14","travel","4797.53","us","wallet","cad"
"4134","3071","18253","14584","2025-11-30","jewelry","8335.01","de","manual_keyed","cad"
"4135","1889","15999","4374","2025-12-12","electronics","9387.89","ae","wallet","eur"
"4136","7749","16254","3199","2025-05-04","digital_services","6124.44","sg","contactless","cad"
"4137","985","5769","8419","2025-06-23","fuel","8972.91","ae","wallet","eur"
"4138","5531","13119","12743","2025-04-22","jewelry","5452.27","br","manual_keyed","cad"
"4139","17585","8953","8507","2025-07-08","digital_services","537.94","uk","manual_keyed","cad"
"4140","4455","21670","1962","2025-12-14","grocery","5592.37","uk","contactless","eur"
"4141","16234","8347","14107","2025-11-19","gaming","5353.55","ae","ecommerce","eur"
"4142","14616","7846","12486","2025-04-30","fuel","2355.05","uk","manual_keyed","gbp"
"4143","6764","12151","13457","2025-12-19","digital_services","6741.86","br","contactless","cad"
"4144","6811","1727","4966","2025-02-17","grocery","6615.08","de","ecommerce","gbp"
"4145","110","1230","12372","2025-02-06","fuel","1962.9","uk","ecommerce","gbp"
"4146","3941","2849","3063","2025-06-30","jewelry","8261.94","fr","manual_keyed","gbp"
"4147","3696","3639","11381","2025-09-17","fuel","1779.59","us","manual_keyed","eur"
"4148","8479","8126","8643","2025-11-27","jewelry","8627.28","mx","contactless","gbp"
"4149","8549","23980","10761","2025-08-23","digital_services","377.86","uk","contactless","cad"
"4150","16503","5532","6997","2025-07-14","gaming","1909.08","br","contactless","cad"
"4151","5845","8746","10389","2025-11-09","digital_services","9019.49","ae","contactless","gbp"
"4152","17517","21777","13662","2025-01-20","grocery","4145.11","us","wallet","gbp"
"4153","14540","14913","12035","2025-05-26","travel","7433.07","de","contactless","usd"
"4154","14666","13955","9143","2025-02-07","jewelry","5871.62","de","chip","cad"
"4155","17204","1542","12947","2025-09-19","travel","7914.0","mx","ecommerce","gbp"
"4156","1333","21547","12865","2025-08-15","electronics","597.43","br","manual_keyed","cad"
"4157","8953","13673","8561","2025-10-31","electronics","3384.28","ae","ecommerce","eur"
"4158","2885","11764","8686","2025-10-21","digital_services","1271.75","uk","chip","eur"
"4159","6335","22649","3323","2025-01-06","cash_advance","3979.64","sg","contactless","eur"
"4160","15847","11405","10025","2025-07-06","cash_advance","6137.28","sg","ecommerce","eur"
"4161","8912","18895","4482","2025-12-03","cash_advance","7487.6","us","contactless","cad"
"4162","3220","20050","523","2025-12-11","gaming","524.06","sg","ecommerce","cad"
"4163","54","18519","12585","2025-11-04","grocery","8808.14","sg","wallet","cad"
"4164","11139","12201","2127","2025-02-05","cash_advance","5187.68","us","ecommerce","cad"
"4165","7697","7799","469","2025-09-24","fuel","9304.34","uk","contactless","usd"
"4166","3664","14508","3802","2025-07-06","travel","152.28","mx","manual_keyed","eur"
"4167","6617","15652","5950","2025-07-04","fuel","4710.63","mx","chip","eur"
"4168","4490","11186","3652","2025-02-18","electronics","4669.42","sg","manual_keyed","usd"
"4169","8228","6144","13249","2025-03-20","grocery","1586.0","uk","contactless","eur"
"4170","17584","23592","487","2025-11-15","digital_services","5687.56","fr","contactless","eur"
"4171","10039","14506","11011","2025-12-30","electronics","2383.02","uk","chip","cad"
"4172","8696","478","3520","2025-03-10","electronics","1887.26","br","chip","cad"
"4173","11440","7562","12596","2025-09-12","electronics","669.53","br","manual_keyed","gbp"
"4174","17794","23565","10615","2025-09-30","digital_services","1790.56","mx","ecommerce","usd"
"4175","11478","22935","13847","2025-02-21","jewelry","3806.57","mx","chip","eur"
"4176","8765","8095","10934","2025-12-26","digital_services","120.22","fr","wallet","eur"
"4177","5689","618","968","2025-03-04","jewelry","5232.27","sg","wallet","cad"
"4178","10023","9557","2394","2025-12-25","jewelry","146.65","mx","wallet","cad"
"4179","2890","19566","4392","2025-01-29","fuel","2885.96","de","wallet","gbp"
"4180","14419","21509","2654","2025-08-30","electronics","5034.29","br","contactless","eur"
"4181","2167","7849","8147","2025-09-03","grocery","3657.9","br","manual_keyed","eur"
"4182","14773","4951","2745","2025-06-06","gaming","7037.89","fr","ecommerce","gbp"
"4183","3879","13662","11999","2025-08-29","travel","7596.31","mx","contactless","gbp"
"4184","14958","23094","10081","2025-08-20","electronics","3241.39","mx","contactless","eur"
"4185","15608","7725","9037","2025-09-19","gaming","5502.59","br","wallet","usd"
"4186","17758","12666","1987","2025-11-28","electronics","2335.79","uk","ecommerce","usd"
"4187","3229","2515","3944","2025-09-06","cash_advance","5227.28","uk","chip","gbp"
"4188","10192","12418","11606","2025-04-30","cash_advance","5910.76","de","manual_keyed","cad"
"4189","8318","5818","5116","2025-08-06","cash_advance","5382.02","fr","manual_keyed","eur"
"4190","7898","12569","12412","2025-04-14","digital_services","180.54","mx","chip","eur"
"4191","1666","8386","4641","2025-10-07","gaming","2082.06","mx","chip","eur"
"4192","12647","493","640","2025-07-11","cash_advance","8565.49","mx","ecommerce","usd"
"4193","5157","3558","7682","2025-05-02","electronics","6771.43","fr","chip","eur"
"4194","6192","23462","9993","2025-12-16","cash_advance","2077.0","fr","manual_keyed","cad"
"4195","17682","2706","8920","2025-04-09","cash_advance","2549.97","uk","contactless","cad"
"4196","14042","5748","3821","2025-09-20","digital_services","6609.78","br","ecommerce","eur"
"4197","9407","9366","1276","2025-06-15","cash_advance","9032.78","mx","wallet","cad"
"4198","2297","13439","9773","2025-06-06","cash_advance","637.65","uk","ecommerce","usd"
"4199","4273","7830","5919","2025-09-11","grocery","6697.89","mx","manual_keyed","usd"
"4200","10988","7923","11429","2025-08-07","grocery","2988.0","ae","wallet","gbp"
"4201","3019","4458","1718","2025-07-30","fuel","2333.82","de","manual_keyed","gbp"
"4202","11895","3086","5419","2025-07-10","cash_advance","1746.73","br","wallet","gbp"
"4203","16851","21776","9366","2025-06-22","gaming","2693.45","sg","wallet","cad"
"4204","1790","21629","5452","2025-12-21","grocery","5618.42","fr","contactless","eur"
"4205","10781","22838","7968","2025-07-09","fuel","296.08","us","chip","usd"
"4206","11373","7569","5509","2025-02-05","jewelry","8751.55","mx","wallet","usd"
"4207","7865","14183","2758","2025-01-04","fuel","3543.96","ae","ecommerce","usd"
"4208","2311","897","5405","2025-11-12","fuel","18.63","br","ecommerce","usd"
"4209","17110","10460","321","2025-01-14","digital_services","2365.05","fr","chip","eur"
"4210","15301","9584","14272","2025-04-06","travel","1954.46","br","manual_keyed","cad"
"4211","15942","8020","6073","2025-10-07","travel","5959.82","sg","ecommerce","gbp"
"4212","13517","4896","2889","2025-09-18","gaming","602.93","fr","contactless","usd"
"4213","12572","5737","10234","2025-07-04","cash_advance","5175.44","sg","wallet","cad"
"4214","12087","132","10479","2025-07-06","fuel","9464.67","ae","chip","eur"
"4215","1695","12145","7025","2025-04-16","gaming","8839.98","de","wallet","cad"
"4216","14007","9899","9981","2025-10-22","jewelry","3896.34","us","contactless","eur"
"4217","4524","11654","10277","2025-03-25","grocery","8536.93","us","contactless","eur"
"4218","10146","20474","2331","2025-03-07","electronics","607.99","de","ecommerce","gbp"
"4219","4778","1609","13299","2025-12-19","jewelry","7181.47","uk","wallet","usd"
"4220","8012","14908","4754","2025-01-30","cash_advance","8336.15","de","wallet","eur"
"4221","723","13128","6489","2025-09-25","gaming","4566.25","sg","wallet","gbp"
"4222","1578","11950","2074","2025-02-10","gaming","6645.86","fr","wallet","eur"
"4223","17847","19126","12593","2025-10-02","fuel","8531.69","ae","ecommerce","gbp"
"4224","10772","12481","4768","2025-06-02","grocery","7835.5","us","wallet","cad"
"4225","3606","16181","1240","2025-11-29","fuel","9143.51","ae","contactless","gbp"
"4226","11824","18763","6841","2025-06-28","electronics","6802.9","fr","ecommerce","usd"
"4227","3270","12696","1799","2025-10-08","jewelry","6743.07","br","ecommerce","eur"
"4228","10245","4926","12630","2025-03-08","digital_services","948.24","fr","contactless","cad"
"4229","1216","21493","11488","2025-08-21","jewelry","8882.51","us","contactless","gbp"
"4230","17219","23392","6505","2025-01-02","fuel","3553.89","de","manual_keyed","eur"
"4231","14856","11997","10851","2025-04-13","gaming","9109.9","us","chip","cad"
"4232","7267","7397","13317","2025-10-16","fuel","5333.51","fr","chip","usd"
"4233","13177","11370","1156","2025-09-14","jewelry","7818.21","ae","manual_keyed","gbp"
"4234","17867","16961","4877","2025-01-11","travel","8329.4","us","wallet","usd"
"4235","15733","13906","2152","2025-12-09","electronics","7979.86","sg","ecommerce","usd"
"4236","6392","18034","6549","2025-06-15","gaming","7248.41","sg","wallet","cad"
"4237","7720","23379","11105","2025-03-18","cash_advance","814.77","mx","ecommerce","cad"
"4238","10717","22220","13039","2025-09-02","digital_services","208.08","fr","chip","usd"
"4239","378","21989","10025","2025-03-28","travel","399.4","mx","contactless","usd"
"4240","1949","23466","337","2025-09-19","electronics","1607.32","mx","ecommerce","cad"
"4241","10945","17383","2781","2025-11-30","electronics","692.33","us","chip","eur"
"4242","7216","20980","13946","2025-09-03","digital_services","5920.16","fr","contactless","usd"
"4243","4563","499","12902","2025-05-20","jewelry","781.92","uk","manual_keyed","eur"
"4244","12501","21454","9485","2025-02-01","grocery","1697.85","us","contactless","eur"
"4245","11000","1429","171","2025-09-25","digital_services","9396.03","de","manual_keyed","usd"
"4246","9475","16419","12217","2025-11-19","gaming","1407.38","uk","chip","gbp"
"4247","9069","21831","6092","2025-04-05","travel","8185.9","sg","wallet","eur"
"4248","7710","16609","12722","2025-06-05","travel","7049.63","de","chip","usd"
"4249","6127","8829","7820","2025-05-05","cash_advance","7113.1","br","contactless","eur"
"4250","5067","16308","3890","2025-05-17","grocery","7074.76","de","chip","usd"
"4251","13228","19829","2870","2025-01-07","travel","5174.98","mx","ecommerce","cad"
"4252","17792","6610","5103","2025-06-12","grocery","5423.11","ae","manual_keyed","eur"
"4253","10636","23340","5268","2025-07-30","fuel","7740.82","de","manual_keyed","usd"
"4254","7090","7627","785","2025-12-06","jewelry","8774.89","sg","contactless","usd"
"4255","3345","8171","4731","2025-10-31","gaming","2.35","us","wallet","cad"
"4256","16125","1954","11383","2025-06-05","electronics","4208.74","ae","ecommerce","usd"
"4257","2492","12813","6938","2025-04-26","travel","960.26","br","manual_keyed","usd"
"4258","804","23734","10794","2025-05-14","fuel","2643.41","de","wallet","gbp"
"4259","14022","20546","4092","2025-12-08","digital_services","7808.76","br","chip","gbp"
"4260","6811","22336","13773","2025-06-25","travel","4843.9","fr","ecommerce","gbp"
"4261","12526","974","1259","2025-07-13","cash_advance","7744.39","sg","contactless","eur"
"4262","10242","19030","13998","2025-12-24","digital_services","3653.24","fr","manual_keyed","usd"
"4263","16444","2975","8646","2025-10-10","gaming","6876.07","fr","ecommerce","cad"
"4264","15439","13348","8927","2025-05-16","gaming","1160.98","br","wallet","usd"
"4265","5337","22650","13266","2025-10-20","grocery","3331.36","ae","ecommerce","eur"
"4266","6698","2901","12750","2025-05-03","gaming","3073.72","mx","ecommerce","gbp"
"4267","15455","19909","6399","2025-10-04","jewelry","4348.55","de","wallet","gbp"
"4268","7411","18388","4235","2025-11-21","travel","4385.59","fr","manual_keyed","gbp"
"4269","13245","17711","14600","2025-10-13","jewelry","8626.53","uk","wallet","gbp"
"4270","9281","3001","10518","2025-05-28","fuel","2265.69","mx","ecommerce","cad"
"4271","4666","3415","1745","2025-09-14","fuel","2033.53","de","chip","eur"
"4272","11310","12607","6405","2025-06-02","fuel","6033.6","uk","wallet","usd"
"4273","16549","815","7699","2025-09-15","grocery","4270.76","sg","manual_keyed","usd"
"4274","8356","22280","1994","2025-04-12","digital_services","2313.9","us","contactless","cad"
"4275","7890","3353","14624","2025-06-02","gaming","5557.85","us","ecommerce","usd"
"4276","2711","24256","5036","2025-06-19","fuel","2862.05","fr","chip","eur"
"4277","5426","15366","8656","2025-01-08","cash_advance","316.28","sg","chip","gbp"
"4278","17598","7991","13332","2025-03-10","jewelry","3184.98","sg","manual_keyed","usd"
"4279","17129","5300","9175","2025-06-10","digital_services","268.94","us","ecommerce","usd"
"4280","4594","1169","12956","2025-01-01","cash_advance","7590.17","ae","contactless","usd"
"4281","3493","9844","6417","2025-12-21","travel","8905.45","fr","manual_keyed","cad"
"4282","1356","5391","945","2025-06-02","travel","505.64","br","manual_keyed","gbp"
"4283","12395","5051","7903","2025-08-18","electronics","3735.72","sg","manual_keyed","gbp"
"4284","14058","15221","5533","2025-12-24","jewelry","1792.58","sg","manual_keyed","usd"
"4285","12866","16814","14319","2025-07-10","digital_services","9498.42","br","chip","gbp"
"4286","4949","4422","12387","2025-04-20","fuel","5751.25","de","contactless","usd"
"4287","6686","16089","6919","2025-09-04","cash_advance","1345.38","uk","wallet","gbp"
"4288","11733","4374","1692","2025-05-03","grocery","8318.46","ae","wallet","eur"
"4289","4284","5365","12391","2025-12-18","fuel","5272.31","uk","manual_keyed","gbp"
"4290","12415","3721","11545","2025-02-14","digital_services","2504.37","br","contactless","cad"
"4291","1786","16049","5797","2025-07-25","jewelry","2105.93","de","ecommerce","eur"
"4292","9873","4371","1759","2025-06-13","gaming","8673.74","sg","contactless","cad"
"4293","8817","20055","2005","2025-05-14","fuel","9127.87","ae","manual_keyed","eur"
"4294","16358","22965","9796","2025-08-23","gaming","7036.72","mx","ecommerce","gbp"
"4295","10438","20545","10892","2025-01-09","jewelry","7854.99","br","manual_keyed","gbp"
"4296","4758","14848","4350","2025-03-31","travel","2246.69","sg","manual_keyed","eur"
"4297","12569","11480","14015","2025-11-28","digital_services","7000.82","br","contactless","eur"
"4298","2239","20949","14517","2025-02-18","grocery","412.5","fr","ecommerce","cad"
"4299","2915","15988","2294","2025-09-27","grocery","1589.68","br","contactless","eur"
"4300","3891","1643","12673","2025-08-24","grocery","3614.75","mx","manual_keyed","cad"
"4301","7581","9765","3324","2025-10-20","grocery","1589.11","de","contactless","cad"
"4302","564","18331","5916","2025-04-26","fuel","1829.27","us","wallet","eur"
"4303","2864","24207","1000","2025-12-02","jewelry","23.88","de","chip","cad"
"4304","528","14234","6376","2025-04-03","grocery","8171.67","us","wallet","cad"
"4305","13795","21289","7140","2025-12-17","travel","5310.09","us","manual_keyed","cad"
"4306","10997","824","698","2025-06-07","jewelry","9099.32","mx","manual_keyed","cad"
"4307","14422","18936","13510","2025-12-14","grocery","3661.34","sg","chip","usd"
"4308","5536","9962","14669","2025-04-20","fuel","3933.24","uk","ecommerce","eur"
"4309","14131","22340","3100","2025-11-26","grocery","3364.69","de","wallet","gbp"
"4310","11721","16806","7725","2025-09-08","fuel","355.71","br","manual_keyed","usd"
"4311","2133","7816","4342","2025-03-29","grocery","2693.32","us","chip","gbp"
"4312","6499","3206","8013","2025-12-21","electronics","913.65","br","manual_keyed","cad"
"4313","10767","23834","3408","2025-08-20","jewelry","1802.46","uk","contactless","eur"
"4314","3120","21782","13301","2025-08-15","digital_services","4167.87","sg","contactless","eur"
"4315","4003","23115","425","2025-10-22","digital_services","8522.17","uk","ecommerce","eur"
"4316","14526","24166","1642","2025-01-07","digital_services","7829.93","mx","chip","usd"
"4317","8857","13681","5786","2025-05-23","grocery","8715.01","fr","manual_keyed","cad"
"4318","4498","6830","7392","2025-11-20","cash_advance","5893.34","us","contactless","cad"
"4319","8039","6723","9065","2025-10-19","gaming","3353.86","sg","manual_keyed","gbp"
"4320","15979","15045","1970","2025-06-04","jewelry","3678.64","fr","manual_keyed","usd"
"4321","6893","15765","9063","2025-02-26","travel","4472.07","sg","ecommerce","cad"
"4322","6149","13611","10422","2025-02-04","electronics","6160.57","fr","wallet","eur"
"4323","2078","22586","9925","2025-10-25","fuel","3679.13","ae","contactless","gbp"
"4324","14070","9340","7517","2025-06-11","travel","7239.45","br","contactless","eur"
"4325","5299","8433","12200","2025-09-21","gaming","5930.14","ae","contactless","gbp"
"4326","17782","19417","3558","2025-01-24","electronics","4567.65","fr","contactless","usd"
"4327","3300","2762","13572","2025-09-01","electronics","7513.82","uk","ecommerce","cad"
"4328","8660","15503","9446","2025-02-10","gaming","7748.88","uk","wallet","usd"
"4329","3690","19403","878","2025-02-26","digital_services","7363.18","mx","ecommerce","usd"
"4330","15422","3085","8785","2025-03-29","grocery","191.41","mx","contactless","eur"
"4331","15508","21889","2346","2025-01-02","fuel","4552.62","br","chip","gbp"
"4332","13821","21392","9140","2025-08-16","fuel","1407.45","ae","manual_keyed","eur"
"4333","7657","5284","14323","2025-06-28","jewelry","8600.37","ae","ecommerce","usd"
"4334","6363","4823","10069","2025-11-12","travel","6359.97","us","manual_keyed","eur"
"4335","4300","10899","5854","2025-07-03","cash_advance","4474.02","ae","contactless","usd"
"4336","4650","6997","1652","2025-04-01","cash_advance","7669.6","mx","wallet","gbp"
"4337","8525","4510","9944","2025-07-31","digital_services","7005.68","ae","wallet","gbp"
"4338","14632","20035","11976","2025-04-18","electronics","7389.02","uk","wallet","gbp"
"4339","4131","16579","10874","2025-02-06","digital_services","4748.95","ae","manual_keyed","gbp"
"4340","12249","10271","7424","2025-06-04","gaming","7552.5","uk","ecommerce","usd"
"4341","17344","18822","13886","2025-12-21","fuel","1116.52","de","contactless","cad"
"4342","14689","8844","5437","2025-08-08","jewelry","4538.59","de","ecommerce","usd"
"4343","948","22798","1733","2025-07-01","fuel","5646.53","br","chip","usd"
"4344","9871","11611","2262","2025-12-24","gaming","3498.01","ae","wallet","gbp"
"4345","10947","24270","4033","2025-06-14","gaming","3820.64","us","chip","cad"
"4346","7899","1680","11181","2025-05-22","jewelry","6139.9","sg","contactless","eur"
"4347","13876","7778","1990","2025-04-22","digital_services","6803.82","mx","wallet","gbp"
"4348","17102","21962","11802","2025-12-27","gaming","965.55","br","wallet","gbp"
"4349","9471","18687","1124","2025-03-28","cash_advance","2467.34","mx","contactless","cad"
"4350","14747","6904","1570","2025-11-03","jewelry","2752.86","ae","contactless","usd"
"4351","17362","15978","10613","2025-11-24","gaming","358.26","us","chip","gbp"
"4352","12814","4116","595","2025-09-12","cash_advance","1662.99","de","contactless","eur"
"4353","17063","22833","495","2025-08-02","jewelry","1068.21","fr","wallet","gbp"
"4354","11282","8059","6041","2025-06-08","gaming","2644.25","br","wallet","gbp"
"4355","15212","17342","10866","2025-01-29","digital_services","8915.54","mx","contactless","cad"
"4356","7135","648","13706","2025-08-02","fuel","8861.96","sg","contactless","eur"
"4357","12842","7479","5001","2025-01-26","electronics","1243.69","de","contactless","eur"
"4358","8360","21646","10591","2025-04-18","fuel","8975.27","mx","chip","gbp"
"4359","3967","11978","4133","2025-08-24","digital_services","7165.17","ae","contactless","cad"
"4360","7925","11356","11224","2025-05-23","fuel","972.85","mx","ecommerce","eur"
"4361","7894","23239","7127","2025-11-13","travel","3239.27","br","contactless","usd"
"4362","8475","4834","8456","2025-10-06","jewelry","2831.95","ae","manual_keyed","usd"
"4363","4839","16680","11035","2025-05-28","digital_services","781.04","us","manual_keyed","eur"
"4364","4665","20839","3727","2025-07-29","electronics","200.22","us","manual_keyed","eur"
"4365","2332","3977","10458","2025-09-28","cash_advance","7627.78","fr","chip","usd"
"4366","2936","3569","5676","2025-07-07","fuel","8173.34","fr","ecommerce","usd"
"4367","7804","23102","2891","2025-04-26","grocery","6408.02","de","ecommerce","eur"
"4368","14350","19479","11515","2025-07-05","fuel","8830.76","br","ecommerce","cad"
"4369","17373","12153","5379","2025-06-09","digital_services","7159.72","sg","contactless","gbp"
"4370","4394","6628","8306","2025-03-26","digital_services","4565.38","sg","contactless","cad"
"4371","8058","18656","9040","2025-10-29","jewelry","8487.1","us","wallet","usd"
"4372","7631","16544","8397","2025-01-20","electronics","8721.5","br","wallet","gbp"
"4373","6300","20401","2514","2025-04-05","digital_services","6693.41","fr","manual_keyed","eur"
"4374","7488","3464","1366","2025-11-04","travel","5935.44","br","ecommerce","cad"
"4375","14832","985","8046","2025-01-23","digital_services","671.83","us","ecommerce","gbp"
"4376","6601","11156","6190","2025-05-29","jewelry","7665.15","fr","manual_keyed","usd"
"4377","6677","10602","3726","2025-11-20","digital_services","4951.04","fr","manual_keyed","gbp"
"4378","8448","13907","13876","2025-07-28","cash_advance","5059.71","de","manual_keyed","gbp"
"4379","6008","2181","12114","2025-04-29","jewelry","8897.51","mx","contactless","usd"
"4380","10460","2453","1843","2025-11-29","fuel","5751.06","de","chip","usd"
"4381","9253","7224","9494","2025-06-18","gaming","2460.05","de","wallet","usd"
"4382","7347","17909","6","2025-08-22","electronics","9016.49","fr","contactless","usd"
"4383","4431","6963","13600","2025-06-14","electronics","3253.03","de","contactless","gbp"
"4384","12313","10599","12592","2025-12-06","fuel","83.44","de","contactless","cad"
"4385","8034","14975","5743","2025-04-08","fuel","4753.27","fr","chip","cad"
"4386","5176","855","9400","2025-03-26","jewelry","3266.71","mx","wallet","gbp"
"4387","10371","21408","12336","2025-12-26","fuel","1732.52","sg","contactless","cad"
"4388","7953","6025","1473","2025-05-19","digital_services","1348.77","de","contactless","eur"
"4389","15293","19184","13671","2025-11-21","cash_advance","7288.74","fr","wallet","cad"
"4390","3525","813","5018","2025-07-30","grocery","6703.79","mx","contactless","eur"
"4391","6601","3490","2573","2025-01-07","jewelry","5573.47","uk","contactless","cad"
"4392","15946","2053","4228","2025-08-22","gaming","8960.1","fr","manual_keyed","gbp"
"4393","17642","16393","8373","2025-07-23","electronics","3149.08","sg","ecommerce","gbp"
"4394","12068","5362","8404","2025-04-18","electronics","4416.65","uk","manual_keyed","gbp"
"4395","4884","20717","3110","2025-02-08","grocery","6005.83","ae","chip","gbp"
"4396","2463","4776","8968","2025-12-24","travel","9111.56","ae","ecommerce","usd"
"4397","8387","7085","2003","2025-07-05","jewelry","3706.56","ae","manual_keyed","eur"
"4398","17407","866","5546","2025-08-14","travel","5270.62","ae","wallet","gbp"
